Protein IDs	Stg1_1	Stg1_2	Stg1_3	Stg1_4	Stg1_5	Stg2_1	Stg2_2	Stg2_3	Stg2_4	Stg3_1	Stg3_2	Stg3_3	Stg3_4	Stg3_5	Stg4_1	Stg4_2	Stg4_3	Stg4_4	Stg4_5	Stg5_1	Stg5_2	Stg5_3	Stg5_4	Stg5_5
NP_001267607.1	25.17443848	25.16836739	26.10311508	25.05519295	25.34397697	25.89351654	25.52070236	24.77565193	25.95033646	25.88369179	24.62522316	25.0230999	24.45431519	24.46307564	25.05978012	25.0507164	23.17602921	23.93634033	24.03531837	25.30215073	25.25886154	23.70038795	24.621315	24.50057411
XP_004600167.1	20.0050602	19.02706337	21.67253876	21.70775604	20.0160408	20.22488785	21.74061203	20.67253876	19.03855705	21.2934494	21.88170052	22.18019485	22.5311718	19.31505775	20.91108131	19.88445282	18.85125732	19.65542984	21.84226227	18.67522812	21.28697968	21.49501991	22.16527176	21.65761566
XP_004600176.2;XP_055002336.1;XP_055002353.1;XP_055002348.1	20.45813751	20.58472061	18.82885551	21.37214851	20.48983574	19.97281075	20.82073021	20.30184364	20.17657661	19.58658981	21.51979828	21.20961189	20.09687042	19.45702934	20.38858414	20.22305489	20.33276176	19.5531311	19.79390526	19.67226219	20.59623337	21.37771797	22.01597214	19.46662521
XP_004600193.1	23.7929287	23.20597839	23.63754654	23.86589622	23.59662056	23.75103188	23.40444565	24.17592239	24.3925724	24.42815781	24.2731266	23.51881409	23.54392052	23.65097046	23.96066856	23.80872345	22.89474678	22.73890305	23.75959015	24.21371269	23.62511063	24.57299805	24.46307564	23.88203621
XP_004600231.1;XP_054977911.1	25.07504272	24.69858742	25.97685814	25.71636009	25.54660225	24.0539093	25.0961132	25.67772102	25.51737213	25.08176231	25.75000954	25.98444176	26.1180687	25.23374176	25.73026657	24.64432907	24.69492722	24.57790375	25.17432404	23.38640213	24.65244865	24.81215668	26.10245514	25.37795639
XP_004600246.1	25.05283356	25.02127838	24.43828392	23.84613228	23.31299019	25.50175858	25.1590786	25.60885048	24.77001572	24.4655056	25.31658554	24.82764626	24.83638954	24.80360985	24.551157	24.19692993	24.59485626	24.85790062	24.8965683	24.19910431	24.67076874	24.3617878	24.60727119	24.72982597
XP_004600271.1;XP_055001822.1	23.81938553	22.17755127	24.36606407	24.57974625	24.2386322	23.21436501	23.46575546	23.80774117	23.59911919	23.07564735	24.15290451	23.94100571	24.22920036	22.91734314	24.32855034	23.80351067	25.36616325	23.57807732	24.13171196	23.63455772	24.47704315	24.18002701	24.73902702	24.68190765
XP_004600273.1	20.90352631	19.29083443	20.9909935	21.94931221	19.75006294	21.22834969	21.11419678	21.0297184	21.00833321	19.05822754	21.04032707	21.09261703	20.26489639	21.61714935	18.57415771	19.40751266	20.63333893	19.89294243	20.60955048	17.86894798	19.59135818	20.58899879	21.26979256	21.33352661
XP_004600278.1;XP_004600281.1	23.54085159	21.01794434	23.08060074	22.86910057	21.94460106	22.01865768	21.94424438	21.14935684	21.24126816	22.93155098	19.4098053	21.73280907	21.44101143	20.70986176	23.74970245	22.67938614	18.91543579	23.01636505	22.22025108	23.06057167	25.01762962	22.97470284	22.02810097	23.0980587
XP_004600282.1;XP_054989582.1	22.77543259	21.58219528	23.06531334	23.23160362	23.93885422	21.68778038	22.43596077	22.78733826	21.72982597	20.22646904	22.21608353	22.79722977	23.06254959	22.21948433	22.59046555	22.33862305	23.86844254	20.88576508	23.18625259	22.28045273	24.21563911	23.17214203	22.67749405	23.79322624
XP_004600287.2	26.41630363	25.03992653	25.62307549	25.86159706	25.32820702	25.85730743	26.33706665	26.50595856	26.48020554	26.37805557	26.45929527	26.20142365	26.55904388	26.19798088	25.45563316	25.39806557	25.43013763	26.284132	25.64369583	25.2828083	25.57403946	25.57224655	24.85238647	25.07948494
XP_004600295.1;XP_004600294.1;XP_004600293.1;XP_004600292.1	25.20318031	24.51273918	25.19452858	24.90967178	24.72556877	24.72228813	25.01865005	24.94172096	25.15853882	24.54657364	24.90219307	23.96269989	24.83388329	24.41506195	24.490448	24.54161835	23.63843155	24.49722672	24.28862762	24.97425652	24.30646896	24.51610947	25.02331161	24.08666992
XP_004600303.1	23.9190712	23.15291977	24.64806557	24.94163132	24.41454506	24.04743385	23.12541962	24.28418541	23.99230766	24.10533524	25.03561211	25.27700043	24.55701447	24.39813042	24.56691742	24.64812088	25.32556725	24.20090103	25.0396328	25.30392838	24.88985443	25.24129105	24.33142281	24.8601284
XP_004600311.1	20.51566505	20.87829971	21.21276283	20.20990944	19.39589119	19.00535774	21.77715874	21.02553368	22.65955353	21.40145493	20.69055367	22.36418152	20.09995461	19.84113503	20.07485199	20.70750427	22.346138	19.48064041	20.65735245	21.02931404	22.06203842	20.57782364	21.43761253	21.42705917
XP_004600326.2;XP_054995198.1	20.90646553	22.04423523	23.37172318	22.71353722	23.11013985	20.83290863	17.9983387	21.58875084	21.3824234	21.67357445	21.82508659	19.53432655	21.35670471	21.16134071	21.77695847	22.26839447	23.27113342	21.72250748	23.05912018	24.00829887	23.76121521	23.09008408	22.82766533	23.79857635
XP_054998835.1;XP_004600328.1;XP_054992409.1;XP_054983816.1	26.37049294	25.98823929	27.22811699	27.59597969	27.20601654	26.19424629	26.26708412	26.67397881	26.12819481	26.20517731	26.92840958	27.42830276	26.89550591	27.20685577	26.53162956	27.03852463	27.63408852	27.14131355	27.77712059	26.92082024	27.5808239	27.35657501	27.18252945	27.54473114
XP_004600333.2	22.67117882	22.86959076	23.59536934	23.29052734	22.09931183	22.96536064	22.39084244	22.36948967	22.32731628	22.25303459	23.39283562	23.3566246	23.28996468	23.13991356	24.28954315	23.89235878	22.60157013	23.04916382	23.28883934	23.64976501	23.63267326	22.85006905	23.21700096	23.37504196
XP_004600342.1	24.40859795	24.04735184	24.67378998	24.21074295	24.06389809	24.11163712	24.34827232	24.49722672	24.82958412	24.15915489	24.59012222	23.84842682	24.22199249	23.88446045	24.11957359	23.63920403	23.49142838	23.8901329	23.65294075	23.77796173	23.67938614	23.71554947	24.30194283	23.82522202
XP_004600349.1;XP_054978576.1;XP_054985185.1	26.76888084	26.57902718	26.32328415	25.64743423	25.88105774	26.90850449	27.32945633	27.16729546	26.39250755	25.97178078	26.36871338	26.43260956	26.7624321	26.27284241	26.41128349	26.07367516	25.44005966	26.23262596	26.14505196	26.17157745	26.6092186	25.76721573	25.64688492	26.2326622
XP_004600490.2	23.69614792	23.63876152	24.00058365	23.56244087	23.23003578	23.1340332	23.47060394	24.03967476	23.71805954	23.23602104	24.38719177	23.48246956	23.50397301	23.17069244	22.79586411	23.06976128	23.67519188	22.88160706	24.14732552	22.66359901	22.58205795	22.48770332	23.53005219	22.99393272
XP_004600540.1	22.42080307	21.5279789	22.22743797	21.84375763	21.82419205	22.38908386	22.04052734	22.14111519	22.20746994	21.83418274	22.24225807	21.4850769	21.40056801	21.67353249	18.93758774	19.77343369	20.1040554	21.29703712	21.4403019	21.17840195	21.23022652	21.22270012	21.65114594	21.11756134
XP_004600544.1;XP_055001780.1	23.80950928	23.22470284	23.32567024	23.34665108	23.22968483	23.91259956	24.18434715	24.44890785	24.18063545	23.78855515	23.19595528	23.14938927	23.0519371	23.58886528	23.44947433	24.01017761	24.04335022	23.44366837	23.67378998	23.31520462	24.0089817	23.18502808	22.76563263	24.60715866
XP_004600557.1	22.69962502	21.48497772	22.5452652	21.84049606	22.34665108	21.8835659	22.13964844	22.41170502	22.04670143	21.36105156	21.46498299	20.40602684	21.64240265	21.24086189	21.57385445	19.49239922	21.3954525	21.46901321	21.46562958	21.7177887	21.91469955	21.24892998	21.40343285	19.71412468
XP_004600582.1	20.0122261	19.54054832	23.99420929	19.34890556	21.16760254	19.81396866	21.16851997	21.65931511	23.40600395	19.62494087	24.12896156	20.10162163	19.85896492	19.54724884	21.80864525	21.55557632	19.38106155	19.71610641	20.36932945	19.19820595	20.47951126	19.90801811	20.2290535	21.10629463
XP_004600610.2;XP_055001077.1;XP_004600608.2	20.65962029	19.99714088	21.70998764	20.83735847	21.06460571	20.23409271	21.25896835	20.23420906	22.23356628	20.90190697	22.10737991	20.80624771	20.65613174	20.91305542	20.57070732	20.75597	20.30016899	20.61755371	21.24527931	20.21596336	20.43989563	20.52592659	21.70969391	20.74279213
XP_004600619.2	25.03292465	23.6135807	25.29921913	27.65205193	24.833498	24.62030792	25.13747025	25.49731827	24.19242287	23.80852699	25.4907856	25.55464554	25.67049789	24.72930717	25.49795723	24.86292076	25.17771149	24.89984322	24.99606323	24.11902046	24.94422722	25.70213318	25.22125626	25.31796646
XP_004600685.1	24.50366974	24.28905106	25.85107613	27.07785797	26.89446449	24.15452766	24.11259079	24.47611618	24.10557556	24.65970612	25.38324165	26.19119835	25.13649178	25.21382332	25.48114586	25.63092613	27.23516655	25.5804081	26.78206825	25.00740051	26.15491295	26.98011017	25.54863167	26.96113205
XP_004600748.2	23.1590786	21.232687	23.13674164	24.00358772	23.99817467	22.12360573	22.54785538	23.3474617	22.62375069	23.44859314	24.50815201	24.44897079	24.06093407	23.74960136	23.01224327	23.38073349	25.73923302	23.40275574	25.20056343	23.59798431	23.51833344	24.75363541	23.92352104	25.06985092
XP_004600751.2	23.85024071	24.26799393	25.12711334	25.30587769	24.44960022	23.90140915	24.16154099	24.35830307	24.22184563	24.83701515	24.49777412	24.6552906	24.08448219	23.78516579	23.9958477	24.20508385	25.55221367	23.66719818	25.52172089	24.26613617	24.21208	25.06505013	24.06931877	24.91975403
XP_004600769.1	23.67529869	21.27167511	23.36359215	24.22228813	23.07210159	22.83254242	23.08277702	23.36279106	23.89901352	23.86514091	24.58290672	24.36258888	24.36979485	23.75806618	24.43179703	23.86636734	24.78710938	23.17551231	24.6654644	23.20483017	24.07569695	24.12273598	24.03975868	24.60569
XP_004600792.1;XP_054990972.1	27.03370094	27.58956528	26.46474266	25.86707497	26.64361382	27.4718132	27.54965973	27.91792297	27.55786133	27.92490387	28.03223038	27.26695824	26.84995461	27.04071999	26.90563965	25.84773445	26.57509232	26.7664814	26.88121986	25.95438004	25.45462799	25.6537075	26.81958199	26.56217766
XP_004600814.2	20.88829422	20.57209778	17.92552567	21.33973694	20.84515381	19.70759392	21.29097748	21.01780891	19.5725708	20.96859932	21.10742188	20.63803291	20.44050407	18.42143059	20.61629677	20.65909767	20.63537788	20.75238037	19.40904045	18.78103256	20.90771294	19.57063484	21.7755127	19.90461349
XP_054998438.1;XP_004604126.1;XP_004600818.1;XP_004605631.2;XP_054984518.1;XP_054977929.1;CON__P62894	26.53195763	25.89712143	25.89522743	25.94946861	25.2315464	25.95628738	25.73104477	26.12030602	26.21495247	25.89105988	26.54415703	26.15069771	25.7137928	25.55786133	25.63275719	25.15205383	27.23753929	26.303545	26.28492737	26.02519226	25.32878876	25.627285	25.46569252	25.81499481
XP_004600847.1;XP_055002357.1	23.97491264	22.97223282	23.29361725	22.898386	22.96479797	23.07902145	23.01748657	23.4667511	22.32108116	23.82687187	23.31478882	23.55004311	23.93309975	23.01280594	22.39644623	22.05672455	23.12189865	23.98459244	23.59957504	23.85024071	22.48775291	23.3467865	23.82667732	22.61160088
XP_004600944.1	23.13928986	19.21462631	25.57830811	23.56441879	25.17184448	22.52497101	22.43086624	23.47790718	23.14000702	23.38627052	21.40966034	21.96982956	23.23666382	22.33115005	23.87305069	25.96161842	24.05647659	24.77419472	23.71994019	24.72093201	24.36579704	24.25349617	24.62120247	25.1825676
XP_055001821.1;XP_004600978.1	21.99282646	21.36281776	22.63803291	22.26642227	22.37406158	21.78600311	21.45181465	22.52190781	22.41167831	22.07388306	23.11459541	23.06697273	22.89215469	22.40857315	22.37650108	22.44303703	22.59039688	21.85018349	23.30952454	22.16355324	22.07149696	22.26115227	22.28627396	22.97473717
XP_004601084.1	26.83013916	28.25173759	26.98359299	26.70424652	26.00699425	27.31034088	27.14908981	27.74740028	27.40657234	26.93235779	28.76224136	26.95748329	26.22736549	26.37863541	26.63381004	26.12898254	26.19974136	26.69325256	27.80906677	26.28091621	25.62173462	26.52619171	27.04051208	26.50559425
XP_004601105.1	19.18614769	18.40786934	22.04293442	21.38157845	19.67671967	19.74091339	20.44222641	19.96380997	21.56472015	19.79106331	20.11294746	20.72883034	22.6816597	19.89081001	21.31655693	20.50387764	18.17195511	19.3898716	19.95461845	20.1069355	19.57154655	19.43450165	20.43806648	18.47449875
XP_004601125.1	20.18313599	19.66813087	19.83728027	18.83271599	18.31819153	19.07966232	18.54063988	19.10886383	19.38372993	19.66769028	19.66301918	18.97013855	19.84713364	18.80074501	20.44657516	21.93876457	20.00016403	20.27207375	20.71908379	22.49304199	22.00559425	21.79665565	19.90672302	18.28675652
XP_004601199.2	21.70205879	19.48323631	21.84521484	20.75172615	20.36719704	20.89282227	21.62564659	21.68692589	21.8146019	20.59796143	20.32168579	21.86434746	20.8233757	19.40850067	20.39498138	19.44447136	19.45267487	20.44212532	20.04966164	19.46750832	20.2931366	20.47328186	20.44242859	20.74484634
XP_054979003.1;XP_004601222.1;XP_054979002.1	18.77699852	18.31047249	20.4817791	18.99496078	19.9497757	20.7937851	19.50740433	21.02931404	19.12257576	19.23020172	19.4246006	20.31373787	20.87395096	19.07626915	19.96803665	20.57588577	20.29692459	18.50877762	20.88539314	18.5377636	21.78628159	21.06513214	19.96465683	20.94870567
XP_004601297.1;XP_054976477.1	21.65787697	20.04246712	19.86042023	20.62194061	21.11521339	20.40457535	21.778162	21.15400314	22.38023186	21.49433517	22.06674194	20.87904739	21.48374939	20.32750893	18.50980186	19.35358429	20.43048477	19.8234539	19.43457031	19.7996006	19.21835518	21.39827347	19.04355812	20.80671883
XP_054994772.1;XP_054976478.1;XP_004601302.1;XP_004601301.1;XP_054983703.1;XP_054980758.1	28.35157013	27.14744186	28.12435532	28.82608414	27.86761665	27.16077232	27.3383255	27.99248123	27.60321617	26.50492859	27.5760746	27.78787041	27.76376152	27.1523819	27.21512032	27.26508141	27.71194458	27.53726959	27.82784081	27.96884155	28.15146255	28.49415398	28.24090767	28.58401871
XP_004601327.1	23.95331383	23.57565498	23.67723656	23.8398056	22.53221893	23.99118423	23.58106995	24.18955994	24.13992882	23.9862442	24.19272232	23.97473717	23.64097023	23.5641861	23.31893158	23.04540253	23.37835503	23.59012222	23.666008	22.98481941	23.17558861	23.46985817	23.34732819	23.69954109
XP_004601359.2	22.38002014	18.83803368	24.0795269	24.89527321	24.34969139	19.22138023	19.71012497	22.72288322	21.95041656	23.38600731	24.34854317	24.60744095	23.75959015	23.17800713	23.90187073	24.32827568	26.13253593	23.95863342	24.99709702	24.68795204	24.33517647	24.69375801	24.43478966	24.8071022
XP_004601371.1	23.10787582	22.36046219	21.98905373	23.45085907	23.14357758	21.99164963	22.83360291	22.51886177	22.29614067	21.0364418	22.95508957	22.56876183	22.44728088	22.57179642	22.42031479	22.60243225	22.47439575	22.04269981	22.23473549	21.98074532	22.87094498	23.12902451	22.64956856	22.17230988
XP_004601385.2;XP_054976745.1;XP_054976744.1	29.28544235	28.41183281	30.67833519	32.08512115	31.69407463	29.06280899	28.66499138	29.10878944	28.66820717	29.2670269	30.45297241	31.24728394	30.11594772	30.10161781	30.03708458	30.69826317	32.54026413	30.48931885	31.98321915	29.96829224	31.09653854	32.02508545	30.42241859	31.91095734
XP_004601453.2	26.42513657	18.89812469	19.87342072	26.0524807	19.85565948	18.52260399	27.55340004	26.79414368	27.12435532	18.42680168	25.9669075	25.95067024	18.23546219	25.96695137	25.60121918	20.17123985	26.57068443	25.84388351	18.35407448	24.54415703	26.62589073	25.68925858	20.28954887	26.17970467
XP_054976933.1;XP_054976934.1;XP_054976932.1;XP_054976931.1;XP_054976929.1;XP_054976928.1;XP_054976927.1;XP_054976926.1;XP_004601490.2	23.82347298	23.21794701	22.99975777	22.80169678	23.64383507	23.35971069	23.24936485	23.71586227	22.96416283	23.37822151	22.93410873	23.68131828	23.97648811	23.50373077	23.83855629	23.54792595	23.20411491	23.24321747	22.9045372	23.91652298	24.31996536	22.75029564	23.36212158	23.69551086
XP_004601491.2;XP_054978553.1	20.4762516	20.56653404	19.47470856	19.12098885	19.13759804	19.67960739	20.99851799	21.37724304	20.71372604	21.69459724	21.47714233	21.73388672	21.45938873	21.65132141	21.88002014	23.05250168	22.89962196	23.06142807	24.66682053	21.37018013	21.09687042	22.5397625	22.44371986	22.4122982
XP_004601513.1	19.73259544	18.80835152	19.66043854	22.33366394	19.13710022	20.0743084	21.05510139	20.4925766	21.48664856	20.89917946	20.23467636	22.22537994	22.63858604	21.06368446	20.09584045	20.63342857	24.08017731	19.36783791	23.09176254	18.27282906	23.58829308	21.79629898	21.4697094	21.88870239
XP_004601566.1;CON__P05787;CON__H-INV:HIT000292931;CON__Q9H552;CON__H-INV:HIT000016045;CON__Q9DCV7;CON__Q3KNV1;CON__P08729;CON__Q9NSB2;CON__Q6ISB0	25.63854027	26.4643383	27.44126511	28.9653492	27.78162956	25.88746262	26.18746567	27.82231903	27.06435013	26.26314926	28.19694901	27.30330086	27.14734459	27.22885132	28.77602386	27.77329063	30.3486824	27.07418633	27.25638008	26.15377426	29.1988945	28.72955513	27.79439163	28.60505486
XP_004601577.1	22.11419678	22.23400497	22.36701012	21.61557961	21.25516891	21.57505608	22.29521561	21.83903694	22.22278976	22.44020081	21.89304352	21.98568726	21.38679695	18.92974091	21.93452263	21.00833321	21.03872108	19.55252075	21.39047623	19.18503189	19.7230835	18.6582756	21.39769936	22.03089714
XP_004601592.1;XP_004601590.1;XP_054980007.1;XP_004601586.1;XP_004601585.1;XP_054984019.1;XP_054984008.1;XP_054983999.1;XP_054984000.1;XP_054984001.1;XP_054984003.1;XP_054984002.1;XP_054984004.1;XP_054984005.1;XP_054984006.1;XP_054984007.1;XP_054984010.1;XP_054984009.1;XP_054984011.1;XP_054984018.1;XP_054984012.1;XP_054984013.1;XP_054984014.1;XP_054984015.1;XP_054984016.1;XP_054984017.1;XP_054983998.1	21.85601044	21.61351204	22.38342667	21.73995399	21.89059639	20.98676491	22.22978783	23.64548492	21.91075325	21.12388992	22.52525711	22.65968513	23.13414383	22.55954933	21.94087982	22.11949539	24.86961937	21.90664864	22.24039459	21.97743034	23.16448975	21.77900505	22.57759285	22.70819855
XP_004601617.1;XP_004601618.1;XP_012789850.2	23.23320007	21.88345528	21.9957962	20.043993	17.8791256	22.17404938	22.53853226	22.78958893	22.74330711	21.87271309	22.19240761	22.36147881	21.10245514	18.83355904	21.71966934	21.6503582	21.47377777	19.85614586	19.77848434	21.16072655	21.64899826	19.72924614	19.41334152	18.89850044
XP_004601642.1	23.33633614	22.11155701	23.24862671	22.41364288	22.64050674	22.43038177	22.54667854	22.67003441	22.95477104	22.87043762	22.51838112	22.08854675	22.4772892	22.45176506	22.05778122	22.18074036	21.26430511	21.99479485	21.91648674	22.26925087	22.17605972	22.17596817	21.74151802	21.76036263
XP_054982393.1;XP_054982392.1;XP_004601668.1	24.666008	23.11389542	24.36706352	23.60308838	23.33660698	24.09006691	23.31437492	23.24008942	23.50784874	23.40015221	23.53290939	23.34041595	23.57427025	22.5131855	23.13009453	23.58118439	22.65372849	22.83907509	23.29024696	23.54167747	23.62310219	23.35070229	23.58566093	23.6506424
XP_054983077.1;XP_004601671.1	18.62342453	19.97435951	22.1263485	24.12289429	23.10239029	19.81701851	18.85880852	19.98412323	19.68537903	20.25499535	21.57131004	22.08492088	21.73574638	20.38437462	19.33853149	21.19520378	24.65468979	20.69862938	23.27965927	20.61557961	22.74032402	23.48566628	21.84555817	21.99517441
XP_004601674.1	28.44332123	27.99986267	29.22310829	28.9427681	29.11192513	28.3889904	28.47884941	29.17597961	28.66356659	28.5285778	29.00870514	29.06170082	28.75257683	28.75735474	29.03883743	29.09469032	29.7553978	28.60667801	29.13070107	29.45816612	29.34506989	29.14260483	29.18520355	29.43650627
XP_054984607.1;XP_004601675.1	26.41460991	25.57395172	26.65826416	24.96793938	25.63619232	26.34849358	26.15774918	25.66706276	26.00590324	25.97230721	26.54558563	25.60591698	26.07387924	25.59403038	25.85538292	25.78860474	24.69008446	25.58757782	25.82953453	25.49957085	25.55543518	25.19370079	25.7972641	26.13359451
XP_004601681.2	21.2860775	20.42480659	23.35366631	23.94931221	23.10972595	21.15684319	21.71824837	22.39369965	22.41436577	20.93257904	22.52659416	22.96835327	22.48022652	20.02198029	21.57745552	22.00171661	23.09060097	22.28497696	22.59614182	21.66457558	21.67387581	22.74098396	21.91870689	23.18685722
XP_004601688.1	24.03414345	23.25188065	23.68378258	24.06849861	24.01469612	23.16404533	23.2920742	23.33796883	21.44192314	22.69374657	24.37947845	24.98415756	24.70456314	24.32306099	23.82861519	23.77735901	25.23688316	23.88669586	24.91674995	22.47479248	24.09337616	24.32560158	22.76265526	24.43211555
XP_004601699.1	22.79823875	22.56197357	22.77090263	22.5863018	22.40621185	22.36508942	23.47926521	23.52611732	23.58714867	21.4423275	22.97659302	21.95368767	22.83947754	22.55536461	22.92092514	22.21972084	21.54146576	22.31224251	21.89648438	22.03647614	22.42329407	21.88311958	22.49641037	22.59083176
XP_004601758.2;XP_054983399.1;XP_054983400.1	23.25580406	22.46063995	24.54598427	23.509058	23.38284492	21.55870819	22.09516335	22.11623001	22.46903801	22.39602852	24.00940895	23.62053299	24.02326775	22.91584778	24.49582481	23.26728058	23.28347969	22.75427818	23.416996	23.56999016	23.59707451	23.67033577	24.59428596	24.39793396
XP_054987346.1;XP_054987345.1;XP_004601789.2;XP_004618443.1;XP_054986025.1;XP_004601852.2	22.57396889	22.38508606	24.15938759	24.26849365	24.68672371	22.42388344	22.73446465	23.61997223	23.70028305	23.33538246	23.83826637	23.65479851	23.55800819	23.11435699	24.00633049	24.68965912	26.20894051	24.40177917	25.65195656	24.85490799	24.97727394	25.30626106	25.56651115	24.87337875
XP_004601796.1	24.4593277	25.22574806	25.08054352	24.27965927	22.63127518	23.96736908	24.66416359	24.42059708	24.43033028	23.50506401	24.2731266	24.54933739	24.94757462	24.4746933	24.10725212	23.21092033	23.1733017	21.68204689	23.53978729	24.72769928	24.15545464	23.68731117	24.74457932	23.90554619
XP_004601800.1	20.97077751	20.86135864	21.1604805	20.37007523	20.00401688	20.55852127	20.41452026	20.7012558	20.19520378	19.54368782	20.44121361	20.97211075	21.67762375	20.38963509	21.08718872	21.93994713	19.85213661	19.15780258	20.52735901	19.84130287	21.31146622	20.34711075	20.30385208	21.70281982
XP_004601811.2;XP_004617427.1;XP_055001981.1	21.33919334	21.00819588	21.66327286	22.25028992	21.56764793	21.26241302	21.63524437	21.89541245	21.9205265	21.72375679	21.13106728	20.82787895	21.73036575	21.90536308	21.15065956	20.74992752	21.25787544	21.78020668	21.19243813	21.77072144	21.06098366	21.52888489	22.18688774	20.82942772
XP_012790206.1;XP_004601837.1;XP_054987190.1;XP_054987189.1;XP_054987188.1;XP_054987192.1;XP_054987191.1	22.98652077	20.76190567	21.71040726	22.09921646	21.10910416	21.2131176	22.7473278	21.81413269	21.79447556	20.13069153	21.77430534	21.59304428	21.78520584	21.62095642	21.57306862	21.22958183	20.88643456	19.08961487	21.29148293	21.33679771	21.6344471	21.50818825	21.82942772	21.67024994
XP_054989376.1;XP_054989375.1;XP_054989374.1;XP_054989373.1;XP_054989372.1;XP_054989371.1;XP_004601839.1	25.18192291	23.94351196	24.40600395	23.47741318	23.67981529	24.46045303	24.18404388	24.95717239	23.9800663	24.84885788	23.93957138	24.0509243	23.71208954	23.92750549	24.6724968	22.45395088	22.91479111	23.02578735	22.80998039	23.57473183	23.23822403	23.16017151	24.30827522	23.34516335
XP_054982465.1;XP_004601983.2	24.41589928	23.37185669	24.80607033	24.68346024	23.78336716	23.96595955	24.60744095	24.40262604	24.44005966	24.317276	24.68158531	24.97980499	25.17382813	24.5354023	25.21789551	25.09563065	25.21500969	25.18298531	25.48557472	25.89601326	25.33395004	25.65913582	26.06369209	25.43408966
XP_004601984.2;XP_004609434.2	22.77352142	22.67792511	23.8735199	23.70862007	23.44733238	22.74053001	22.9063549	23.32141113	23.25479507	22.87852478	23.47827721	23.17952728	23.5886364	23.79788399	23.42726326	22.44740677	23.25623512	23.13205719	23.23675156	22.32509422	22.52200317	23.37716293	23.91670418	23.15641212
XP_004602010.2	19.1085434	21.2873745	22.94624519	22.04773331	22.37342453	22.67094231	23.1604023	23.77042007	22.81297874	22.42075157	24.09764099	22.11378479	23.07046509	22.45851326	22.98492241	22.45158768	20.09029388	20.72633743	20.35756493	19.68839836	21.65948868	21.93326187	23.42585564	22.43407822
XP_004602080.1	23.61144257	23.43415451	23.83557129	22.83766937	22.94422722	24.00607491	23.88016891	23.9568634	24.31568718	24.36098289	24.53765488	24.18737221	23.50324631	24.53451157	23.47072792	22.42521667	23.23495483	23.15035057	22.67005539	22.15010262	21.15226936	19.84625053	23.07444	22.66999054
XP_054978253.1;XP_004606418.1;XP_004602105.1	27.25448799	26.79017067	27.57340431	27.03915215	26.12829399	27.10809135	27.39558411	27.24218178	27.26284409	27.09838486	27.77152824	26.86064911	27.08658981	26.7489357	27.23269844	27.00249481	26.21554565	26.90058136	27.30312729	26.47171974	27.05651665	26.80550385	27.19844818	27.17035484
XP_004602117.3	22.58781242	21.79530907	24.76263428	26.00641632	25.7023716	22.77134705	21.41606712	22.73650932	19.25460434	22.42902756	24.27838326	24.55724907	24.00058365	23.59103584	23.84239769	24.60653687	27.15373611	24.87834549	26.44308472	24.51328087	25.74085426	26.56469536	24.59991455	26.19155693
XP_054983532.1;XP_004602124.1	24.11616707	23.33973694	23.85842133	22.69680595	22.7853241	23.34665108	22.9840889	22.3640995	22.56220627	23.27070618	22.30888748	22.40960884	21.98241806	22.00278282	22.86753654	22.76613808	18.4326973	22.58469772	22.49084091	22.29566383	22.42134285	21.88874054	22.78050613	22.73402977
XP_004602158.1	24.79585457	24.38660049	25.99265289	25.47593117	25.41306114	24.20739555	24.86599159	25.52611732	25.36839676	24.35642433	25.21497154	25.69768715	25.57178497	25.68736458	25.78116798	25.39953232	25.94793129	25.14479828	26.01066971	25.34506035	25.12155151	25.75259018	25.42694473	25.70379829
XP_004602171.1	20.77804184	20.26430511	22.17047691	21.3062458	22.71061897	20.355093	20.35035133	21.39330673	21.97368813	17.91919136	20.5025177	22.00970078	20.88554192	20.83182716	18.81878281	19.72054863	21.16711235	20.15523911	20.52181053	19.74593353	22.22007561	20.58040237	23.84747124	20.89903259
XP_004602183.1	22.53335953	21.58118439	23.27426529	23.22317123	22.42319107	21.90862846	22.36359215	22.94184685	23.05289841	21.84754753	23.38745499	22.99296379	23.60546494	22.58343506	23.42828751	23.26542091	23.13001633	23.63533401	22.68461609	21.77711868	23.54827881	23.1765461	23.33019257	23.32278633
XP_054977770.1;XP_054977763.1;XP_054977755.1;XP_054977750.1;XP_004602196.2	21.27917671	20.22088623	22.45108604	21.78136826	22.10766792	20.95978355	21.56579018	21.14637756	21.27378273	21.7004509	21.57362366	20.97365189	21.16429138	19.32263947	20.07840919	22.79790306	22.16815376	22.07705116	22.06798935	22.43646812	22.65497398	22.06174088	23.44745827	22.55742264
XP_054990928.1;XP_054990919.1;XP_054990913.1;XP_004602212.1	22.34564972	21.4470787	22.32649422	22.91588402	22.98018837	21.56634712	22.14771271	22.84613228	22.89923477	22.47803116	23.22442436	23.15749168	23.25493813	22.45578194	21.87357712	21.80033493	21.18052864	21.15177536	21.78208733	21.33565331	20.91436958	21.10059547	22.9223423	20.75319672
XP_004602251.1	19.35812378	20.08628082	22.20976067	22.72042084	20.88129044	21.17292023	21.92553329	21.31152153	22.85012627	22.73111153	21.53421593	22.44997787	21.28878212	21.50110817	20.98405457	20.63529015	23.10271072	19.21879959	19.75318146	20.47129822	22.74779892	20.39801216	22.30710793	22.87412071
XP_004602252.2	21.9086647	21.75086975	23.46076393	23.16439819	22.98299217	22.40859795	21.45191574	23.14239311	21.95383072	21.14039803	22.16628456	22.69527817	21.85494614	20.2166748	21.44323921	22.12486649	23.10857773	21.617239	22.64871216	21.52477837	23.09363365	23.4470787	21.3924675	23.53670692
XP_054975711.1;XP_004602261.2;XP_054975696.1;XP_054975693.1;XP_054975718.1	21.51686859	19.95248032	23.77394485	24.121315	24.09619331	21.71707726	21.32212639	21.70210075	22.11600685	21.95822716	22.71617699	23.74868011	23.05738449	22.85450935	22.1899662	23.20752907	24.61767769	23.33224297	24.18358994	23.72951508	23.80183411	24.61475945	23.73768616	24.75567436
XP_054983946.1;XP_004602271.1	26.63076019	26.50238037	26.12307167	25.87483406	26.57333183	26.74816895	26.14299011	26.73013687	26.24203682	25.67774773	26.45271301	26.49754715	26.70964622	26.59135056	25.99518013	26.12137413	26.23578835	25.61141396	26.44306755	26.30251694	26.03290367	26.04980278	25.90421486	26.83050156
XP_004602362.1	28.74839211	27.80550385	28.49339104	28.30656433	28.53289413	27.93954849	28.19225311	28.33236313	28.35573578	28.91313553	29.17069054	28.51532745	28.57798386	28.37272835	28.96741295	28.68645668	29.44563103	29.38048935	29.0413475	28.1160965	28.16038704	28.81246758	28.56681442	28.6654644
XP_004602370.2	24.78021622	24.29642105	25.07989311	25.4047718	25.28612709	24.73526001	23.79590416	25.35518074	24.44044113	23.76668358	25.56389427	25.59189224	25.38975334	24.95549011	25.3998909	25.36989403	26.37924767	25.50491333	25.64019775	25.40769005	25.81555557	26.31917191	25.98135185	26.24448776
XP_004602371.2;XP_004602372.2	20.88539314	20.87689209	21.25124359	22.8622303	20.42127419	22.38155174	25.01405907	21.65604401	22.26264381	21.7799263	20.17669868	22.78943062	22.14997864	22.09068108	19.24164581	20.86454391	20.92208862	21.43379784	19.87561798	18.5158329	26.62338257	20.64772606	19.8233757	21.95304871
XP_004602380.1	24.16538048	24.67933273	24.16384506	22.93831635	23.50409508	24.51761246	24.40308189	23.921978	24.19415283	23.34827232	23.74622154	23.5926342	23.66795731	23.56383705	23.5480442	22.01570129	24.18298531	23.37967682	23.17261505	23.46874046	23.7951107	23.43885612	23.93373108	24.2550106
XP_004602384.1	20.99824333	21.28776932	20.97330284	20.67856979	21.34516335	18.39937019	22.80207062	21.25718498	19.33855057	21.35611534	22.78056717	22.25888252	20.9681778	22.08543968	22.20892906	21.13106728	21.33777809	20.7553997	21.91571999	20.27378273	20.11773872	19.88923073	21.785923	21.98092079
XP_004602419.1	25.61972046	26.12350655	27.51803398	28.05951118	27.18602943	25.34187508	25.81063652	25.00255966	27.06579018	23.88483429	25.84706497	25.49765396	25.78371811	26.56910706	24.76658249	25.03405952	25.16250229	26.49957085	25.55493736	25.96013832	25.89841461	24.46332359	27.36519623	27.16317368
XP_004602423.1	19.48043251	18.87174225	20.31296349	19.4926815	19.70681381	21.1884594	21.00463486	19.25186729	20.6132431	20.87034416	21.94624519	19.31277847	20.87552834	18.53030014	19.3662529	21.12653732	20.65062141	21.75099182	22.34210014	20.06407928	21.05158806	21.7668457	21.05774879	20.3194828
XP_004602426.1	23.30270958	22.69778252	22.97375679	22.54316521	21.22981644	22.91848946	23.24374008	22.45420265	21.82865334	22.45415115	21.43979454	21.88446045	23.01493454	19.59231377	19.29184532	21.28855705	21.6766777	18.90833282	21.65700531	22.27824211	22.41735649	21.9901619	22.08757591	22.64471436
XP_004602457.2	22.06572342	21.92455482	22.1534462	22.40730286	21.9372921	21.00120163	22.19565392	22.26258659	23.1330452	21.42495918	21.42751884	21.88162613	22.40870094	22.30134201	21.93614197	20.09041405	22.49592209	22.30555153	22.04266739	21.4125061	21.40129852	22.46523094	19.88023949	21.98922729
XP_004602468.2	21.41735649	20.84398842	22.0260067	21.87639046	21.9865551	21.49110985	22.27798653	22.11718178	22.47921562	22.04356766	21.46158981	21.78771782	21.84230042	21.27002144	21.29198837	19.43769455	19.08072853	20.87327576	21.16183281	21.03905487	21.45663452	21.09976196	22.37161636	21.51734924
XP_004602475.1;XP_054983170.1	24.20007706	22.92460823	24.08115387	24.0921669	22.64264488	24.1964798	23.72504807	23.83817101	23.97298622	24.467062	23.93003464	22.91655922	23.96921349	19.38582802	24.28890991	23.55987549	22.46888924	23.69349289	24.17774773	23.85737801	23.32896042	23.58955193	23.88464737	24.69816399
XP_004602476.2	21.70649338	22.14226913	22.32487488	22.3313694	19.32208824	21.38358498	22.15041161	23.21071243	22.40462875	22.11924171	21.49662971	22.20472717	22.40525246	22.27537346	21.45858955	19.6564312	19.86624718	21.69519234	20.76652336	18.46939468	20.4805088	20.0038929	21.80970573	19.20475388
XP_004602483.2;XP_054983566.1	20.32130432	20.5429306	21.75221634	21.88847923	22.62598038	18.65535545	21.61009216	21.74484634	18.86320877	19.64512444	21.50949287	22.15789223	22.04286766	22.16201782	19.4576149	20.85551643	22.40213203	21.2617836	22.79732895	22.30245781	22.25289154	22.86676407	22.5424099	21.77285767
XP_004602484.1	23.56581306	23.30243111	22.74900818	21.27599907	19.15311432	23.98633003	22.7592659	23.6413002	22.61398506	23.94037819	25.9092598	24.09876633	23.75827026	24.03699493	25.03069496	23.92361259	24.58422661	23.80410194	23.53943062	23.08396339	24.27604294	22.06417847	22.49267387	22.86627388
XP_004602544.1	23.33442688	19.3406868	23.25115776	23.76870537	22.34163857	22.47219086	23.47271156	23.1481781	22.20741081	22.09593582	23.85043144	22.30752563	22.7606678	22.19243813	23.12344742	22.82238579	23.80055237	22.83738136	23.85899162	18.26964951	23.66709137	22.63407135	22.7473278	23.29740143
XP_004602718.1	21.93081093	21.5970974	23.20609856	23.87960815	24.21193123	21.86563301	22.71887589	23.04606819	23.12253189	22.35557747	22.51224518	22.91539192	22.82300758	25.64072227	22.65449333	21.85380363	22.9072361	20.84498405	22.58641624	22.28911972	22.95048714	22.9007473	23.11810112	23.32991982
XP_054974321.1;XP_054974320.1;XP_004602793.1	20.94785118	19.9907856	19.39095879	19.11093521	19.25123215	22.0160408	24.91879845	18.98156166	19.20559692	17.64807129	20.99493408	20.12257004	19.78749466	18.92006874	19.40212631	19.16319847	18.2015152	17.18453217	18.85019875	19.92152786	25.45199013	20.21369553	20.11147881	19.59095192
XP_004602803.1	21.21720695	19.138134	19.41697693	22.03372192	21.13464355	19.7931118	19.52365494	20.42416191	19.65834999	19.69952202	21.22570419	21.11933708	20.82586288	22.54867935	19.56681824	19.22973824	22.26029015	19.7999382	21.21483803	19.72955513	21.25263023	22.1636467	20.18821716	22.77486992
XP_004602806.1	21.87376404	19.69438553	20.99955177	20.17438507	19.53102303	22.29586029	19.02710724	21.81940651	20.43096733	18.48887062	19.10271835	22.9394989	22.93409157	22.34038925	23.02182961	19.09403038	20.54538345	22.51292038	22.189394	19.57361412	19.86496925	21.07783318	19.16554451	20.26487732
XP_004602810.2;XP_054974267.1;XP_054974266.1	20.23034477	18.56376266	23.51460648	22.74642563	22.65270042	20.41575813	20.60132027	21.38500786	20.7640934	20.80254555	21.56718445	23.07062912	21.72113037	20.6265831	22.37816811	22.23093033	22.62958717	21.20633698	22.99913788	20.92186928	22.62062073	22.14488411	22.85083199	22.39312363
XP_004602835.1;XP_054974520.1;XP_004621716.1	21.50421524	20.42531776	23.06930161	23.69338608	23.91615868	21.97168922	22.76419449	22.78686142	22.81385994	22.20445824	23.67616081	23.94136429	23.31713676	23.61234283	22.82650185	23.49313927	24.89467239	23.87549019	24.67152405	23.49350548	23.72442436	24.235569	24.14678192	24.37729454
XP_004602884.1	22.75715065	22.92658234	20.34775925	21.89633751	22.58357239	23.46687508	25.2099247	22.38708687	21.82648277	22.8102932	22.16962242	22.191082	21.99851799	22.85325241	20.79121971	20.60168457	21.11775208	21.71162605	21.95500183	20.93481064	26.43066597	22.20368195	21.17462921	22.07198715
XP_054974211.1;XP_004602912.1	18.67002487	19.54389	18.77837944	19.70171165	19.56944656	20.23127365	20.17328644	20.78676033	20.95936012	19.40771103	26.8475666	19.94522667	18.88400841	20.46363449	19.94351578	19.60558128	18.60929108	19.00916481	19.23410225	19.72976685	19.98446274	19.5339489	20.04631233	18.50432205
XP_004602940.1;XP_054997571.1	22.80958748	22.98737144	23.89245033	22.46943665	22.97037315	22.98323631	23.90527153	23.60433388	24.0390892	23.68901825	23.42534447	24.1811657	24.3001976	24.1378994	24.38876915	24.05779839	23.22354126	23.75317764	23.23941994	22.59571075	23.08686447	22.14099121	23.99101067	22.29961014
XP_004602963.1	19.48510551	19.69331169	21.64407539	21.78739929	20.42326736	19.54854965	20.14444923	21.2449894	21.92596817	19.84866905	21.78204727	20.39859581	21.27002144	21.75857544	20.13796234	20.91312981	21.25182152	19.5173645	20.34256172	22.74759483	19.32125282	21.30111885	21.53264618	21.6205101
XP_004602996.1	23.66719818	23.57334518	22.36027336	21.63949013	23.77203178	23.02314949	19.21103096	23.17101288	23.14178658	22.11311722	23.83942032	23.30257034	23.57091713	23.44606972	23.63267326	22.81608772	18.55598831	22.61555672	23.3731842	22.59623337	23.10935974	22.90708923	24.73205376	21.95900536
XP_004603013.2	21.04393578	20.09622574	22.18377304	23.85481262	22.17108917	19.32304955	19.82534218	21.41766548	19.05459213	19.84813499	20.49179459	21.51768494	19.94306374	20.70413017	18.89275932	19.2593441	23.74334717	20.82174301	23.06118202	18.93610191	22.2854557	22.81103897	19.21841621	22.17118073
XP_004603046.2;XP_004603045.2;XP_004603050.2;XP_004603048.2	21.77599525	21.19964409	22.80502701	23.49679947	22.80313683	19.19787025	21.77631569	21.93632126	21.69315147	22.00638199	22.27852631	22.92828178	22.19114304	23.19285774	21.27827072	20.58582115	22.42483139	21.54439354	23.38521767	22.65440559	22.06394768	23.30480003	23.73727417	22.79808044
XP_004603080.1;XP_054984818.1;XP_004621141.1	20.3794117	17.68582153	22.82784081	22.21661568	24.08925819	20.53999901	18.87893105	21.24371147	21.9168148	18.06085014	21.97070694	21.72079659	22.43022728	18.50255203	21.85957909	19.14212227	22.31810379	20.54124832	19.04849434	18.82124901	23.08279419	20.75164604	23.40769005	22.0741787
XP_004603082.1	24.1631546	23.52360725	23.97184753	23.33046532	23.54403877	24.1165638	24.41809082	24.55215454	24.63372803	23.95916557	24.95287132	24.25364113	24.53812981	24.45563316	24.8713131	23.40574455	22.85993958	23.82240486	23.42059708	22.98707581	22.72802162	22.81385994	24.33606339	23.35877228
XP_004603094.2	21.28506088	20.64359283	24.89490318	26.53023148	26.03661728	22.41740799	19.18165779	23.35743141	23.18954468	22.65127754	24.40008736	25.14775085	23.5421505	23.54368591	21.96187019	24.57865334	26.7167263	24.7009697	25.7359066	23.91131973	25.79525948	25.51644135	24.12943459	25.26481247
XP_004603109.2	19.48179817	20.12408829	21.6991806	19.78982353	21.43948936	19.85706902	20.91750526	20.48738098	19.4294548	18.68473053	21.53796387	19.20378876	20.72899628	19.28320313	21.59445763	20.99520874	21.34516335	20.8185482	21.22711563	19.33559227	21.04886436	18.22676468	21.33238029	21.07894135
XP_004603161.2	19.86438942	19.09971046	20.82111931	21.23298073	21.39581871	19.91476631	19.50738525	18.465065	20.75303459	18.52788925	19.03728104	19.19807625	19.37678528	18.07766533	20.7015934	21.06295967	21.11165237	19.98551369	20.38047028	19.61709023	19.63353539	19.85433388	19.25392342	21.57777786
XP_012791619.2;XP_004603206.1;XP_054997693.1;XP_054997692.1;XP_004603207.2	24.85737801	24.20575523	24.61509705	19.5404129	18.87675476	22.9843502	23.43109512	24.50554848	22.80124283	19.09480286	24.13696098	22.94556618	23.07784843	22.8864727	23.64383507	23.23594856	22.19718552	22.73036575	20.30929756	22.86981583	23.39060593	22.16143417	22.08851433	23.80774117
XP_004603270.1	19.32522964	19.14541245	21.78244781	18.82663918	18.96998978	18.30511093	19.4851284	20.07836723	18.46758461	19.44796753	21.45818901	20.34484673	18.55488968	21.74661064	21.57510185	21.35938835	22.68401718	18.7238884	21.70155144	19.53861809	21.25908279	21.43308449	21.8102932	21.99572754
XP_004603285.2	22.36924934	20.88054276	21.74685669	20.17255592	19.93541718	22.4201088	21.09493828	20.48148346	19.38806915	20.41017723	20.16078758	20.46183968	21.04300117	18.78908348	19.08088303	19.10240364	21.35938835	21.37581062	21.83838272	22.18089294	22.36484909	21.18277168	22.30844307	22.09213448
XP_004603296.2;XP_012790586.2;XP_004619191.2;XP_055000860.1	22.98792648	23.05045891	23.02293015	22.74755287	22.88371658	22.78128815	23.4497261	23.27710724	23.63677216	23.27526093	23.33060265	22.26333046	22.3528862	21.8892231	22.87657738	22.80890083	20.91932678	22.22143173	22.1000824	21.75592995	22.76389122	22.59887123	19.71071434	22.98394966
XP_004603362.3	20.6309433	19.66001701	19.65096664	18.58827972	18.96696281	19.27697754	20.32948112	20.40924644	20.34321213	19.97889328	20.65403366	19.66942024	19.29745293	19.23496056	19.23993301	19.63742256	20.64921951	19.41950035	19.32891846	19.5835762	19.88055611	20.17353058	20.65336418	20.82096481
XP_004603374.1	25.02293015	24.91465378	24.9077034	22.56174088	24.86169052	25.39040947	24.80793762	24.43478966	25.22688675	26.35800171	23.26899338	24.55174446	24.10141373	24.65447235	24.35380173	25.21319199	22.69841766	24.31803513	23.24514771	24.87717628	23.58657646	24.4082737	24.94471741	24.6132431
XP_004603396.1	24.10501671	22.46123886	23.89772224	24.21578598	23.60274887	23.88054276	23.42046928	24.56127548	23.79421806	23.39884758	24.65954399	24.58789253	24.22920036	24.02216721	24.43071365	24.92007065	24.74949837	24.11100006	25.22007561	23.941185	24.26742363	24.87652016	23.82172394	24.65294075
XP_054996574.1;XP_054996573.1;XP_054996572.1;XP_004603400.2	22.69208717	21.21845055	22.8590107	23.63134193	23.81196022	23.22743797	21.08563232	19.44857788	23.40145493	23.48000526	23.48173141	19.69099808	24.31077385	24.22110748	23.40470695	22.46784592	22.61710548	22.14027405	23.28376198	23.49801826	20.57682991	21.06559181	23.13833618	22.35676003
XP_004603416.1;XP_054996087.1	18.74688911	18.67608833	21.39874458	19.44635391	20.33434486	19.05559921	19.79163551	21.56736946	21.68393135	21.77615547	19.15801239	19.71348572	21.87015533	19.56536293	20.03483391	21.54759598	22.07061195	22.14183235	21.53748894	20.55580902	21.69106483	20.77218819	22.81096077	22.06312561
XP_004603444.1	21.32102585	18.25265884	21.81001854	22.09442329	23.06971169	21.36991501	20.49648285	21.15474319	21.41972351	21.54538345	22.31420898	22.16585541	21.4616394	21.82041931	21.5874691	21.95482445	23.79916763	21.53007698	23.21069717	21.93836975	21.52430153	22.67359543	20.98307991	21.5766716
XP_004603454.2	21.82263756	21.49115753	23.43987083	22.89954948	22.51857376	21.32064056	21.48659897	22.24971199	22.28285789	20.44303703	22.55210876	22.29854774	22.80003738	21.78624344	22.89367294	23.3898201	22.57837677	22.33600807	22.23917198	22.39273071	23.67938614	24.06562424	23.66025162	23.23583221
XP_004603479.1;XP_054994464.1;XP_004603477.1	19.78415871	18.90991211	20.90602493	19.73177528	18.53030777	20.55449867	20.7265873	22.02360725	20.0481987	19.9054966	19.97830391	20.4603405	20.21940613	18.72672653	19.57978439	19.5464344	19.2887249	18.86896896	20.10776329	19.85810661	20.60557747	19.03588104	20.84640694	18.24720383
XP_004603488.1	26.61371994	26.56086731	26.81274414	25.51074791	25.09321404	26.22908974	27.12020683	27.24099922	27.19422722	25.82888222	26.96410942	26.83966064	26.86726379	26.92104912	27.30686951	26.00695229	25.0383358	26.04562378	26.19921684	25.50812149	25.6806736	25.4665947	26.71397781	26.26053047
XP_004603493.2;XP_054995126.1;XP_054977279.1	24.01682281	23.74570847	24.67206383	24.45029259	24.13617897	24.35514641	24.06291199	24.32037735	23.84718513	24.01775742	24.127388	24.48043633	24.39591026	23.95127106	23.76304054	23.91150284	24.6574192	24.09434319	23.87726974	23.6746521	23.91250801	24.52563858	23.90481186	24.34374046
XP_004603510.1	22.28133011	21.6300087	21.61450195	22.57796097	23.11224174	21.99389839	22.72167397	22.75305367	23.00283432	21.91531944	22.95895195	22.22370338	22.33281708	22.52850342	19.62451935	21.92274094	22.60249901	21.95897102	22.73171234	18.68905258	22.36823654	21.89637375	22.14317322	21.89196968
XP_004603524.3	23.84201431	24.13375092	23.33401871	22.28393173	23.2502327	23.55426407	22.88349152	23.24900246	23.40769005	23.22596931	23.15658188	22.76664352	23.48480606	22.57814598	23.13426781	22.68236732	22.14095879	22.96326447	22.63725853	22.85658073	22.94836807	22.63971138	21.98946953	22.3217411
XP_004603536.1	22.94792175	24.93849564	21.27622604	23.60851288	23.17339325	20.62158394	23.14676476	23.32608223	23.46936226	22.70765114	23.71502495	18.99393082	23.96604919	23.80744743	18.96055031	19.5483532	23.36892891	23.35635567	21.99903488	20.93394661	21.37012672	22.47345543	22.38937378	19.04458618
XP_004603539.1	23.59115028	23.06363487	24.18040657	23.36185455	23.02113533	23.7470417	24.02038765	23.84095764	24.06505013	23.10846519	24.04126358	23.30243111	23.90839005	23.15514565	23.35070229	23.31975746	22.70541763	23.15570068	23.09492302	23.07380295	22.8500309	22.34315681	23.53504562	23.41751099
XP_004603558.1	22.84599876	22.78604317	23.14454269	21.93614197	22.24315834	22.70777702	22.72344589	23.50518608	23.3176899	21.93311882	23.49228287	22.90402222	23.21126366	22.26172447	22.58274651	22.8765583	23.03970909	22.71492004	22.43948936	22.8827095	22.31232643	23.0779953	23.05319786	22.84630585
XP_004603566.1	22.1866169	18.97020721	21.51407623	19.95014191	20.74755287	18.84035683	20.76295853	20.11248016	20.48335457	19.3860054	18.32648277	20.46801949	20.66092491	20.31495476	19.4644165	20.18507385	19.74884415	18.84344292	19.77945328	20.99479485	18.65708351	20.58178139	19.05674171	21.08323288
XP_004603567.2	23.41467476	22.73842812	26.03615761	22.22154999	23.60150146	23.09680557	20.32041168	23.82357025	23.01302719	24.29747009	20.29134941	19.47330856	23.27923393	20.09332466	25.6915226	24.11743546	18.5714016	22.35791397	19.17179489	25.3840313	24.56319618	25.45151901	20.81838799	23.51737213
XP_054996306.1;XP_054996305.1;XP_004603573.2;XP_054996307.1	21.95233727	19.31207466	22.63145256	20.39519119	18.88396072	20.99569321	21.29052734	19.22311211	18.81468391	22.17353058	19.94506645	22.07832146	20.59350014	20.23397446	19.23760605	20.27399826	18.52623177	18.38060379	19.92640877	18.19814682	19.85250282	19.79073906	20.33079529	19.70453453
XP_004603711.2	22.67411423	22.71826935	21.69080925	23.80607033	23.60229492	22.80029488	22.04833221	23.02744293	22.12335205	21.15196037	23.88511276	24.1747036	23.10208702	23.40989304	22.91637611	23.69370461	25.2275486	22.78917122	24.72171593	23.56697464	24.16461372	23.45726204	23.40509605	24.4607029
XP_004603727.2	23.25333786	22.67764473	24.45531845	25.03800011	25.07259178	22.9399128	22.8724308	22.87233734	23.04194832	23.57461739	24.34095955	24.5892086	23.31049538	23.44556427	24.11378479	24.15607262	25.5400238	23.55473328	24.73489952	23.78526497	24.28623199	24.9051342	23.93355179	25.20672417
XP_054996824.1;XP_004603779.2	22.68163872	18.24139404	22.01583672	22.34223557	22.23128128	18.67520905	22.35479736	21.31019211	22.13964844	22.0571537	22.65241623	21.92788506	19.59636688	22.31848907	20.04373169	21.91648674	21.94292068	22.12306786	22.16897964	21.76716995	20.65886879	18.60351753	20.56792641	17.6862793
XP_004603850.1	23.63067627	23.5994606	24.47624016	24.76192474	24.15954018	23.62064362	23.92976379	24.11783218	23.6618824	23.65981483	24.4534359	25.00881195	24.43593407	24.51002502	24.39564896	24.49185562	25.80356026	25.06837463	25.47410583	24.63732529	25.31340599	25.13371277	24.88222313	25.20728302
XP_004603868.1	22.26000214	21.03469658	23.5853157	22.99023056	21.68114662	21.13219833	22.1068058	21.5076561	22.28243446	21.76129723	22.42082977	22.74269104	22.71099663	22.60984421	23.4126091	21.71808052	21.15035057	20.54066086	22.84345245	21.23742294	21.65835571	21.84303093	22.90174103	23.37530708
XP_004603898.2	19.29192162	18.87760162	23.74693871	22.72234154	22.21323776	22.87530327	23.42598343	22.91155815	23.80764389	19.1043396	23.06544495	23.93490028	22.68555832	22.27775955	22.94494057	22.170784	19.59764671	21.96003151	22.45788765	21.84314537	18.47580147	19.85572624	22.4506073	22.62823105
XP_004603953.2	24.93557549	23.8094101	24.55888367	23.92859077	24.17592239	18.9407444	24.82604599	24.17287445	24.78920174	26.47871017	23.2606926	24.83475113	23.52575874	24.47320747	24.40561485	23.52097321	23.21713448	24.15406418	23.94010925	24.74206352	23.65719986	24.28510284	24.49411583	24.38442802
XP_004604114.1	23.74919128	23.33551788	23.38020515	23.0804863	22.80907631	23.57022095	23.53041077	23.3176899	23.28573799	23.23529053	23.3840313	22.77108574	22.98034477	22.57272148	23.14152145	23.40846825	22.86134148	23.14480782	23.65184784	23.56651115	23.81225395	23.48259163	23.5932045	24.10725212
XP_004604156.2	21.14556885	17.70718384	19.78720665	23.08394623	20.29423523	19.58607674	21.03261375	21.88035583	20.96098518	21.90980148	17.38194847	23.62399483	21.46084023	22.45991516	23.10109329	23.20760345	25.16349983	23.73675728	24.66313171	23.243536	24.62215233	24.92220497	23.22025108	24.84148598
XP_004604162.1	21.3767662	20.97154999	22.95423889	22.32154846	20.63537788	21.66994667	22.32707024	21.39842987	22.42677689	20.77876282	21.76870537	21.59941483	21.89367294	20.60195541	20.64050674	20.95248032	20.68174553	19.50796127	21.21127701	20.55487442	21.69327927	19.45096016	21.66661453	22.61367035
XP_004604163.1;XP_054980639.1;XP_054980649.1	25.03338623	23.61795616	25.68096924	26.8133564	26.71894836	24.9109993	24.74170303	25.620924	25.40431595	25.76691246	25.88913536	26.15307808	25.70501137	26.43120766	25.34648132	26.15054321	27.68063354	26.29216194	26.79525948	26.29382896	26.37653351	26.7664814	25.4501667	26.62686729
XP_004604193.1	21.44632149	21.80789948	21.66934204	20.18600845	21.5688076	19.13788795	21.95773125	20.37771988	22.24374008	20.22964096	21.05205345	20.28471184	21.4772892	22.87066269	18.19269943	21.25071907	19.40155602	20.94992828	21.39754295	22.53007698	22.57124138	21.89196968	19.47683334	22.40512085
XP_054992802.1;XP_004604194.1	25.92458534	25.51544952	26.35902405	26.6378231	25.60495567	25.74175453	25.76192474	25.69559097	24.97035599	24.84828377	25.74093246	26.74432373	26.24959564	25.7912159	25.49890137	25.46185875	26.67263031	25.85229111	26.80390549	26.59391594	27.26212692	27.11812782	26.04814148	26.77001572
XP_004604245.1	26.74059677	26.39597511	26.62030792	26.59505463	26.09595299	26.8531723	27.03820992	27.48085213	26.97377586	26.26647568	27.32010269	26.90976334	26.84433746	26.57585716	26.57787514	26.13574791	26.59718895	26.33415413	26.62128639	25.78229332	26.24001694	27.51141167	26.42021179	26.62338257
XP_004604246.1	23.46687508	23.1909008	24.38040352	24.48388481	23.79580498	23.16582489	24.37272072	24.35016251	24.12919807	23.12535667	23.87605286	24.13061333	24.36105156	24.06035614	23.80291939	23.73644829	24.10956573	23.40392685	23.74827003	23.00952911	23.49679947	24.07103729	23.95588875	24.30201149
XP_054991438.1;XP_054991437.1;XP_004604249.1;XP_054991436.1;XP_054991435.1;XP_054991439.1	24.2076931	23.65872574	24.74550438	23.62243271	23.80980301	24.38830948	23.93849564	24.16192436	23.86353493	23.62477684	23.62956429	23.98893166	24.03246307	23.75664139	24.30291748	24.43942642	23.11090469	23.90948868	23.91770554	23.3649292	24.32374763	23.40197563	24.17942047	23.72463226
XP_004604261.1	24.40106392	27.32156563	26.58218956	25.54265213	24.93580055	25.8085022	23.79183578	25.54120445	24.0664463	18.86304855	24.70313644	22.09667587	24.83672714	24.43141365	23.3631916	24.35991287	23.12611198	23.87051392	23.48136139	23.49570274	25.11624527	22.67998695	22.6342926	22.79657745
XP_004604281.1;XP_004604280.1	34.45016098	35.07789993	33.70202637	33.17816162	35.21668243	35.57480621	34.92698288	34.24615097	34.87188339	35.54175568	33.4651413	33.66923904	33.53970718	34.32830811	34.11992645	34.66039276	33.78575516	33.94602585	32.6316185	34.45433426	32.63103104	33.43477249	34.26988602	33.66670227
XP_004604284.1;XP_004604283.1	25.73902702	19.64915466	19.2077446	19.77227211	19.6933403	27.32748795	25.11743546	24.50348854	25.96706009	19.56195259	22.91597557	25.01729012	25.67769241	25.20243454	19.20633888	18.8328476	19.21634674	25.01733398	19.52309799	19.78529549	20.23009109	19.38861656	20.02033234	18.73758888
XP_004604294.1	28.57592964	28.08582878	28.80159378	28.03433228	28.19858932	29.04718399	29.34435081	28.97204971	29.40045738	29.38020134	29.8149147	29.26268768	28.97473335	28.87273407	28.87654495	28.42306137	28.06937981	28.08648872	28.16374969	27.54325676	28.31988716	27.7710247	28.51683235	28.30717278
XP_004604355.1	19.224123	19.32400894	20.49404335	21.98318481	20.49823761	18.91032791	20.45649338	21.32728958	19.09884644	19.53268242	21.874403	22.82826614	20.78020668	19.50722885	20.74804497	19.34924507	23.73231316	19.97244644	21.54656029	17.51554489	22.56509209	21.21637917	21.395401	19.44929695
XP_004604390.2	19.78136063	18.58651543	19.39366341	20.09870911	20.50018501	21.09789848	21.43181038	21.69021225	22.38250351	20.28183937	21.18634415	20.61701584	19.0489502	19.61472893	20.1458168	19.23369408	18.91231155	19.76116943	19.05861664	18.75042343	19.47538376	19.05018997	21.98186111	18.45323181
XP_004604455.1	24.9225235	24.70271492	24.60986519	24.25003052	24.8098526	25.10665321	24.95947456	24.70625114	24.99213409	24.81548309	24.96635628	24.97993469	24.74939728	24.51346207	24.36238861	24.05357933	24.48086739	24.71423912	24.45387459	24.4087925	24.19234657	23.95898819	24.46494484	24.33265305
XP_054991448.1;XP_004604463.3;XP_054991449.1	22.25089836	21.12028503	19.99451828	20.67994308	20.40551186	21.72978592	21.84571266	21.50242043	21.85437584	22.67385483	21.6667881	21.41565514	21.80270195	20.72242355	18.88822174	19.04455566	18.31970596	19.47932053	20.98794365	18.80255318	20.37602425	20.33941078	21.46378517	18.13396454
XP_004604505.2	19.99790382	18.65527153	19.89686203	20.55936241	19.03233528	19.71169662	19.90139771	19.80526352	20.53525925	19.45002365	20.96027946	18.77088356	18.81102371	19.13918686	18.78669739	18.44301605	19.34529305	18.45553207	20.53763199	20.39320183	21.49066925	20.3058567	19.74827385	20.51931763
XP_004604573.1;XP_004604572.1;XP_054996331.1;XP_004604575.1;XP_004604574.1;CON__Q2KJC7	21.65263557	18.98888206	19.74840546	21.20782661	18.73082161	20.18616295	22.12123489	21.51176262	20.18192291	19.43134117	18.62973404	19.66033363	20.00072098	16.57157516	20.69990158	19.25855446	16.69547272	18.42632294	19.21777153	19.14578438	26.14160728	16.8054924	20.2429409	19.32851791
XP_004604597.2;XP_004604596.2;XP_004604599.2	19.00666237	18.93284607	22.16134071	21.96243477	18.52261734	19.96125412	19.80972672	21.88714218	20.18079567	19.31041908	19.20864105	19.39312172	19.29459763	18.66240501	18.98737335	19.32310677	19.20032883	19.61646271	20.48443794	19.47070503	21.24754143	20.87410164	21.89980698	20.687397
XP_004604611.2	24.07977104	24.36873055	24.44063187	24.67330551	25.28905106	22.702631	24.6612854	23.70640755	22.48814583	24.41751099	24.3068161	24.07911873	24.16844368	24.26492119	23.55894279	23.41854095	23.08687973	22.65665436	24.39093399	24.57842255	23.57807732	24.11870193	23.54203224	24.2507534
XP_004604617.1;XP_054996489.1;XP_054997176.1;XP_055001226.1;XP_054997163.1;XP_054997172.1;XP_054986377.1;XP_054979671.1;XP_055003302.1;XP_054992939.1;XP_054979672.1;XP_054978834.1;XP_054983994.1;XP_054982736.1;XP_054984505.1;XP_054974206.1;XP_054978918.1;XP_054980501.1;XP_054993029.1;XP_054992495.1;XP_054986510.1	25.02495956	23.25493813	24.54657364	24.59536934	20.10961723	22.90930557	24.1848011	25.1075325	23.46014023	21.88386536	23.65184784	24.51977348	24.75098038	23.95278168	24.08220863	24.76390076	23.82541656	23.53919411	24.33926201	22.97082901	24.58943748	24.54857254	24.868536	24.18268204
XP_004604627.1	22.1833477	20.01413536	23.50603294	25.15846252	24.6601429	21.36217499	17.97873116	21.04853249	21.18362045	20.19544411	23.26011848	24.06241798	22.51501465	22.12937164	22.62871933	23.57091713	25.65130043	23.57056999	25.16737175	23.17258453	24.71177292	25.80751991	23.04296684	25.09301376
XP_004604630.1;XP_055000854.1	21.26401901	21.39110565	22.04153061	22.32481956	21.51364326	19.18018341	20.78731918	22.56525612	22.02140617	20.96141052	21.53355026	22.89016914	22.15199089	21.6816597	21.82648277	22.16698837	22.56632423	21.06407928	22.04776764	22.54750252	22.49069405	22.83730507	21.50382805	22.56702042
XP_054994287.1;XP_054994281.1;XP_004604632.1	22.15000916	23.41066933	21.53473854	21.07319832	19.79101372	21.08440018	22.3329525	22.14553833	21.23666382	21.45171356	22.82125664	22.92477226	21.09693336	21.30952454	21.98067665	21.26785278	20.89681816	19.69190025	20.38837433	19.47595596	23.63023186	19.74743843	21.33532715	21.74221802
XP_004604748.1	23.20936012	23.50615501	23.47456932	22.97349548	19.22858429	24.41073418	23.53041077	19.47141838	23.34921837	23.43707848	20.75507355	23.50893784	19.90689468	22.37975502	19.42281151	18.48784447	22.33510971	18.55871964	18.87080383	17.99183273	21.77956581	21.97522736	19.89830971	23.28517342
XP_004604752.1	24.46500778	23.21944046	24.31049538	23.23664856	22.5492897	23.68335342	23.64118958	23.38258171	23.85329056	23.94252777	23.34529877	23.81977654	23.33592606	24.10085297	24.30124474	24.26241302	22.37065887	24.00530243	24.00427437	23.6711998	23.94055748	24.40204048	23.81450462	24.26305962
XP_004604763.2	20.07727051	19.17487335	19.26023293	20.39831734	20.3795414	19.39162827	21.11184311	21.76979446	20.06924438	20.60891914	22.06834984	21.04179764	21.69604301	19.393116	20.35606003	19.33332634	22.95583534	22.65401268	22.09410095	21.45603371	22.07789803	21.048666	20.65604401	20.76838112
XP_004604771.1	21.97270584	21.27156067	21.56899261	21.96003151	21.20794678	21.86623573	24.85195732	21.95627785	21.99796867	21.46203804	21.44970131	21.25003052	21.62671661	21.22399712	21.5267849	20.18725014	21.20633698	21.07639885	21.24278069	21.49658012	24.92506218	20.99106216	21.68375969	21.65538979
XP_004604781.1;XP_054973960.1	24.00761414	24.11457825	24.22582245	23.9717598	22.43173409	24.19234657	24.39982605	24.71145821	24.02647972	23.12316322	23.99334526	23.72816658	23.51881409	24.58823586	23.57980347	23.68078041	24.35756493	23.77072144	24.620924	24.15730667	24.31375122	23.56825066	24.44411087	24.60337067
XP_004604782.2	27.24290848	27.47560501	27.01169395	27.37301826	27.00731468	27.20862389	26.94536591	27.20685577	26.77655602	26.73827934	27.77906418	27.15064049	27.0987854	27.34705734	26.98771858	26.79488754	27.15015602	27.3765831	27.20461845	27.23086739	26.63519478	26.00208664	26.8348484	26.83231544
XP_004604795.1;XP_054996860.1	24.81836319	24.87581825	24.24394417	24.25169182	24.26198387	24.66400146	25.32628822	25.37464523	24.78989792	24.10461617	24.87342644	24.26735115	25.07103729	25.37660027	24.41428757	24.00049782	24.31755257	24.67734337	24.47494125	23.93678856	23.42956352	24.65190125	24.30973244	24.02140617
XP_004604817.1;XP_055000450.1	26.80082321	26.02445221	27.39402962	27.07632828	26.51505852	25.9972477	26.65499115	26.83569145	26.79847717	26.09635544	26.68605614	26.8411026	27.21521187	26.34121323	26.60851288	26.36806297	26.21437836	26.23739243	26.44063187	26.27717781	26.760149	26.69577599	27.05837631	26.80943489
XP_004604886.1;XP_054986073.1;XP_054986072.1;XP_054986075.1	23.9142437	23.12712097	23.70028305	24.79074287	22.68498039	23.10090065	24.20694733	23.04841614	23.37769318	22.20212746	22.77601433	24.22125626	24.49442101	22.96068573	23.66773987	23.70091629	23.04818344	23.5932045	23.67087746	24.08123398	24.0795269	23.84306908	24.36999512	24.12478828
XP_054987780.1;XP_004604893.1;XP_004608286.2;XP_012789660.1;XP_054986461.1	25.62850761	25.88362312	25.17497063	25.31150055	25.58683395	26.03172684	26.42260361	26.30820656	25.91857147	25.19974136	25.97854042	25.82592583	26.15418053	25.35981178	25.24905396	25.16457367	24.97364426	25.39073753	26.02991676	25.022295	25.43536186	25.26656532	24.75603104	24.83050156
XP_004604920.1	23.40820885	22.5837574	23.87567711	24.12399864	24.24778748	22.70935631	23.24696159	23.68891144	23.57588577	22.75531769	23.36011314	23.80793762	23.56220627	23.47333145	22.7055645	23.09469604	24.0560627	23.17867661	23.87539673	22.37578583	23.84182167	23.78835487	23.94842148	23.93822479
XP_004604939.1;XP_004618928.1;XP_004614079.2	26.6180687	25.79369736	26.72442436	26.20448685	25.85673714	26.61076736	26.26510048	26.44251442	26.05583382	25.68469238	26.47415161	26.138134	26.59448624	25.59747314	26.40382957	26.10888863	26.1339283	26.11289024	26.76799774	25.94808769	26.13390732	26.16568756	26.02208328	26.34453583
XP_004604979.1	22.56848335	22.72656631	23.0826149	22.90855598	23.16507339	22.96098518	23.08082771	22.69183159	23.08462715	22.84922981	22.35369301	22.74605751	22.63555527	22.31224251	22.09548569	22.48428917	23.00602341	22.23934746	22.90367317	22.47795677	22.57535553	22.70710373	22.61992836	22.82289124
XP_004605001.2	26.52022362	24.58520126	25.56057549	25.47620773	25.12966919	25.85742569	26.26164246	26.35585213	26.54454041	25.04088783	26.15855789	25.32495117	25.88054276	25.47784615	25.14806175	24.68115616	24.53433418	25.26835251	25.54401016	25.78897667	25.43026543	25.43119049	25.5125885	25.55060005
XP_004605044.1;XP_004605043.1	22.33633614	20.54311943	20.89814758	20.45422745	20.74254608	20.71808052	20.40924644	18.48239708	21.12924576	19.0260067	21.61925697	18.21448326	20.4799099	18.97695541	20.17292023	19.63015938	20.28455353	18.48013115	19.70846939	20.64920425	18.4701786	19.24023628	20.59085464	19.07703018
XP_004605045.1;XP_054986305.1	26.55218506	26.63768387	26.92263603	26.70516968	26.58706284	26.25778198	26.81237602	27.39640045	27.08517075	26.24597549	26.99862671	26.66682053	26.98109055	26.54051018	26.59063721	26.08545494	26.09782219	26.42404747	26.2921257	26.12986565	26.35142708	26.32194328	26.99927139	26.2435627
XP_054998686.1;XP_054988319.1;XP_004605078.1;XP_054989307.1;XP_054993805.1;XP_054999365.1;XP_054994065.1;XP_054985596.1;XP_054975614.1;XP_054996048.1;XP_012790574.2	25.45048141	25.55856323	26.43076134	25.77024269	25.45541191	26.14456558	26.3911972	26.38429642	26.22433281	25.59288979	26.60724258	26.76091003	26.39188576	25.71282387	26.36937904	26.15205383	25.39083672	26.38660049	26.102314	25.69872093	25.64474106	26.07066917	26.13337898	26.08009529
XP_004605080.1	19.62790108	18.77035141	20.86287308	19.91495514	20.34819221	21.78452682	21.87090874	21.2934494	22.4860096	22.09339142	23.4314785	21.79181671	22.23368263	22.50470161	21.09345627	19.52129364	20.29052734	20.49374962	20.00990486	19.60077667	19.12026596	21.08154297	19.87181664	19.9591465
XP_004605119.1	26.2416172	26.99518013	25.91321564	25.83076859	26.49187088	26.93618202	26.00015259	25.16422844	26.30570412	26.95858955	25.59877968	25.84287643	25.79223251	26.42278099	25.55021858	25.45019722	24.63986588	25.44594383	25.12080002	24.90797806	24.42399788	24.13288879	25.83917999	24.7565918
XP_004605120.1	30.15436363	29.55647278	29.80043793	29.3532753	29.77398109	30.76840782	29.28162384	29.44919777	29.89680481	30.62444496	29.31135941	28.93601418	28.94556046	29.33304596	29.32941437	29.57596588	28.794981	28.91430473	28.52492142	28.4256649	28.19961929	28.01632309	29.53871346	28.4561882
XP_054987948.1;XP_004605254.2	19.65574837	18.4027729	21.74291611	21.97218132	23.12985802	20.03264236	21.80459404	22.34797668	23.03538513	21.63333893	22.72319603	19.71184921	22.22546959	21.35997963	20.92274094	21.29608536	22.27872467	20.10566139	20.73920441	21.53416824	20.67933464	22.55166245	22.37302589	22.50586319
XP_004605266.1	26.98468018	27.08871269	27.15528107	26.88785744	27.29692841	26.26404381	26.38660049	26.97858429	27.29570389	26.31369972	27.08192444	26.64196205	26.75353432	26.17314148	25.10237503	25.86790085	26.11816788	26.26815605	26.67962646	26.97814751	25.46640778	26.154953	26.88866997	25.52814674
XP_004605284.2;XP_054987238.1	23.85300446	22.45921516	23.22387886	22.9460659	22.78148842	23.23555374	23.02580452	23.58221817	23.14081955	22.27773094	23.02656555	23.09529305	22.77330017	23.34786797	22.70019722	22.22981644	23.03113365	23.23666382	22.60783577	22.67012024	22.8060112	22.30760956	22.62629318	23.26527786
XP_004605357.2;XP_055002886.1;XP_055002885.1;XP_004617448.1;XP_055003054.1;XP_012790179.1	21.75331879	22.90615273	22.98506165	22.45427704	22.41900253	22.52329636	23.15273476	22.68213272	23.28149986	22.64317322	22.9197979	22.69996452	22.3793335	22.19856453	21.87594032	22.01852226	22.29288864	21.73710823	22.48726273	22.18228722	23.19573021	22.39186478	22.88196182	23.40730286
XP_004605366.2;CON__Q9TRI1	20.41547203	18.70870018	18.70610428	19.15750313	20.08615112	20.18910217	18.91064262	19.80589294	19.66970634	18.50486183	19.64061165	19.39442825	19.7240963	19.7426796	19.89261055	18.90182877	19.82486725	18.6123848	20.87651825	22.05185509	22.70562744	19.85663795	20.92324829	20.0256691
XP_004605395.2;XP_055002945.1	20.78052711	21.98815155	21.59868813	22.21803665	20.91327477	21.24045372	20.99230766	22.62316895	22.07479858	21.43277931	21.74501038	21.90539932	19.02315331	20.33864975	22.51455879	21.40051651	20.43450928	21.93808174	21.93145943	21.7489872	21.19026756	22.95096779	22.33183289	21.23876381
XP_004605401.1;XP_054983340.1;XP_054983339.1;XP_054983338.1;XP_054983792.1	25.1601181	26.25697327	25.12880516	25.04518509	25.28422165	25.15282631	24.94422722	25.82830048	26.36285782	24.69466209	25.16015625	25.59980202	25.60291862	24.36972809	25.11521339	22.66949272	24.93674469	24.19038963	23.65676498	22.74223709	25.42476845	21.49370193	25.11143875	24.37908173
XP_055003430.1;XP_004605420.1;XP_004605427.1;XP_004605421.1;XP_004605426.1;XP_055003427.1;XP_055003429.1;XP_004605422.1;XP_054975851.1;XP_054975857.1;XP_054975850.1;XP_054975849.1;XP_054975853.1;XP_054975854.1;XP_054975855.1;XP_054975848.1;XP_054975856.1;XP_054975847.1;XP_054975874.1;XP_054975852.1;XP_054975865.1;XP_054975860.1;XP_054975861.1;XP_054975862.1;XP_054975863.1;XP_054975864.1;XP_054975873.1;XP_054975858.1;XP_054975866.1;XP_054975867.1;XP_054975868.1;XP_054975869.1;XP_054975871.1;XP_054975872.1;XP_054975846.1	21.8047123	21.22140312	19.87955666	20.23081398	21.45908928	21.23139954	22.60489845	22.22031021	21.50726891	20.36579895	20.74155998	17.96797562	19.2798748	21.622612	20.72941208	21.18259048	19.7604332	19.93699265	19.90113449	20.67495346	21.16152573	20.72858238	20.21537209	20.81971741
XP_004605484.1	20.760849	20.04296112	21.84850311	20.57200432	18.70799446	21.19910431	21.28133011	20.79503059	20.95936012	20.52716827	21.2681942	21.22541046	21.74423027	19.34599686	20.45050621	19.46408272	19.38371086	20.27757645	19.50285912	19.15509033	19.92684364	19.67974854	21.3406601	19.0506916
XP_004605498.1;XP_004605496.1	23.5447464	22.2038002	24.46830559	23.61840439	23.58485794	23.22398186	23.56987381	23.59786987	23.47593117	23.33388138	22.71101761	23.35137749	23.30591202	22.65462494	21.97249603	22.10386467	22.60324669	22.42948723	22.58776665	21.43644333	22.82115936	21.84065056	22.24614906	22.52902794
XP_004605590.2;XP_054992404.1	19.32456589	19.43802071	18.46064568	19.51765251	19.42695427	22.12927628	21.707798	21.21074295	19.78650665	18.67678642	21.41292	20.57607079	20.2819519	18.68684387	23.38534927	23.15750694	21.77019691	19.35181999	22.41152382	21.07215118	23.59571075	19.5146389	22.15915489	22.84249306
XP_004605597.2;XP_054979678.1;XP_004605596.2	21.71019745	17.79368401	21.74304008	22.39094734	19.23499298	19.7653389	21.39026642	21.53820038	21.94456673	22.4245491	22.05712128	20.34251404	20.0528965	21.13301468	19.5742569	18.36811066	20.65280914	21.02762794	21.3956089	20.21689034	22.16106415	20.6510582	20.9924469	21.82671547
XP_004605615.2	24.27951813	23.56045914	24.05316353	24.72150612	23.99929237	23.57738495	23.30924797	24.08731842	23.76009941	23.74324417	23.06236839	24.31381989	22.50208092	23.43491745	21.52434921	23.45400047	23.80400276	23.85243416	24.20344162	23.68688393	24.42847824	24.26563644	22.98570442	24.05540085
XP_004605621.1	24.19091606	23.31520462	23.8643856	21.79348373	22.83695793	23.55730629	24.45613289	22.86936569	23.27980042	23.47852516	22.97342491	22.72860146	22.74114799	22.29201698	23.36212158	23.5225296	22.43285561	22.68865585	23.17128754	22.82283211	22.60129929	22.84989738	22.39482498	23.32251167
XP_054990726.1;XP_004605700.1;XP_054990725.1;XP_004605698.1;XP_054990727.1	18.53017998	22.4767952	23.01051903	21.04553604	22.74763489	22.04019356	22.67480278	22.15517616	22.41041183	21.37156487	21.64293098	22.69723129	21.95386505	19.59114456	21.62417412	18.54565048	20.71229935	19.21154785	22.17267609	19.64132118	19.48635483	21.46980858	21.94688797	21.4125576
XP_004605764.1	21.93138885	21.95517921	21.62867546	21.40327644	21.84371948	21.91137505	22.38897896	22.7027359	23.18787003	23.35326385	21.89666939	21.7055645	21.56555748	18.57174492	22.0354023	21.69370461	22.7621479	21.49623871	21.9430275	22.03402519	21.81100082	22.0446682	21.29574966	21.41436577
XP_004605813.2	25.03498268	23.49497032	23.17298126	22.46136475	24.43548965	24.81151962	24.67265892	24.52121162	25.20929337	24.97618103	25.08395576	24.59462929	24.92211533	24.10908699	23.93174934	23.62544632	26.09862518	24.29045677	24.92546844	24.26613617	23.97149658	26.747015	24.24894524	24.57224655
XP_054993132.1;XP_004605819.2	21.80045319	21.97921181	22.86045074	22.40934944	21.98161697	22.10027504	22.81936646	19.90604019	22.5563488	22.27494812	21.94356537	22.01838684	22.50467682	19.30402946	22.14765167	19.96100998	21.15468216	19.26169014	19.49295235	21.35482407	20.42839241	21.93664551	22.07770157	22.07998276
XP_004605851.2	20.80679893	19.85417747	19.73314095	19.20072556	18.83080673	20.80632591	21.38721848	21.1515274	19.83252144	18.14291573	20.4788208	20.79922867	21.27457809	18.72124481	20.63103104	19.24775314	18.63968277	19.70116997	18.54110718	19.09707451	18.78803635	19.65865898	19.09164619	19.47881699
XP_004605859.1	21.95112801	20.49872398	19.71977043	21.61732864	19.86953545	19.14701271	18.96899986	20.78420639	20.98912239	21.69807816	18.91970825	18.28375053	20.5859127	20.40675735	19.77880859	22.68071747	20.2433033	21.24057007	19.35356903	21.15517616	19.7152195	20.54113388	21.94195366	19.95418549
XP_004605860.2	23.59491348	23.19445229	24.94176674	24.92940331	24.7450428	23.3731842	23.13592911	24.04017639	23.62042046	24.33060265	24.92917633	25.51174355	25.14425468	24.32855034	24.94846535	25.21652603	25.5159893	24.61537743	25.60628319	24.67362785	25.19932938	25.88713646	25.52638626	25.91255379
XP_054990908.1;XP_004605885.1	24.36759758	23.71607208	25.51056671	25.81882668	25.49664688	23.66155624	24.30570412	24.74929428	24.64405441	23.68206787	24.7967453	24.9077034	24.56929398	24.48265457	24.4256649	24.20463753	25.4771347	24.11854362	24.98359299	23.75113487	25.33633614	25.34007645	25.39731407	25.66256142
XP_004605903.2	20.70108604	19.46585846	20.64306259	22.21620178	22.20997047	20.63573265	18.22642136	21.07705116	21.12363625	20.57320786	21.94374466	22.64475822	22.35207748	21.00703239	20.18034554	22.55627823	24.53807068	21.83387375	24.2666378	22.51725197	23.12085533	24.40743256	21.60349655	24.20508385
XP_004621396.1;XP_004605913.1	23.95349312	23.46923828	24.08934021	24.37212181	24.36466217	23.67863274	23.93858528	24.86561394	23.96543121	23.14513397	24.46718597	24.32765961	23.87755013	24.06068611	24.18767357	24.18895721	24.73814964	23.9671917	24.71292877	23.09314919	24.31934547	23.99946594	24.33435822	24.38053513
XP_004605915.1;XP_004606022.1	29.32390785	30.07724571	30.16482925	29.52587509	29.64325333	29.24837112	30.14297104	29.72126579	30.19060516	29.41808128	30.0489521	30.01291847	29.3950119	30.02088737	29.72421265	29.10706902	29.23240089	29.32234001	29.31505775	29.02493286	28.92419624	29.00883865	30.06059456	29.03241539
XP_054976794.1;XP_004605961.1;XP_004620338.1;XP_054977049.1	27.00024033	26.8773632	27.42822266	27.58060837	27.72916603	26.51517868	27.08942032	27.54988098	27.16288567	26.3653965	27.26373863	27.76053047	27.52193069	27.30086136	27.3279171	26.8872757	27.58970833	26.98891068	27.25421715	26.61456299	27.32945633	27.40291786	27.12149239	27.82116318
XP_004605964.1;XP_004612434.1	19.16098022	18.87490845	18.86715126	19.71497536	21.03251648	19.66955757	19.2883606	19.65307236	18.8630352	18.82740974	20.47813034	20.47526169	19.00585938	20.64675903	19.31513405	19.93545914	18.86505699	20.16827583	20.31229782	20.08822441	20.48138618	20.90653801	21.01092911	19.28389168
XP_054992619.1;XP_004605980.1	23.32374763	23.76324272	19.62724876	22.65532303	20.34592056	22.44404793	24.19242287	23.5225296	23.51195526	21.27895164	20.99230766	23.32154846	23.67087746	24.02512932	22.25104141	18.10193634	20.2937851	20.75156403	22.06282806	20.11375237	20.35906792	20.36922264	24.43096733	20.1683979
XP_004605985.2;XP_054990380.1;XP_012787693.2	22.94263458	21.9285717	23.41557693	22.72677422	20.75987434	22.63347244	23.06685638	22.96435738	23.02482414	22.57766151	23.06708717	22.10066032	22.74933434	22.40486145	20.46343613	21.36452866	21.50256538	21.99748611	21.9998951	22.66399002	21.87713814	21.39142036	22.65595627	22.44997787
XP_004606069.1	23.87192345	18.19835472	23.85804176	21.92212486	21.64912987	22.57290649	23.27795792	22.9771347	22.61746407	23.05460548	22.63847542	21.26567841	21.77177048	22.83842087	23.47605324	22.93448639	21.37888336	21.98018837	22.84210968	21.00470352	23.35756493	21.58325195	22.12600327	23.39884758
XP_004606154.1;XP_055001645.1;XP_054983398.1	28.68227577	28.0625	29.33255386	29.36534119	28.7872467	28.13907051	28.10774231	28.64292526	28.14535332	28.35661697	28.46913719	28.84113121	28.31838036	28.56347275	28.58330154	28.87751007	28.99142647	28.37019348	29.04432106	28.74691963	28.91581535	29.33093262	28.56212616	29.35146523
XP_004606183.2	20.83707428	20.85231972	23.0283699	21.77996635	21.72125626	20.78044701	20.79970169	21.03959084	22.23689651	21.94913483	22.20421982	21.67154694	21.62823105	19.24845123	22.49872398	22.28745842	21.30457687	18.95148277	21.73061371	21.70661926	20.38942528	22.7171402	23.17479515	21.12533951
XP_004606206.2;XP_054978036.1	20.17316437	18.5629158	22.16244698	19.33315468	19.84202576	19.88396263	20.81651878	20.21252441	20.88166428	18.48116875	20.97330284	21.81096077	21.96080971	19.4805603	21.41017723	20.98447037	19.63903999	19.35390854	20.9557457	19.49663925	21.94838524	19.64830399	21.3259182	21.80506706
XP_004606207.2	19.32862282	18.38986588	22.36551666	24.4402504	23.68088913	19.68222618	20.08531952	19.56900215	19.89138412	21.57168007	21.91082573	22.57736206	21.12041283	21.06710434	20.61072159	22.18525505	24.71182632	22.51655579	24.49087715	21.72288322	23.09789848	24.52689362	22.59821129	23.76009941
XP_004606216.1	20.56107521	19.65300179	21.0263443	21.74648857	20.81401634	19.13636017	18.44408226	20.84575081	20.7012558	20.04301071	20.1954174	21.18537712	19.58938217	20.56066895	20.17102051	20.43250275	21.27985764	20.46343613	21.23917198	18.80833435	20.41854095	21.88319397	21.25701332	22.42526627
XP_004606226.2;XP_055000658.1	25.40551758	24.8042984	24.9962368	24.25378609	25.01894569	24.53219604	24.38719177	24.88516045	24.72790718	24.73365784	23.92623901	24.67141724	25.12392044	24.90646553	24.89545822	25.67930412	24.37152481	25.37537384	24.66470528	25.32333565	25.01375961	24.47004509	26.30396271	24.96503639
XP_004606239.1;XP_054996800.1;XP_054983924.1	26.13165283	25.20015335	26.71607208	26.00382423	25.22670364	25.63892746	26.32741928	26.54490852	25.92929077	25.87867355	26.01260948	25.44050407	26.0485363	25.88557816	26.24957848	25.38811111	25.12833214	25.64438438	25.87222862	23.97009277	24.9583683	24.96221352	26.20558739	25.6163311
XP_004606303.2;CON__P02672	26.32345581	25.65184784	25.78459167	25.35036659	26.14028168	25.56124496	25.47651672	25.82221031	26.01675987	25.95278168	24.94252777	25.53848457	25.93584442	25.57175636	25.90237617	26.76433182	25.26599312	26.12372398	25.47001266	26.3627739	25.47834015	25.05042648	27.06876373	25.95267105
XP_004606415.2;XP_004606414.2	25.65733719	24.75297356	25.90932846	25.76227951	25.28824043	24.83658218	25.03494072	24.8545742	25.36949539	25.14592743	25.74552917	26.23024559	25.11330795	24.98381042	24.74693871	24.19610405	25.40603638	24.63969994	25.35676003	24.92084312	24.66887665	25.36335945	25.31478882	25.31001091
XP_004606423.2;XP_004619557.2;XP_054989137.1;XP_054989897.1;XP_054980440.1	29.89492798	28.48838043	28.01190567	28.00077629	28.0730114	28.99366951	29.72785187	28.91678429	28.79705429	28.53330231	28.66709137	27.78437805	28.10579491	28.07627678	28.60756111	27.65423965	27.12976837	28.37861061	27.73201561	28.23940659	27.61953926	28.09823418	27.40559959	28.11565018
XP_004606530.1	22.88427544	22.00864029	23.32182312	24.09393883	23.16928482	23.70503807	22.69491577	24.22699738	23.7564373	23.757761	24.29424858	24.05125618	24.01256752	24.01231194	23.58382607	24.11378479	24.54927826	23.65151787	24.53207588	24.4897747	23.62075615	24.41344833	24.38791466	25.02288818
XP_054996830.1;XP_004606555.1;XP_012788046.2;XP_004612207.2	19.27590179	19.85975266	22.09654808	21.02580452	20.99700356	19.14159584	19.69684601	21.29097748	20.36911583	20.05430794	21.52492142	21.39649773	21.50324631	18.86700821	21.08984184	19.40806961	20.99858856	19.21826935	22.8579483	17.99634361	20.53990555	20.56244087	21.14513397	20.77707863
XP_004606567.1	24.8950882	24.41828346	24.37716293	23.9996376	24.46768379	25.05034447	24.29761124	25.06858063	24.55233002	24.6025219	24.88371658	24.61543274	24.59815407	24.53712273	24.14398193	24.23819542	24.33939743	24.29831123	24.0464344	24.64652824	23.85071754	25.49057007	24.00144196	25.18861771
XP_004606577.1	18.89480019	18.79499245	19.98307419	19.28601456	20.98945808	18.64937592	21.37978172	19.45774269	18.602808	19.79378891	19.71556664	20.33962822	18.17470169	19.80851364	20.36013794	18.71483231	19.7279129	19.50697708	20.2324295	19.00995827	22.59768867	19.085289	20.49327087	20.14912033
XP_004606612.1	20.03408432	19.24104118	21.36088943	21.43883133	20.89554214	19.61273956	21.11108017	21.80203247	21.67801094	20.68463898	21.56602287	18.95450783	20.76076889	20.08925819	20.03689384	19.37283707	19.28157806	20.66769791	20.47743797	20.07151413	19.86598778	20.14755821	21.247715	18.86737823
XP_004606733.1	23.28531456	22.75786209	23.40704346	22.71609306	21.863554	24.45588303	22.51335335	22.06068611	21.78440666	21.94888496	23.63012123	21.87938499	22.03257942	21.95489502	23.3329258	22.96361732	21.88401413	22.3077755	22.32072258	23.77193069	22.71906281	22.17888832	22.33218765	22.98771858
XP_004606749.1	24.61694717	23.82182121	25.54091072	25.59880829	25.13946152	24.24510384	25.29424858	24.63798904	24.20344162	24.62934303	25.29911423	25.80405235	25.7470417	24.75419617	25.25374985	25.45236778	26.08253479	24.77334023	26.0298748	26.27398109	26.32178879	26.27754974	26.1710434	26.59491348
XP_004606750.1	24.76501465	24.94498634	24.23659134	23.76951218	24.0936985	24.59314728	24.41306114	25.43205261	24.84249306	24.41834641	25.01839447	24.19189453	24.38811111	25.81941032	24.28742981	23.41725349	23.20998383	24.30570412	23.85851669	22.62037468	22.91806984	22.96726227	23.87314415	24.08934021
XP_004606772.1	19.96042061	19.27993774	21.5884304	23.12792397	20.67046547	20.074543	20.8809166	19.31311798	21.21026611	19.50694466	20.59103584	22.01198769	21.85037422	19.97215843	21.25309181	18.56354332	21.26229858	20.24675751	18.68969917	21.08569717	21.98318481	21.20460701	21.51132774	21.55426407
XP_004606798.1	21.47377777	21.80683708	24.13084793	23.28164101	23.2588253	22.02204895	22.40621185	20.40613365	22.85357666	21.91579247	21.76194572	22.89483833	22.48074532	22.43267632	22.45377541	22.00925636	23.44455338	22.32512283	23.40652466	22.30755234	23.05736923	23.48848915	21.94674492	22.70918846
XP_054982998.1;XP_004606802.1;XP_054982997.1;XP_054993047.1;XP_054982996.1	20.03281593	22.41485596	21.9201622	21.92237854	20.31816673	21.97151375	21.76259422	23.62232018	22.2598877	19.92416763	22.50377846	21.83968925	21.67340279	21.73405075	22.77832222	21.71170998	19.66511726	21.52807426	21.73682022	21.70771408	22.57251358	21.60616493	22.42884827	21.86913872
XP_004606805.2	19.18628311	20.33978271	20.7621479	20.85292816	19.08243752	19.19253159	20.30607986	18.91443443	19.31350327	19.47459602	20.58242416	21.08186913	19.88397408	19.91978455	20.2998333	19.5208931	21.38432121	19.00139427	20.74943733	20.44869232	20.96027946	21.1594944	21.45503044	21.19766617
XP_004606943.1;XP_004616027.2	23.31920624	19.29762459	22.76755333	23.61009216	23.4124794	22.43481636	23.49057007	23.45462799	22.84804535	21.96821213	24.24568558	23.72598457	23.84527206	22.97433472	23.5525074	22.77531052	23.21734047	22.3956356	24.06587219	18.67397308	23.39715195	22.77928543	23.30117416	23.24125481
XP_004606970.2	24.16015625	22.64772606	24.41377068	24.63356018	23.13023567	24.14406013	25.04506111	24.03296661	24.63372803	24.50379181	24.73809814	23.6673069	24.91314697	22.67381287	23.77233315	22.97170639	23.30493927	22.74765587	24.17622757	23.84201431	24.1332016	23.29893875	24.37272072	24.76055527
XP_004606996.2	21.16876602	18.3481102	21.25816345	21.12697983	20.69293976	21.53440475	21.76117516	21.320364	21.40665436	20.59076309	21.5225296	21.34738159	22.44548798	21.03557014	21.20532227	20.98280144	23.79530907	21.31600571	21.33516312	21.41591263	20.98745918	21.05265045	21.24091911	21.29271889
XP_004607006.2	19.56686974	21.27645302	22.84852219	22.62433052	24.06241798	21.65184784	21.88833237	21.93268585	22.03587151	21.61436653	22.44755936	22.28666878	23.21148491	21.93387413	22.6726265	23.21080208	22.23888016	23.16035652	22.71087074	24.57357597	23.2606926	21.91239738	22.37044716	23.19664574
XP_004607032.1	19.87028313	20.0692482	20.43562889	20.10046768	19.11348915	19.24379158	21.74968338	19.59774399	21.21797752	20.58067894	19.73862648	19.16744232	20.21418571	20.00030899	20.34348679	19.59713364	19.54674911	19.66218185	18.96582031	19.84311485	21.24516296	19.16152382	20.60213661	19.31716537
XP_004607054.1	21.37538719	18.52324295	21.18283272	21.17004967	21.01672173	21.46811867	21.70311546	22.09799385	21.6218071	21.03140259	21.28087807	20.77362251	21.89422798	20.04473495	19.91466141	19.76521492	20.95850945	21.09061623	20.59295273	19.36907959	21.98488808	20.72150612	20.14080238	21.89333916
XP_004607114.1;XP_054998506.1	27.89319229	26.86655617	28.17212105	28.19168854	27.69232178	27.43857002	27.53882408	28.2058773	27.56281853	27.43005943	28.19994736	28.51397324	28.26816368	27.87032509	28.38997459	27.78544044	28.2619915	28.04536247	28.05387878	28.08040047	28.35401154	28.29784775	28.46349525	28.56681442
XP_004607139.1;XP_004607140.1;XP_054983110.1	25.35544968	24.40833855	25.38903236	24.12872696	23.49240494	24.73484802	25.21674919	25.46619034	24.77600479	24.33987236	24.63815498	24.3815918	24.96595955	23.59707451	24.45280838	24.20232201	22.59046555	23.17255402	23.76141739	23.59069443	24.15414047	23.69306755	24.18442345	24.09788322
XP_004607175.1;XP_004611369.1;XP_054974215.1	21.08712387	19.54392052	21.46642685	18.99469376	20.72899628	21.62439728	21.38706017	19.31547737	22.02830315	19.63388634	21.40696526	21.48040009	21.33319855	21.89056015	21.18930244	21.26470566	18.32339096	21.10859299	21.27366829	18.12738991	20.02489853	18.7291851	22.30766487	19.47462082
XP_004607176.2;XP_054995227.1	19.42944908	18.98310089	20.98933029	22.63904953	22.85325241	19.82426453	20.41091919	20.03641319	19.48845291	19.78708076	20.33908463	21.12905693	20.05797958	20.43033028	19.67373085	21.94984627	24.17264557	20.36046219	22.29935837	19.41656303	20.62898636	23.4379673	21.19376183	23.43377113
XP_004607182.2	22.55814743	19.01312637	20.11198997	20.49687576	19.19387054	22.8331604	21.60236359	22.05082512	22.08867645	18.78526115	19.78020859	22.07995033	21.44985199	21.66197014	21.62667084	19.94124794	18.4852581	22.4391346	22.33796883	19.2850914	21.23923111	19.32656097	19.07304764	21.76441765
XP_004607184.1;XP_054994127.1;XP_054994128.1	24.96230125	25.09679794	25.03103256	23.99014473	25.05527687	24.70260811	24.46886444	24.62561226	24.42098236	24.43675995	24.50682068	24.41557693	24.64306259	24.21208	25.04193115	24.0350666	23.67863274	23.89346886	24.10789108	24.05953217	24.04184914	23.77705956	24.28220749	24.61065483
XP_004607185.2	23.86919594	21.96954727	22.63127518	22.17325592	21.93005371	23.08571434	22.9771347	23.1126709	22.73063469	21.86725426	22.69057465	22.91511917	22.92667389	22.59185791	22.93892479	22.45209122	21.19153404	22.47980881	21.94792175	21.87526512	22.44672585	21.81741714	22.10098076	22.51600266
XP_054996330.1;XP_054996329.1;XP_004607357.2	19.60668755	19.19397736	20.69012833	21.7117939	20.59067154	20.06710434	20.16287804	20.85186195	20.18580055	20.12161446	20.13971138	21.30084038	18.95804214	20.81401634	21.95617104	22.12281609	21.46662521	20.43501854	19.10445786	20.32300568	20.70184708	21.18537712	22.26444817	21.7747879
XP_004607403.2;XP_054974635.1;XP_054974987.1;XP_054974988.1;XP_004607405.2;XP_004607406.2;XP_004620775.2	21.07391739	18.14994812	23.17392731	24.39741325	22.57165718	21.9711628	22.21827316	21.41069603	22.94995308	21.98384476	24.48806	24.93472099	24.72327805	24.39662933	23.94690514	23.251894	26.03357506	23.62678337	24.26463509	21.90444565	23.32237434	25.66065979	24.0789566	24.9077034
XP_004607415.1	21.86105728	20.70336914	21.40810585	18.20055008	22.46303749	21.31760788	19.36235046	18.45154953	19.25440598	19.27639389	21.65822601	21.15659714	20.2773056	21.70640755	20.93286705	21.62662697	22.13630486	21.33052063	22.68251801	22.51347351	20.52165031	21.09352112	21.49492264	21.63218498
XP_004607487.2;XP_054979532.1	24.66958046	23.37517548	25.04356003	25.27084923	25.48342323	24.52993393	24.50282097	24.72515297	24.19212151	25.01852226	25.90299797	26.35601997	25.69651985	25.49704361	25.25824928	25.83670235	27.2753315	26.06648827	27.18215179	25.01529312	26.41172028	26.88750839	26.14351463	27.04676819
XP_004607492.1	23.62366104	23.09567833	24.21793175	24.26241302	23.65752792	23.24298477	23.57218933	23.38745499	23.44101143	23.12864685	23.43211555	24.37610245	23.95375824	23.38007355	23.69731522	23.94413757	23.09421349	23.75796509	23.29586029	24.14584923	23.87013626	23.64559364	24.55238914	24.08513069
XP_004607495.1	24.07675743	23.25436211	25.18476295	23.14003944	22.98368835	23.61616325	23.85509872	23.00360489	23.98945236	23.22808456	22.73983002	23.53718185	23.75246239	24.12533951	23.71061897	23.40119362	22.11534119	23.11737251	23.16629982	22.25534248	23.50881577	23.2854557	23.43834877	23.37345123
XP_004607496.1	22.10347939	21.70218658	19.65581703	19.43893814	18.17557526	22.1965847	23.87427139	23.61099243	22.90011978	23.99662399	24.59063721	24.07120132	24.52354622	24.05688858	24.32416153	23.28729057	23.49277306	24.25652313	23.74304008	23.32991982	23.2736969	23.2199707	25.10253525	23.3823185
XP_004607497.1	26.91399193	26.88692856	26.48617363	25.75284576	26.04687309	26.70582771	26.89214897	26.85685539	26.75976944	26.51632118	27.11693954	26.96653175	26.58634758	27.17035484	26.50901222	26.33451271	25.3812294	26.92614746	26.87946892	26.4331665	26.07347107	26.48243904	26.53577423	26.55978775
XP_004607499.1;XP_054975082.1;XP_054975374.1;XP_012787931.2;XP_004607498.1;XP_054975373.1	19.91164207	21.52248192	22.73309898	24.52055359	23.63776779	19.64410591	20.65027046	21.73545647	20.48217392	18.72518158	19.5615654	19.17897415	18.93916321	21.1428299	20.81636238	20.4685173	22.46652603	20.69896889	20.93581772	20.72833252	22.27016449	21.46538162	22.08384895	21.53952599
XP_004607500.1	24.5428009	25.56031227	24.20493507	23.53338432	23.68324661	24.75276947	25.13829041	25.12569427	25.40671921	25.60289001	24.45167732	24.1722641	23.49497032	23.80852699	23.78486633	23.46176338	23.34272385	23.32333565	23.50312424	23.17604446	23.69221497	21.51378822	23.75031662	23.79431725
XP_004607510.2	21.69076729	21.58792686	21.23818016	21.35595322	22.25957108	22.30546761	22.17059898	23.00615883	22.68086624	21.97956085	22.5969162	22.37148476	21.81499481	21.64983177	21.8144455	20.06999016	20.15783119	20.35099983	20.12351036	18.63227654	21.35002899	20.78188705	21.01181602	20.86876297
XP_004607530.1	22.33946419	22.35390854	22.00580025	22.97007561	21.88528061	22.06259918	22.57029152	22.41745949	22.55662918	21.76587486	22.35936165	22.42401123	22.27846909	21.13902473	21.28421402	20.33429146	20.60720444	20.80946922	21.67318726	21.48654938	21.61786652	21.32558823	21.98203468	21.72317505
XP_004607542.1	22.94165039	21.16968346	22.76229095	22.60785866	22.6691246	22.37991524	22.58228683	22.92961884	23.03746414	22.95278168	22.06562424	21.81581497	22.48591232	19.2191143	22.23353577	22.00993919	21.34310341	21.6762886	21.53914833	22.43844986	22.24754143	24.01384544	22.09016418	22.11413383
XP_054975466.1;XP_004607544.2	19.70206833	19.18608093	20.62390709	21.45743752	20.5602951	18.37099648	19.24933434	19.94843483	20.17059517	19.85905266	18.94271278	21.51686859	19.41177177	19.24627686	19.44108772	20.3140831	23.64943695	20.94570923	22.15937042	20.54018784	21.17609024	22.16514969	19.23864937	20.96747398
XP_004607579.1;XP_054989364.1	25.0370369	25.49917412	25.62864685	25.68875122	25.17089081	25.81702042	25.84119797	26.07824326	26.47716713	25.53166008	26.25255775	25.81797218	25.27515411	25.48083687	25.07038307	25.12935448	26.19187737	25.03431129	25.61944199	24.8388443	24.9862442	25.84902382	25.73187256	25.63793373
XP_004607625.1;XP_054975042.1	19.45020676	21.2209301	19.54734421	20.49886131	19.03779793	19.28876495	22.55349159	22.76111412	22.0628624	20.20132065	19.69909859	19.76221275	19.78235435	18.0669632	18.91535759	20.04600334	20.10401535	18.76238632	18.74157143	18.37939835	20.25718498	18.23203087	19.53130913	19.93646622
XP_004607626.1	23.7957058	24.49564171	24.41008759	24.33694839	24.60212517	24.5637207	24.70698738	24.86372375	24.29031563	23.90104103	24.60150146	24.03741455	24.61571312	25.43514061	23.87135887	23.83951759	25.0496788	24.60704613	24.55882454	23.49448204	24.64603424	25.17539024	24.0444355	24.34840775
XP_004607683.2	22.26542091	21.33303452	22.66083908	18.96392441	19.30431175	21.53141022	21.1692543	22.3293438	22.42111206	19.30688667	21.77265549	21.66618156	20.3573494	18.68522263	20.51816559	22.16643715	18.71806145	19.76682663	20.80577469	22.14873695	21.44490814	23.02419853	18.37660408	21.93448639
XP_004607685.1;XP_054975353.1	25.03447914	25.32902908	24.64405441	24.40769005	24.403862	25.61099243	25.55391312	25.18518066	25.51544952	25.20862389	25.25655937	24.8933773	25.00024033	25.30316162	24.67174149	24.21267319	23.44088364	24.72691917	24.96556473	24.63948059	23.7664814	24.08820724	25.02136421	24.19422722
XP_004607690.1	24.15135574	23.72275734	24.58262062	24.96750069	23.87745667	24.01699257	24.57588577	24.90122604	24.61941338	24.06044006	25.1529808	24.63256264	24.34773254	23.99455452	24.53516579	24.38798141	24.29228401	24.3939476	24.85028839	24.46737289	24.36479568	24.57323074	24.59707451	24.72759438
XP_004607693.2	19.71948051	18.3621788	17.63474083	19.36738586	19.4022007	18.85915756	22.05135727	20.05691719	20.4403286	18.85056496	24.27689362	19.13881111	18.46789932	19.16106796	22.38255501	20.42991066	18.88389206	18.02864075	19.35384941	18.11218071	22.955019	21.56755447	19.62190437	19.56876183
XP_004607727.1	19.07725906	18.92279816	20.70649338	19.40649414	19.78352547	18.84863472	19.88842773	20.47476768	20.73082161	18.40909767	19.71744537	20.07894325	19.70351601	19.62752724	19.47114182	19.20755386	19.61566162	19.17468071	19.78744698	19.50245857	18.52592659	20.56085396	19.95971298	19.3620472
XP_054981082.1;XP_004607746.1	20.48555374	19.53315163	18.6804924	19.60881233	19.27362251	18.35019684	20.41503525	20.53886414	20.53193283	18.82058907	21.05761719	22.52614021	21.05688858	21.81991196	21.50610542	19.2192955	19.15888977	19.98287201	18.86161423	20.41945267	21.21850967	19.24687576	19.74806595	18.45542526
XP_004607758.1;XP_055002162.1;XP_054979880.1;XP_054986862.1;XP_004601850.1	21.93599892	20.50610542	21.34451294	22.36110497	21.671978	20.3194561	21.09821892	21.68148804	21.74980545	18.53585052	21.6088295	22.2202816	21.34781456	20.98974609	20.77137756	21.05834389	21.96543121	18.71051025	21.66518402	21.00442886	21.95751953	22.88637924	22.41403008	22.14895439
XP_004607764.1	19.21058846	19.48280907	20.17986107	19.54391479	19.3400631	20.46273804	20.66968727	19.34721756	20.12666321	19.31737137	20.99670029	19.92225266	19.26638603	20.43358994	19.31303596	19.22647667	19.97280884	18.94831848	19.01548195	19.33615303	20.74297142	19.25652695	19.70526695	19.5744915
XP_004607785.2;XP_055001133.1	25.78773308	23.85062218	25.42527962	24.70656586	24.56307983	24.6139164	24.77454758	24.75475693	24.62817383	24.76121521	24.4655056	24.99972343	24.80148888	24.84196472	24.97508812	24.39460182	23.92397499	24.39982605	24.34170532	23.93111801	24.45638466	24.29424858	24.73402023	24.42803001
XP_004607883.1	23.38824272	25.54660225	23.95828056	21.86226845	24.44915962	26.06601524	24.02394485	22.66514015	22.56613922	23.72327805	21.82563019	22.95302963	24.63870621	25.5092392	22.39424896	23.63843155	23.18750763	22.79183578	21.18180275	19.4252491	19.50720596	22.89583778	21.90404129	22.56602287
XP_004607885.1	23.50263786	24.26535034	24.0832653	25.4840374	22.90135384	23.91012955	24.71250916	23.64229202	23.19062996	22.16508865	23.74345016	24.42585564	24.43974304	23.78476524	24.08748055	23.92605782	23.43733215	23.18643379	23.62321472	22.65368462	23.31478882	23.7165966	24.63389397	22.89452553
XP_004607916.1;XP_054974035.1;XP_054974034.1;XP_004619884.1	20.93869209	18.54447365	22.06913757	20.75800514	21.94363594	22.23765564	21.67266846	21.46328735	22.63096428	19.61451149	21.74796295	20.9380455	20.99803734	18.39076805	20.50057411	19.07213211	20.68551445	19.51146317	20.4841423	20.40976334	19.94334984	20.85916138	20.90168571	19.28168106
XP_004607947.1	27.59020805	26.85578728	27.48569679	27.4889946	27.06424904	26.83833885	26.97147369	27.11416245	26.92297745	26.4303627	26.70951462	27.13212395	26.93606949	27.05951118	26.07828522	26.17809105	26.34475708	26.27552795	26.78656197	26.85982132	26.50919342	26.98999405	27.11624527	26.73156166
XP_004607959.2;XP_004607957.2;XP_004607956.2;XP_004607955.2	22.07669258	22.89639282	21.92263222	22.4545536	22.67359543	23.15565491	24.06579018	23.04131317	20.05861282	22.10126877	23.26456261	22.36153221	22.76664352	22.40885735	24.05738449	21.98241806	22.23654747	19.78160095	19.22183418	21.88636017	23.33279037	22.34302139	21.64741707	21.82271576
XP_004607974.1;XP_004607973.1	22.40966034	21.98631287	24.85495567	19.70183372	23.7613163	18.93564034	21.28387451	19.46985054	20.60156059	24.96455193	22.1558876	22.45417595	18.86190796	18.78852272	18.08656502	21.13138199	19.13369179	19.24572754	20.39815903	19.96915436	22.76348686	18.68006516	20.14152718	21.49335861
XP_004607978.1	19.54254341	18.85022926	21.99906921	22.01290894	21.63568878	19.35619164	18.45089531	21.49619102	19.55899048	21.30930328	20.32521629	19.71366692	20.2424469	21.27457809	21.46796989	21.65206528	21.21572685	19.95125771	21.47664642	20.82671547	20.66942787	21.03697777	22.05304909	21.03684425
XP_004608023.1	21.22570419	18.62229347	21.2896843	19.31576729	20.40581894	19.00844383	20.65394783	20.05523491	17.85035515	20.09478378	18.29552841	22.35732269	22.39485168	19.82449913	23.83855629	22.73256111	23.31285286	22.11695862	22.02255821	23.85576439	23.64515495	24.02478981	22.36722374	23.66806602
XP_004608030.2	21.39204979	19.07933617	19.23210144	21.9799099	20.96979332	20.07632637	21.43522263	20.58517838	19.34037018	18.73503304	19.40796471	19.02722168	19.11713028	21.00065231	19.0338707	19.69348526	20.95005989	19.33957481	19.14195442	22.13373566	20.17114067	22.188097	21.22617531	21.19622421
XP_004608046.2;XP_054994593.1;XP_004608047.2	23.614254	23.19913483	23.25134468	22.61259079	22.21412659	23.09431076	24.0771637	22.97032166	23.53516579	22.08105469	22.53385925	23.16290855	23.94681549	22.3998394	23.37967682	22.31755257	21.93019676	22.45239258	22.49462891	22.89406204	22.9384594	22.96921349	23.46500778	23.34556961
XP_004608074.1;XP_054995032.1	23.26011848	23.74160004	24.0390892	23.86947823	23.25983047	23.64998436	23.55367851	23.21234703	23.64405441	22.7477169	23.80232811	24.18131638	23.79728889	24.1300621	23.8630619	24.0354023	23.86750031	23.40639305	23.45838928	23.15662766	23.99576187	23.2349987	23.6399765	23.97000504
XP_004608161.2	23.39571381	23.47555923	22.70554352	23.1993885	22.82147026	23.13498878	23.80744743	23.1040554	22.84155273	22.07368851	23.36972809	23.32608223	23.30938721	23.59753036	22.75391197	22.73324394	22.72058868	23.05774879	22.84300995	22.20170784	23.07959175	23.00523376	20.32413101	23.00473785
XP_004608207.1	23.49203873	23.21031189	23.16796875	22.27437973	22.65331268	23.01314735	23.39702034	23.43631554	22.88788605	21.70480537	23.60591698	23.65665436	23.85233879	24.01154327	23.62834167	23.71240425	22.52690506	22.77225304	23.28926086	21.97084808	23.18027115	22.61748695	22.89185715	23.38890076
XP_004608214.1	29.10918808	27.74528503	28.68729019	27.67667198	28.32130814	28.27795029	28.25182724	28.21516609	28.16303062	28.23109818	28.26847649	28.12794876	28.4814682	28.15831757	28.49994278	28.25209808	27.25638008	28.13755798	28.04030228	27.71574593	27.95060349	28.28656769	28.8865509	28.36682129
XP_004608216.2;XP_054979403.1	21.13401794	20.96543121	22.38911057	21.50678444	22.25629234	18.68391037	19.51908875	19.27328491	20.20645714	19.47332954	20.36824036	20.49012947	19.15162849	18.93143463	19.55722237	20.57730484	21.93847656	19.86451721	20.93005371	20.9126873	21.18930244	21.33647156	20.82127571	22.16766357
XP_004608264.2	18.6473732	20.25476646	23.0193882	23.81782532	22.61548996	20.46941185	19.4648838	21.29092026	22.25594711	21.96271706	23.13017273	22.95859909	21.46258736	21.92491722	20.45583344	22.22711563	24.10469627	21.62667084	23.86881828	22.16017151	21.88453484	23.58886528	22.84395027	23.25436211
XP_004608403.2;XP_004608270.1	19.66491508	21.27173233	20.62713432	18.53944969	19.98368835	21.62734032	22.04956245	22.31274033	21.50973511	18.83519173	19.59652138	19.60527229	18.29215431	19.02353096	22.53988075	20.31180382	19.59121513	19.54634285	19.32560349	18.91154289	22.23925972	18.39618874	22.21995735	20.79232216
XP_004608277.1	24.82439613	25.65750122	24.72795868	24.58880806	24.5114727	25.66060448	25.05187988	25.04726791	25.34975815	24.71481514	26.14343834	23.95553398	25.04901505	25.4388237	25.10757256	23.72951508	25.34668541	25.03023148	25.81880188	24.81777763	24.11989021	24.35702705	25.39227867	24.17180634
XP_004608289.2	22.75983429	22.73913002	24.328619	25.32741928	24.59137917	23.81606865	23.31381989	24.00221634	24.31305885	23.19947815	23.63732529	24.34536552	23.33851242	23.58520126	22.00761414	23.92949295	23.85329056	22.70375061	23.64877892	22.43862724	21.96684074	23.74406624	22.76235199	24.37656593
XP_004608294.1	21.42106056	19.51708794	22.1059742	18.64718246	20.86370468	22.09850883	21.62135887	21.99641609	21.74767685	21.22870064	21.62346077	21.08990479	21.48797417	20.62462044	20.87139702	19.04530144	20.9788208	20.9800148	21.41833496	19.15984726	19.16279984	19.87756538	21.06032372	20.80467224
XP_004608305.1	21.3134613	21.59222412	21.18452835	20.10123634	21.75849342	20.72583961	19.17955017	21.00888062	22.22831917	23.62900925	18.78248978	20.51325798	19.97370148	20.96874046	20.32481575	22.89365387	19.23563004	19.73019218	19.77973366	21.33374405	20.42439651	19.74666595	21.92292213	20.01031494
XP_004608306.2;XP_004608307.2;XP_054977040.1	24.34793472	21.74607849	21.72604752	22.61380386	21.64812088	22.07385063	21.05410957	21.50018501	19.65291977	19.49651718	21.54047203	21.9801178	19.22314072	18.94463158	23.00085831	19.18836594	19.00793648	18.87583542	19.0901165	18.07681274	20.58081436	18.7026825	22.72127724	22.24887276
XP_004608330.1	22.10616684	19.66638374	22.48912621	22.05394363	18.85123825	22.78634262	22.99648666	22.93279457	23.18694878	23.15387917	22.85292816	22.43083954	22.50290489	21.62399483	22.83832359	21.65931511	20.59723473	22.2452507	22.01447487	21.24661255	21.73119545	20.99334526	22.68993568	22.0123291
XP_004608337.1	26.48314667	25.26151657	26.66478729	25.62170601	25.69359779	26.02985382	26.0987854	26.18358994	25.57158279	25.15468216	26.37120819	25.58643341	25.8158493	25.02597427	26.02664948	25.63762856	24.25961494	25.09534836	25.18510437	25.3831749	25.30962944	25.80410194	25.516922	25.72434616
XP_004608338.1	24.79208374	24.48074532	25.25118637	24.47475433	24.32752228	25.18963432	24.33333588	24.48916245	24.65785408	23.68495941	24.67954636	24.23731995	24.35716248	23.69412994	23.82191849	23.93481064	23.24950981	23.71481514	23.34705734	23.82890511	19.3751564	23.86381912	24.29158211	24.21385956
XP_004608344.1	21.73326492	19.62174416	22.22599792	23.6417408	24.08253479	20.1250248	19.34938049	23.05059242	22.60837746	20.43206406	21.97582245	22.76196671	23.35447502	20.84812164	21.91725159	19.86225319	23.88827515	19.82138443	22.58348083	20.55627823	21.94845772	22.17663765	25.02407265	23.06787491
XP_004608537.2	20.52573395	19.47187424	20.42080307	19.09403801	18.48895836	21.29955482	21.68375969	21.16269302	20.36303139	20.01304436	20.7374382	21.53022003	22.78518486	20.92136192	20.64500046	20.64200592	20.96515083	20.75751686	20.8652916	21.25983047	21.07130051	19.11887932	20.40353584	21.39131546
XP_004608552.1	23.47407341	23.54392052	23.74632454	25.24416161	22.85401344	24.23600578	23.31865501	24.0907135	24.61705971	24.4056797	24.06874466	23.49289513	23.14500999	23.49118233	23.43822098	22.45096016	22.07470131	22.89115334	23.02941513	22.88059998	21.58975792	22.31807518	23.23848724	23.50445747
XP_004608568.2;XP_004608569.1;XP_054997987.1	28.12893295	27.18006516	27.57260895	27.47985077	27.94893456	28.03343964	27.78194237	27.84607315	27.06012917	27.79711533	27.89440727	27.43125534	27.96592712	27.23799515	27.85744858	27.45795059	27.21372986	27.57823563	27.39582825	27.08577919	27.88983154	26.90793228	26.81066132	27.63554192
XP_004608613.2	23.34272385	22.63156509	22.15270233	21.2041893	22.40496635	22.65815926	22.67747307	22.85644722	22.19159508	22.20015335	21.47506523	23.11771965	22.4462719	23.27483368	21.65342331	22.45410156	23.39662933	23.31906891	21.6468029	23.56080818	24.22883415	22.31218719	22.58497238	21.91728783
XP_004608625.1;XP_054985986.1	20.37124443	20.13253403	20.9225235	20.99396706	20.00113297	18.09962273	20.63502312	20.69591522	18.59967041	19.9023037	21.32613754	21.28624725	19.93905067	20.18185806	19.79660988	19.30157089	19.37116432	20.82617378	20.98933029	19.55988503	21.7081356	21.83614922	20.39957809	21.29462814
XP_004608633.2	19.1726799	20.34482193	25.322649	19.87001419	20.39206123	25.86183357	25.52489281	26.06513214	19.87794876	19.49569511	17.99960327	24.65643692	19.50043678	19.15044975	20.51389885	24.5327301	20.96152306	18.65703011	24.95078087	18.86245155	19.65146065	19.64218903	25.32096291	20.67983437
XP_004608655.2;XP_054989535.1	22.46819305	22.20845222	22.39668083	20.40296555	22.37575912	22.36629105	22.28070641	22.42601013	23.99602127	23.19691467	22.72498512	22.06273079	21.94788742	22.10868835	22.74972343	22.68938065	21.83695793	22.21575737	22.44765854	21.92313957	20.1813221	22.14954376	22.95870399	21.56681252
XP_004608674.1;XP_054987909.1;XP_004607528.2;XP_054975552.1	18.94923401	18.1557579	22.96455193	24.85894394	23.80990219	18.53518486	21.52793121	21.69858742	20.11082458	18.09362411	22.07750702	23.80852699	21.90800476	21.41477776	22.13251305	22.69746399	24.83436584	22.40213203	23.58129883	21.59003067	24.37841988	23.85262489	22.72494507	24.11886215
XP_004608700.2	23.97613716	22.42367744	23.4379673	22.57763863	23.77545166	23.66470528	22.95789146	22.9074192	23.2572422	23.86325073	23.1116848	22.54122925	22.29961014	22.2951889	23.66133881	23.54957199	21.36147881	22.56441879	22.98972893	23.0401268	22.22031021	23.2004528	23.63344955	22.45307159
XP_004608727.1	21.94692421	19.08408737	21.26619339	21.90382004	18.55845451	21.27412415	24.81743622	20.01451111	22.53062439	19.37102699	19.4802227	22.71929359	22.24838066	19.77116966	20.1110611	20.77072525	22.6722374	19.04741478	22.09432602	18.96598434	24.1299057	18.80704498	21.04653549	21.06368446
XP_054987635.1;XP_004608743.1	26.14415741	25.29960442	26.54986572	26.35221863	25.85407639	25.87055969	26.04047012	26.05992317	26.15516472	25.96967506	26.06070709	26.29551125	26.20795441	25.71565437	26.04857826	25.90586853	25.52357674	25.71003914	26.07277679	26.3358078	26.24414253	26.44941139	26.53740311	26.61343956
XP_004608760.1;XP_054989389.1	21.76821899	19.65753937	22.44483185	19.58752441	20.61288261	23.34000778	21.67063904	21.24829292	19.69481468	20.32935905	21.63591003	18.79906273	20.03415871	18.82320595	18.94999313	19.41290474	20.3925724	19.59185982	18.46501541	19.67351151	20.46283722	19.82872009	19.70800209	19.58968925
XP_054988309.1;XP_054988308.1;XP_054988307.1;XP_004608767.2	19.70574188	19.33083534	20.37166977	20.21525383	19.16700172	19.44787407	18.92154312	19.49365997	19.857584	18.96874046	21.1059742	20.62818527	20.15967941	18.79804802	19.02502251	20.07809258	19.23313904	19.60919571	18.90266228	19.5904541	20.00209618	19.67811775	20.24782944	18.81875038
XP_004608769.1	21.79288864	21.1740799	21.61589432	21.34749031	22.00518227	21.20401001	21.10174942	21.39466858	20.95397186	19.04594421	20.67409134	22.2564373	21.45216751	20.51633835	21.59436607	20.55468559	22.07319832	21.03738022	21.53639984	20.04246712	22.16551781	21.47709274	21.01760483	21.4443512
XP_004608777.1	24.62578011	24.91570282	22.84550095	24.78606224	24.99662399	24.19182014	24.5114727	24.43039322	24.7945652	24.94261742	24.77152824	23.60840034	24.86584854	24.63627434	24.12683678	23.85281372	24.1882782	24.2946701	24.33606339	22.50455475	23.31215858	24.28432655	24.13899231	19.5468502
XP_004608778.1	23.91497231	22.93070221	23.63721466	23.15681267	23.09136009	23.40145493	23.51062775	23.76040268	24.01886177	23.62756157	24.18442345	23.40885735	24.03598976	23.19329453	23.95801544	23.24969673	23.95721817	23.18631363	23.12708855	23.00293732	24.18169594	23.53219604	23.72941208	23.30924797
XP_004608793.1	24.08464432	23.94073677	24.16007996	23.37464523	22.45731163	19.52231789	24.01605797	23.72379875	24.48388481	22.97468567	24.30159378	23.70651436	24.08090973	23.53718185	23.67572975	23.26984978	22.1817112	23.19926834	23.07651138	19.38771248	22.54766655	23.68024445	23.16415215	23.81743622
XP_004608824.1;XP_054991633.1	23.87755013	23.24630928	23.98172188	23.34651566	22.85517502	23.38429642	23.60172844	23.4963131	23.85813713	23.63632965	23.62075615	23.50348854	23.69678497	24.47840118	23.15222359	22.91391373	25.35413742	24.90948868	22.83566666	23.34055138	25.52414513	23.66676521	22.81381989	23.22961044
XP_054989516.1;XP_004608836.1	22.54229164	22.49567795	22.19709587	22.32003403	21.93596268	22.02917862	22.37297249	22.71747398	22.43827248	22.03429413	22.47837639	22.09358597	22.23879242	23.3808651	22.22090149	22.3443222	21.88576508	21.98179245	22.25896835	21.78576469	21.75234032	21.37464523	21.81612778	22.26710892
XP_004608845.2	19.54400444	19.50953674	20.56197357	20.31528664	19.52352715	19.80959892	23.29501915	20.8548317	21.32273102	19.1870594	20.57533264	18.3377018	21.1570282	20.70294762	19.53935623	19.70970535	20.84521484	19.05809975	21.4413662	18.34648895	21.57897568	18.99611855	20.0471344	20.07574463
XP_004608862.1	22.68882561	22.67936325	22.2382679	21.57855988	19.88629341	23.20995522	22.48652649	22.62856483	23.08243752	22.9399662	22.00621033	22.73425865	21.57325363	22.18025589	22.17417145	21.34781456	21.22446823	21.5200367	21.78000641	21.02323532	18.63520622	21.41843796	22.23666382	21.58600426
XP_004608867.1	22.18271255	20.33581734	22.10335159	21.50067139	25.77648163	21.37257385	21.83722687	21.78268814	22.30507851	20.88106537	21.21507645	21.62368393	22.29854774	21.33854103	21.1770649	20.03052711	24.96221352	20.67925644	20.42726326	20.13766289	20.82493019	19.98995399	21.49960136	21.1518364
XP_004608876.1;XP_055003274.1	25.98659134	26.28217125	26.5428009	25.59192085	25.99944305	26.2115593	26.26363182	26.66234398	25.97701073	24.93723869	26.52954674	26.04472733	26.75136375	26.19567299	25.89346886	25.29589653	25.55996323	25.76471138	25.8788147	25.77630615	25.67440987	24.90646553	25.96675301	25.45214844
XP_004608877.1	20.18051529	19.71767235	19.50788498	18.54481316	19.18427467	19.88487053	19.91331863	19.21582985	21.14307976	18.73106194	19.58106613	20.43470764	19.92937851	20.55562592	17.6675415	21.20352173	19.97820473	18.58410645	19.8403492	19.04033089	19.641222	20.21564865	20.52885246	19.86898804
XP_004608922.2	19.6245842	21.6281414	19.28273392	20.54132271	19.37273979	19.21413231	21.30691338	19.18518448	20.65963173	19.26243591	22.14994621	20.41936302	21.91404152	20.17645645	20.12169075	18.83187294	20.76652336	20.60873795	20.40088081	18.70896721	19.17971992	18.10710716	21.70049477	18.53372002
XP_004608972.2	21.76267624	20.89074516	21.7637291	20.84207153	20.16876602	21.489151	20.9389801	21.0222187	21.70353889	22.32039261	22.42434502	22.02323532	20.5308857	21.21109962	23.60681915	22.77488899	21.19634438	22.48308372	22.65427589	22.30982971	21.42316437	21.15226936	22.87629509	21.22387886
XP_004609013.2	19.04851913	24.01843643	19.25814629	20.73048973	19.37970924	19.09342957	19.8834343	18.81227684	19.64104271	25.34238434	19.4219017	19.74918747	18.3308239	20.33712578	22.79354286	21.26373291	20.58021736	24.56115913	18.92835236	20.10993195	23.37755966	19.62748146	22.76747322	22.40538216
XP_004609026.2	18.78149414	18.46041679	20.7923336	18.57600975	19.02759933	20.26075172	20.12971306	18.98759842	19.13216019	18.68269348	19.89581299	20.03979111	19.75607491	18.9106369	19.20757294	20.6750412	22.28362083	19.48610115	19.28963661	21.96261024	20.70902061	20.37060738	19.98384476	18.15634918
XP_004609072.1	24.84622955	24.14390373	26.15369606	25.38886642	25.82381439	24.87394142	25.47710419	25.65206528	25.6718483	24.98758888	26.470541	25.54963112	25.96829224	25.17504692	25.82235527	25.72103691	25.69683838	26.0679245	26.36461067	25.88345909	26.18364716	25.91615868	26.38581085	26.29533577
XP_004609095.1	29.18070602	28.53032875	29.35129738	29.31295967	29.13572311	29.15110016	29.38720322	29.3915329	29.09599876	28.94122887	29.02112579	29.44015503	29.53713989	28.80565834	28.69378471	29.30864906	28.85661888	28.91196442	29.3561554	29.16540337	29.06768799	29.44837189	29.1530838	29.36673927
XP_004609098.1	19.75393105	20.46243858	20.3573494	20.28138733	20.12287903	20.42736626	21.94685173	20.48709106	19.0288353	19.02164078	22.47555923	21.00463486	20.74279213	18.31240273	20.12943649	19.04335403	18.86252594	19.38507271	19.67436981	18.82484818	19.58647537	19.15285683	19.71066475	19.1577816
XP_004609149.1	18.58449745	20.77031898	19.01356506	18.7515316	20.55664253	19.18919754	22.52331924	21.85380363	21.08147812	18.51723289	19.8337574	19.02748108	19.14751816	19.11964035	22.78312683	21.09866905	19.44851112	20.16986656	18.96891212	18.51968384	23.14035034	18.81785393	20.00094414	19.53458595
XP_004609163.1	20.6399765	17.91489983	21.76579475	22.88037491	21.53971481	20.20430756	20.8240757	20.32630539	19.86594582	19.23122787	21.27304268	22.29628181	21.33892059	19.46283913	19.04860878	20.25876808	22.48659897	20.54980659	21.59955215	21.07175827	22.15465164	21.73496056	22.30932999	22.32871437
XP_004609172.1	22.29493523	21.89211655	22.43364525	21.79954338	23.06748009	22.47062874	22.40784645	22.6324749	22.57029152	22.62428665	23.03905487	22.97681999	22.56006241	23.33606339	23.29193306	22.7449913	22.88153267	22.86116982	22.95838547	21.74205208	22.4538002	22.13285828	22.34865189	22.97769356
XP_004609196.1;XP_054996849.1;XP_054977052.1	27.37060928	26.68832588	27.13094711	26.44610023	26.44532776	27.1323204	27.00410271	27.06753349	27.01573944	26.72637367	26.17645645	26.3950119	26.73673248	26.14234734	27.02273941	25.87818336	25.95588875	26.07073021	26.46858597	25.46979713	25.78071785	26.16664505	26.05382729	26.77379227
XP_054976948.1;XP_004609197.1	22.24840927	18.68403625	22.44326401	21.43323708	21.24904633	21.96793175	21.54467583	21.4423275	21.692173	24.46176338	21.32041931	23.56581306	21.42557526	23.48099136	21.94116592	21.44818878	21.5520134	20.36666298	21.49106026	20.66769791	21.80080795	22.00357056	20.93358612	21.99931145
XP_004609202.1;XP_054985266.1;XP_054985277.1;XP_054985284.1;XP_054985283.1;XP_054985282.1;XP_054985281.1;XP_054985280.1;XP_054985276.1;XP_054985279.1;XP_054985275.1;XP_054985287.1;XP_054985274.1;XP_054985273.1;XP_054985272.1;XP_054985271.1;XP_054985270.1;XP_054985269.1;XP_054985268.1;XP_054985267.1;XP_054985285.1;XP_054985278.1;XP_054985301.1;XP_054985289.1;XP_054985290.1;XP_054985292.1;XP_054985293.1;XP_054985294.1;XP_054985295.1;XP_054985288.1;XP_054985296.1;XP_054985297.1;XP_054985302.1;XP_054985299.1;XP_054985300.1;XP_054985306.1;XP_054985303.1;XP_054985298.1;XP_054985304.1;XP_054985286.1;XP_054985305.1;XP_054990347.1	23.00752831	22.53784561	23.1551609	22.99367332	23.32058525	22.6102047	23.28050995	23.63489151	23.39178658	22.7230072	23.31920624	23.34719276	23.46973419	23.19886398	23.10690117	22.94497681	22.64526367	22.39417076	22.98875809	22.74511337	23.43300819	22.82586288	24.09111786	23.13552094
XP_054977913.1;XP_004609208.1	22.47620201	22.09003448	24.85481262	23.84861755	24.03237724	23.79986	25.40752983	23.17960167	24.4501667	24.91017532	26.86584854	25.55150986	24.62856483	25.55929184	27.25178337	24.20194817	24.19325066	24.88962173	24.02664948	24.86116982	25.62939835	23.82619286	26.9640007	23.76253319
XP_004609244.1	27.07122231	26.09988976	26.84350014	27.45222664	26.50239563	26.22712708	26.22263718	26.9819622	25.92093468	26.24201775	27.29395103	27.09416199	27.03107452	26.49603844	26.47602272	26.4197464	27.45065498	26.58434105	27.0501976	26.00418854	27.00367355	27.03580093	27.05651665	27.60681915
XP_004609276.1;XP_054975757.1;XP_054976095.1	27.54178047	26.78705978	26.35348129	26.87724686	26.20810318	27.3424015	27.65136719	27.75321579	27.63561058	26.98641777	27.57116318	26.76597595	26.90873337	27.30199432	26.81164169	26.58161545	26.59548187	27.70681763	27.12366486	26.55246353	25.83848381	26.2473526	25.85521698	26.41714096
XP_004609381.2	20.20011139	18.9056282	21.90370941	20.52544785	20.58426094	20.82741356	20.2188282	21.2517643	21.97638321	20.35337067	20.10107613	18.61686897	20.64517593	19.97156143	19.17078209	20.20393944	18.94534111	20.46632767	18.93946838	20.19219017	17.93977928	20.64886665	18.79126549	20.55440521
XP_054977482.1;XP_054977481.1;XP_054977480.1;XP_054977479.1;XP_004609425.2	19.66386414	18.77111244	19.88573456	20.27054024	19.90638733	19.77268791	20.76983452	19.78889656	19.47986794	19.41267586	20.34071541	19.25637054	19.85921288	20.1571064	20.44394684	19.90678787	20.10085297	18.63383293	18.54111099	18.95330429	21.77470779	19.58492279	20.04620171	20.29994774
XP_004609498.1;XP_054988832.1	23.74447823	22.67766571	24.25594711	22.10974121	22.48964119	23.5148468	23.34638023	23.2343998	24.00307465	23.01593971	24.11083984	23.34692192	23.37291908	22.24516296	23.54615974	22.95048714	22.05327988	22.22846603	22.63038635	22.64257813	22.66049004	22.34638023	22.99507141	23.66622353
XP_004609505.1	21.62354851	18.98014069	20.30752563	19.83015251	19.71234894	22.49896812	20.50852585	21.95219612	21.10066032	20.51412392	21.00771713	21.53564072	21.71389389	18.81088638	21.26533508	21.12609673	21.24800491	20.91057014	20.67288399	21.89159775	21.78168869	22.61519814	20.63776779	21.68602943
XP_004609507.1	25.06591225	25.13977432	25.26563644	24.69561768	24.99843216	24.64058304	24.95451355	25.05771637	24.89596748	23.85566902	24.54739761	24.32209778	24.68741798	24.43688774	24.32278633	24.14374924	23.99420929	23.69498062	23.55344391	24.05953217	24.37404823	23.89938354	24.37451172	24.21408272
XP_004609514.1;XP_054986876.1;XP_012788438.1;XP_054988690.1;XP_054988596.1;XP_054989963.1;XP_054989962.1;XP_054989961.1;XP_054989959.1;XP_054989958.1;XP_012788404.1	24.551157	24.33864975	24.69439507	24.36779785	24.56296349	24.49185562	24.04859924	25.08362961	24.13037682	24.11941528	24.06291199	24.55555153	24.41176987	23.96842384	24.7009697	24.63627434	24.99821663	22.27124786	24.72374725	24.58806419	24.51647186	24.72181892	25.04234886	24.62338257
XP_004609524.2;XP_054989563.1	18.68722534	19.14924622	21.97648811	20.52010155	20.86521721	21.00812721	21.10194206	20.0337162	21.79336548	21.50261497	19.15788078	20.74435425	19.75675011	19.30452728	18.82018089	19.01389885	18.48697662	19.52350616	19.62905502	18.74092293	19.06111526	19.42156982	19.60282135	20.36939049
XP_004609529.1	22.19084167	18.41246986	23.26470566	23.57380867	23.47271156	18.92259216	22.11403847	21.63471413	22.88209343	22.60871506	18.25162506	22.76753235	21.84758568	21.59609604	21.93084717	22.7776413	23.53052902	22.41074753	22.92518806	22.45793724	22.14758873	22.58586693	23.10963058	22.80703354
XP_004609544.1	19.33330536	20.82508659	21.29642105	20.01930237	20.46891403	20.77868271	20.82314301	21.20030212	21.00195885	18.47922516	21.32493019	20.6503582	21.13777351	21.31942749	20.44677544	20.68517303	20.41431427	21.30379677	20.16888809	20.51566505	20.66370773	20.74919128	21.7059021	21.17876625
XP_054987046.1;XP_004609573.1	23.41467476	21.27770233	23.64910698	22.3031559	22.55744743	22.84976387	22.50254059	22.28347969	22.42887497	22.80055237	22.51705933	22.49338341	22.63491249	21.81534576	22.02086258	21.36137199	20.66916847	22.13401794	22.16766357	21.66183853	21.93037796	21.30084038	20.95503616	20.52964783
XP_004609620.1	22.66483688	23.23339081	23.2990799	22.53014755	22.76160049	23.05140686	23.37384796	23.98328781	23.29768181	22.88533592	23.78466606	22.79833794	23.83961296	22.57184219	23.46587944	21.0685482	23.38784981	21.75535774	22.54328346	22.02025223	21.46318626	21.99851799	22.51255798	21.85452843
XP_004609624.1	23.37105942	23.53741837	23.83084106	23.95969582	23.27070618	23.35097313	22.87828064	23.84651566	22.69440651	22.11470604	23.37583733	23.78735924	22.95519638	23.82045746	23.08819199	22.85828972	23.57830811	22.58332062	23.34448624	22.99764061	23.68410301	23.92967415	24.125103	23.63644028
XP_004609630.1	22.47602844	22.83209801	22.03167152	21.68927383	22.55782127	21.99434662	21.81932831	22.95806694	22.05278206	22.61261368	22.70706177	22.81196022	21.8626461	22.35928154	22.81166649	23.8715477	22.53269386	23.28065109	23.8907814	23.23733521	22.32920647	22.57837677	22.79520988	23.02565193
XP_004609641.1	23.89532089	23.90967178	25.075737	24.00169945	23.80183411	24.29361725	23.69146919	24.24800491	24.29824066	24.11354637	24.79039574	24.20508385	24.57744217	24.03582191	24.49374962	24.10349655	24.2256012	23.72920418	23.81470108	22.82047653	23.04092979	22.71937752	24.81465149	23.63223076
XP_004609655.1	23.54486465	23.1884594	23.27440834	23.22846603	23.04286766	23.50275993	23.80232811	23.70788383	23.69168282	23.21599388	23.46039009	23.13819695	23.03985977	22.59850693	23.06391525	22.65108109	22.6074295	23.21098137	23.04738426	22.81262589	23.14855194	22.88440514	22.48155785	23.13768005
XP_004609660.1	19.0112114	22.81019592	23.3898201	24.88711357	23.90517998	26.6257515	21.22258186	22.95983696	19.71212769	26.51740265	23.17659187	24.24966812	24.42898941	19.48006058	19.12930107	19.54520798	24.36626434	18.88962746	20.0309639	19.7064991	24.02225304	25.22332001	23.98893166	22.69614792
XP_004609672.2	25.72712708	25.27714157	25.91189003	25.61823654	25.51644135	25.03422737	25.18533134	25.81811905	25.41673851	24.6839962	25.54977798	25.35440636	25.82888222	24.98550606	25.55104065	24.65856361	24.73334885	24.76217842	24.9045372	24.87609863	25.23961639	25.21523094	25.99451065	25.66204643
XP_004609676.1	22.59793854	21.58696556	22.6335392	21.16563988	21.824543	23.34638023	23.15058136	22.88578415	22.8875885	21.54326057	22.34803009	22.98716354	21.17931366	23.41015244	22.39262581	21.99992943	21.7848053	21.20907784	22.20093155	22.44126511	22.89881134	22.31373787	20.98182678	22.56216049
XP_004609683.1	23.6332283	23.08370399	24.30208206	23.75490952	22.88354874	23.13660049	24.16092491	23.9201622	24.296772	22.67169762	23.68056679	23.13281059	23.85547829	23.26799393	23.24907494	22.77488899	21.90481186	23.37597084	23.18829155	23.3558197	23.18458939	23.31409836	23.80862617	22.73855209
XP_004609696.1	21.53971481	17.85674286	20.55786705	20.24517822	19.01433945	20.33832359	22.21359253	21.3303566	21.00470352	20.14204025	21.37766647	19.85144997	20.81339073	19.47824097	21.27064896	20.97854805	20.71531868	18.99486351	21.13727379	19.42214584	21.73937607	19.85284424	20.395504	21.5974617
XP_004609729.2	21.4667263	17.98682594	21.1799221	19.85146904	19.40581131	20.72375679	21.15053558	22.28333855	20.81636238	20.68294716	21.12527657	19.72199059	18.45414734	20.86740494	20.98119926	21.10475922	20.95744324	19.70001221	19.65348816	19.12952805	18.59980583	19.70674706	21.34207344	21.2670517
XP_004609830.2	21.51084518	19.50103951	21.98957253	21.13889885	20.79384232	18.46125984	21.3138485	21.72787476	20.384058	20.06923866	20.70396042	19.09266853	19.51516533	18.98933983	21.40649796	21.36340523	21.76809883	19.50097847	21.66479301	21.38041687	21.43623924	21.01358986	21.00394821	22.13273239
XP_004609852.2	26.37060928	25.22003746	26.40283775	26.10948563	25.68324661	26.53094673	26.40343857	26.22062874	26.08648872	25.84035683	25.70207977	25.2469902	25.19606781	25.06011009	25.1852169	25.61234283	24.57351875	24.49240494	24.73396873	24.4708519	25.2405262	25.60243797	26.13547516	24.94355583
XP_004609855.1;XP_054988477.1	24.34502792	23.75735474	26.02079201	26.17837524	25.50875473	25.71850395	25.88245773	25.9192524	26.10791206	26.24798584	26.15100861	26.39484787	26.72234154	25.87843895	24.95628738	25.72593307	24.09200478	25.20426369	26.60808945	25.27834892	24.8804493	24.86135864	25.94699478	25.25328064
XP_004609862.2	25.02542496	24.8764267	25.61574173	26.29014015	25.79694366	24.4596405	24.64245796	25.61169624	24.89679909	24.86877251	25.33762932	25.85647583	25.51935387	25.45437813	25.40675163	25.60966873	25.67022896	25.11271095	26.09812355	25.4691124	25.81337929	26.32189178	25.51216698	25.8705368
XP_004609869.1;XP_004615343.1	21.4616394	21.63949013	22.30919266	21.67611694	22.12221527	21.21193123	20.53668404	22.21726608	22.12369919	20.23432541	21.74960136	21.31501007	21.76534843	22.12341499	21.61997223	21.31986809	22.77874374	20.88576508	21.12281609	22.17931366	22.71920967	22.19604492	23.11343384	22.22576332
XP_004609877.3	26.08717537	25.24608421	26.38381767	25.97370911	25.80695534	25.84306908	25.35830307	25.7426796	25.21300697	25.60133171	26.09176254	26.35637283	26.17550468	26.11680031	26.17340851	26.17576981	26.19863701	25.71345329	26.54141235	26.27687645	26.1322422	25.67715645	26.24581146	26.15017509
XP_004609879.1;XP_054999964.1	26.11804962	25.55762863	26.40537262	25.6660881	25.71719742	24.90504265	25.40668678	25.39845657	25.67381668	25.31572151	25.60300255	24.90067291	25.91200447	25.04489326	24.87009048	24.24263573	24.32663155	24.08618355	24.44196129	23.82006836	24.69370461	23.87220573	24.64052773	24.52067375
XP_004609917.1;XP_054997921.1	21.46528053	21.70303154	23.34299469	23.76111412	23.19769478	21.88360405	22.2631588	23.17542076	22.43923569	21.97764015	22.11546707	22.23336029	22.50421524	21.49658012	22.82481384	22.22036934	22.8907814	22.08527756	22.68891144	22.97373962	22.99230766	23.03120041	22.64748383	23.52898026
XP_054998674.1;XP_004609920.1;XP_054981288.1;XP_054981289.1;XP_054986584.1;XP_054986583.1;XP_054974648.1	27.16000175	26.44012451	26.13588524	25.5116539	25.82871246	26.05198288	27.00163651	26.84278107	26.55615234	26.45862389	27.45081139	26.90322685	27.14549828	27.08496857	27.01584625	26.7358284	26.45531845	26.51543427	27.0488472	26.5574379	26.27607727	26.62086868	26.91763878	27.06085205
XP_004609922.1;XP_054998440.1	22.54469872	22.46861649	22.9291687	22.38800621	21.79926682	21.61952591	22.64895439	22.72716904	22.44101143	22.52487373	22.64376831	22.19904518	23.05616188	21.81252861	23.03800011	22.28579521	21.42751884	21.64812088	22.51629066	22.49643517	22.97564697	21.91491699	22.37912178	22.86717987
XP_054999508.1;XP_054999505.1;XP_054982453.1;XP_004609923.1	20.87500191	21.06058693	21.78068733	20.59286118	20.14071083	19.32102394	22.76583481	21.57255936	20.94270706	21.34721947	19.91955948	19.98206329	20.98210526	20.87545204	20.20869446	22.1545887	20.85847855	22.76113319	22.2545929	22.18915176	21.74652863	21.88892555	22.26708031	20.22587967
XP_004609926.1	22.06233406	22.30588531	23.4942379	22.43364525	22.0638485	22.4284153	22.90503311	22.97720337	22.98747635	22.59682465	23.28404427	23.14444923	22.69958305	22.60356331	22.90606117	23.07556534	22.35713577	22.19062996	22.95859909	21.94888496	22.75739479	22.24080276	23.31796646	22.77265549
XP_004609938.2	19.92395973	18.31289673	19.70027161	18.68009758	20.15746689	19.53294182	23.4522419	19.37302589	20.67297173	20.96613693	20.43501854	20.78396606	19.17309189	20.97351265	18.45257187	19.56354332	19.55462837	18.87228584	19.13787842	20.77839851	23.09682083	19.66111755	18.2670517	19.85721779
XP_004609968.1;XP_004609967.1;XP_054997224.1;XP_054997223.1;XP_004609969.1	22.18031502	21.59605217	21.98905373	21.16858101	20.02296448	21.85109901	23.09123039	22.81225395	22.86619759	20.89296913	21.93225288	23.9444046	23.69742203	22.86247635	21.09339142	19.10906792	18.42898178	19.87109184	21.3859024	21.420084	21.05424118	19.14646339	20.0975132	21.52200317
XP_004609970.1	21.77772141	18.57903099	19.22404289	19.31573677	19.08295441	19.12525749	22.00836754	21.50266266	21.40893555	21.85407066	22.13097382	18.24739075	19.92618942	21.29151344	21.56397629	17.63174057	20.1386013	19.23125076	19.60113335	21.01481628	19.60666275	18.96326065	19.66990471	18.71681213
XP_054998402.1;XP_004609982.1	22.46936226	22.51934242	22.16548729	20.68727875	22.31868362	22.34527016	22.56613922	21.00730705	22.28838921	22.92230606	21.74546242	21.71280289	22.14457321	21.09596825	21.5714035	21.19430161	20.90859222	21.25632095	20.82182121	19.59030533	20.88747597	20.16891289	19.57746315	21.57616234
XP_004609989.1	23.2125988	22.75309563	22.99922371	23.06348801	22.82098389	23.17913246	23.35850334	23.53445244	23.66611481	23.5775013	23.46625328	22.6888485	23.21139717	23.03640747	22.28962708	22.51578522	22.8121357	22.91568375	22.84339523	22.60150146	22.06917	22.67176247	22.74494934	23.20048141
XP_054999320.1;XP_004610025.2	22.31575584	23.5932045	21.6724968	23.00073814	23.08675194	22.58410072	22.67098427	23.05639267	22.90407753	22.34694862	23.56302261	22.76753235	21.96271706	23.26599312	22.41825676	23.47333145	24.12044334	22.3794117	24.00650215	22.43669701	22.82991219	22.91106415	23.12904167	23.16648293
XP_004610046.2	24.72614098	24.50445747	24.53948975	24.94547653	24.97771072	25.92315865	26.10565567	26.68685722	25.97432327	24.65206528	25.57343292	25.61228752	26.04924202	26.43896675	25.27319908	24.45136261	25.51571846	25.42207527	25.65042305	23.43020248	24.48160744	24.79986	25.35171318	24.76156998
XP_004610104.1;XP_054987220.1	22.10040283	21.69943428	20.85163307	20.81971741	19.81379318	22.09699821	21.73140144	21.77160835	21.96455193	19.07501602	21.90664864	21.85464096	22.07466888	22.66192627	22.6747818	22.52876663	21.72995186	20.98523521	22.49052238	21.40774345	22.6312542	23.30061531	21.77285767	21.82528114
XP_004610274.1	23.4506073	23.78446579	24.53842545	24.08042145	23.90857315	21.57186508	22.76670456	24.3196888	23.82201576	24.04026031	24.80774117	24.29970741	24.51562881	24.59934807	24.07185555	23.76385117	25.04405975	24.66351128	23.93562126	24.12415695	23.58840752	24.6201973	23.69742203	24.0977211
XP_012787591.2;XP_004610300.2	24.68933868	25.0589962	24.5192337	23.79808044	23.52264977	24.8662262	25.08622551	25.21434212	24.84244537	24.67308998	24.61217499	24.31941414	24.03296661	24.83537865	24.88613701	23.57126427	23.63333893	24.33558655	24.01094627	23.60986519	23.36091614	23.76141739	24.8874855	23.58049393
XP_055001860.1;XP_054978571.1;XP_004610314.1;XP_054980248.1;XP_004605359.1;XP_054996015.1	29.2230854	28.16303062	29.44496155	28.0775013	28.40523338	28.69594193	29.12996483	28.36736298	29.00490761	28.38874435	29.11805344	28.83222389	28.59530449	27.82444572	29.227108	28.99126434	27.769701	28.30029297	28.41324615	27.52828026	28.5760746	28.48784447	28.89128113	28.76246452
XP_004610392.1;XP_054990398.1;XP_054990390.1	24.26262856	24.20828819	24.97688103	23.88529968	24.11846542	24.19182014	24.14016342	23.96701622	24.00066948	25.10413551	24.91706848	24.67179489	24.68939209	23.96314049	25.5515976	25.43837929	24.11688042	24.19595528	24.29684067	25.51261902	24.52426529	24.06357002	25.04710197	24.72228813
XP_004610403.2;XP_054979784.1;XP_054979753.1;XP_054979754.1;XP_054979755.1;XP_054979756.1;XP_054979757.1;XP_054979758.1;XP_054979759.1;XP_004610398.2;XP_054979761.1;XP_054979762.1;XP_054979764.1;XP_054979765.1;XP_054979767.1;XP_054979766.1;XP_054979768.1;XP_054979769.1;XP_054979782.1;XP_004610401.2;XP_054979780.1;XP_054979783.1;XP_054979779.1;XP_054979778.1;XP_054979777.1;XP_054979760.1;XP_054979776.1;XP_054979781.1;XP_054979775.1;XP_054979773.1;XP_054979772.1;XP_054979771.1;XP_054979770.1;XP_054979751.1	21.9389801	21.2752037	21.66479301	20.03709412	21.162817	21.70036697	22.35863876	21.83711243	21.80025482	18.28094292	21.71925163	21.24568558	22.21276283	20.1064949	20.71078682	19.96774864	20.039217	17.83439636	21.27452087	21.98707581	19.76410484	20.2717495	20.73223114	18.5902977
XP_004610414.1;XP_055000793.1	20.15746117	18.34000397	20.48816872	19.95148468	19.04897499	18.63990784	17.84304237	20.38984489	19.46706963	20.17118835	20.8487339	20.56616211	20.43120384	19.01418114	18.62463379	20.2166748	21.91801643	20.02688599	20.69803619	20.75792313	21.12060165	20.32794762	19.59948158	20.96345711
XP_054992148.1;XP_012788614.1;XP_004610416.1	20.60783577	18.54283524	24.18055916	24.68709755	24.09434319	20.80538177	19.6265831	22.93155098	21.53748894	21.70396042	23.1933403	24.67486763	22.83132362	22.93173027	22.8185482	24.14078712	25.75636101	23.77152824	25.69322586	23.64779091	24.6858139	25.15019417	25.31955147	25.43265724
XP_004610439.1;XP_054979647.1	19.73133469	18.57684135	20.51979828	22.09809113	21.71670151	20.10635757	19.59347916	20.05298233	19.68170738	20.8235321	21.61103821	21.72075462	20.56569672	21.43608665	20.92571449	19.79219055	23.42380714	21.30340576	22.95943069	19.71803093	22.26496315	22.71586227	21.42111206	22.73221016
XP_004610502.2	20.60535431	18.43590355	20.92056274	22.67588043	22.30863762	19.3832283	19.32456207	21.145895	19.32139969	17.7430706	21.2259388	21.73945999	19.83433342	21.36035347	20.34440422	21.32613754	23.55672264	20.9958992	22.20711136	21.09847641	21.98394966	22.30507851	20.59714317	22.62122536
XP_004610510.1	30.04439926	29.97185898	29.35045433	28.99464035	28.60176468	29.15653419	30.17866516	29.70190239	29.63427734	28.81155014	29.10081673	28.76164055	28.63965225	28.47850227	28.5012722	28.90615463	28.52522087	28.93904495	28.71138573	29.40578079	29.13092232	29.1988945	28.08410645	29.53708458
XP_004610535.1;XP_054998538.1;XP_054984101.1	25.87314415	25.52862358	25.31741333	25.02926445	25.26935196	25.50745583	26.27513695	25.92281914	26.23786736	25.61960983	25.40086937	25.82679939	25.13661003	25.07822418	25.67763901	25.62310219	25.1348877	25.49868774	25.64344978	25.22317123	25.18567085	25.05502701	25.76620483	25.31800079
XP_004610542.1	22.9071064	22.6986084	22.37533379	21.88717842	22.06559181	22.58662224	22.35689354	23.37451172	23.21126366	22.46463394	22.66752434	21.55688667	22.47632599	22.00460052	21.62453079	21.20048141	21.32465553	21.98822212	21.87957191	22.22205162	21.16729546	21.42516518	22.56085587	21.30630112
XP_004610546.1	19.96565819	20.44394684	19.08812904	19.99889565	18.03256607	21.0975132	25.13461304	21.09821892	21.17967796	21.65442848	21.25609207	17.26132393	20.9343071	18.47816849	22.54127693	18.45716667	20.26659393	20.67727852	20.33352661	18.13895988	19.48323822	17.71792984	19.32400322	18.71040916
XP_004610575.2;XP_004604247.2	24.72166252	24.29073906	25.51424408	24.71759033	25.05328941	24.45475388	25.84658813	25.56456375	24.41428757	23.5002079	24.7113018	25.13112259	25.73321915	24.82439613	24.79788399	24.55631256	24.87792587	25.25803375	25.00053978	24.31112099	25.28732491	24.84335518	24.49503136	25.0743084
XP_004610588.1	22.38418961	22.28982353	22.59625626	22.40805435	22.10245514	21.37623596	22.42344666	22.55405426	22.40989304	19.94444466	21.63935852	21.52793121	22.0745697	21.55754089	21.28720474	20.18869972	19.53620911	21.68054581	21.94756508	22.18848801	21.99241066	21.04846573	21.96239853	21.73450661
XP_054999165.1;XP_004610598.1	24.02698708	22.82981491	24.97136497	26.5378933	25.69813728	23.6395359	23.6718483	24.01682281	23.57865334	24.19618034	25.1563797	25.38511848	24.53474998	24.52456284	24.48572731	25.06287003	26.73905182	24.80955887	26.09679794	24.59172058	25.38666534	26.40916443	24.89896774	26.42825508
XP_004610606.1	18.75576019	21.49272346	18.96451187	19.98347855	19.83279228	19.31560326	18.41242599	22.4489193	21.70138168	21.6764183	21.68037415	20.55665207	20.46219635	21.72404861	21.63604164	20.10247612	21.25931358	19.48799324	21.60104942	18.09418297	19.39251328	21.66070747	21.21750259	21.5981884
XP_004610607.2	19.28818893	18.83696556	20.08073807	19.62245178	22.07120132	20.32855034	19.81567383	19.86202431	19.96875763	19.29477882	22.55739975	19.2522049	20.45040703	19.65551758	20.75605202	21.04992867	24.11346626	22.28418541	21.61961555	18.35943604	21.62086868	22.17946625	21.19700623	21.5455246
XP_004610615.1	21.64447212	18.12584496	23.02710533	24.15259552	21.70383453	21.75702858	22.99336243	22.5121479	22.74466133	22.72019196	21.11946297	22.06217003	22.71261406	21.71044922	21.68602943	22.10744476	21.23899651	21.2535553	21.67663383	21.39817047	21.91122818	21.60104942	23.0509243	21.6667881
XP_004610631.1;XP_054998088.1	19.25736427	18.71417618	19.45573235	21.19219589	19.63708115	18.54720688	20.05682373	19.40148544	20.00552559	18.3859787	19.3124752	20.49326134	21.47204208	20.426548	18.96058464	19.26648712	21.72725296	20.66466331	18.98018456	21.50003815	20.52850342	19.98050308	19.00936699	20.41462326
XP_004610718.2	22.75755692	21.91250801	24.41744614	21.87387657	22.14681244	21.37225533	22.02526474	22.48332977	22.19020844	22.92130661	23.80370712	22.52580643	22.30602455	22.1398983	22.87085152	22.75666237	21.7644577	22.25014496	22.4954834	22.824543	22.43458557	22.2194252	23.40652466	22.78853416
XP_004610737.1	24.23264313	22.95082474	23.87755013	22.26793671	22.28565407	24.05109024	24.19527817	24.00478935	24.20149994	23.69742203	24.44978905	25.92614746	24.76885605	23.31838036	23.69487381	23.01774025	20.13946152	19.55711937	23.59411621	23.31105042	23.50142479	24.09434319	22.94086266	24.15452766
XP_054997154.1;XP_004610753.2	22.92924118	19.50701904	22.32978249	22.32330894	22.32055664	21.99741745	26.23035431	22.35051346	23.61099243	19.43020821	23.94324303	24.53195763	24.13484764	21.58760643	22.7848053	20.2166748	21.33265305	21.76044464	21.66383743	21.19538498	24.52719116	20.50639725	22.85870743	21.63271904
XP_004610784.1	20.02959442	21.35681343	20.79542732	20.85292816	18.63545418	22.03627396	19.98217392	21.08971214	21.14743423	19.46915245	21.5809536	19.823843	19.00184822	20.34203148	19.79867363	18.77730179	19.69338226	20.63466835	18.76883507	20.73330688	20.01876068	20.15881729	21.79550743	21.02607536
XP_004610788.1	21.64301872	19.97051048	21.14873695	20.61225319	19.27705193	20.10211563	19.38832855	18.6932354	19.46158028	21.19231606	21.36964798	20.64279938	20.14768219	17.95946121	20.19729424	22.15789223	21.22570419	19.73451996	20.87177277	22.56604576	22.14616013	19.28146362	20.54952431	19.91240311
XP_004610790.2	21.81928825	19.91785622	24.61801338	25.01094627	24.55631256	20.92259598	22.4798317	22.91812515	22.87712097	18.97793961	23.73778915	24.20486069	22.7442112	23.26313019	24.04992867	23.38811111	25.62483215	23.58623314	24.0578804	23.62243271	23.72930717	23.5308857	23.44404793	24.53617287
XP_054999394.1;XP_004610822.1	23.37795639	22.63029861	24.0460186	22.98875809	22.48763084	22.42565155	22.5558567	22.28604889	22.08679962	22.14148903	22.98856735	22.0009613	23.01998138	22.15440369	22.76530838	24.04693413	22.27440834	23.34529877	22.57320786	23.49460411	22.70332718	23.89346886	22.51862144	23.50421524
XP_004610837.1;XP_054998560.1	23.91012955	24.12407875	24.83354568	24.45726204	23.29151154	23.90168571	23.71670151	24.02386093	23.9731617	23.93057632	24.24038124	24.74113655	24.20940399	24.2831974	24.37643433	23.9488678	24.2507534	23.31644821	24.48670959	23.86183357	24.47066498	23.5434494	24.52844429	24.47475433
XP_004610884.1	22.03627396	19.22621346	21.86566925	21.90282631	19.60926247	20.44859314	21.48875809	20.80128288	21.56383705	18.8991642	20.59577751	18.65487289	18.09264374	18.3123436	21.13131905	21.06203842	20.34862518	20.10050011	20.51864624	20.09197235	22.03942299	20.14743423	20.67098427	22.05039406
XP_004610991.1	25.07165146	24.1180687	24.59223557	24.3170681	24.18691826	23.71261406	24.88394928	24.47444534	24.46842957	23.50239563	25.11314774	24.72998238	24.91314697	24.14460564	24.35870552	24.52432442	24.46525574	24.69774055	25.42582321	24.80424881	25.28552628	25.20806503	24.82488251	25.74745178
XP_004611010.2	23.85756874	23.19943428	23.30744171	22.26802254	23.65184784	23.91223335	24.40112877	24.86919594	23.88809013	23.09110069	24.2753315	22.68716049	23.32868767	24.33005524	23.87182999	23.47815514	22.54042435	23.16316986	23.22160912	23.3528595	22.53805733	22.63409233	23.80695534	22.92736053
XP_004611071.1	21.87590218	21.82197571	24.33687973	22.99710655	23.40730286	22.82710457	21.0664463	21.87026787	22.82195663	24.19422722	23.71847916	23.33905792	23.58302307	24.14957428	23.16229439	23.83922768	22.25542831	23.42034149	24.37272072	23.39008141	23.62287903	23.18209076	24.69567108	23.30966377
XP_004611094.2	22.69778252	22.17230988	23.26313019	22.37639427	22.77964592	23.06269646	23.10088348	23.05298233	23.19397163	21.84987831	22.82642555	22.37047386	22.87805557	22.3877697	20.70514297	23.25493813	19.7652874	22.59411621	22.63597488	22.95626068	22.16358376	22.89018822	23.63089752	21.76668358
XP_004611096.2	27.13848495	27.01648331	28.15793228	28.10863876	27.9153595	27.53985977	27.59106445	28.12612915	27.62491608	27.7023983	28.04452896	27.86973763	28.00506783	27.53675079	27.94491959	27.99614906	28.38133621	28.15117264	28.44636154	28.14520836	27.8653183	27.94976807	28.27852631	28.68421745
XP_004611109.1	21.93344307	21.34299469	21.82745361	21.71615601	21.67076874	21.3999424	22.21812439	19.15722275	21.55604362	21.8365345	21.54198456	19.23492432	21.79776382	21.49419022	21.9044075	21.76186371	21.80112457	19.32270622	21.85098457	21.49277306	21.84168625	21.44212532	22.20272446	20.78692055
XP_004611117.1	26.10075188	25.81958199	26.75059891	25.98213577	25.72987747	26.23386955	26.5553627	26.99172401	26.43453598	25.76847649	26.56524658	26.75595474	27.3475647	26.74931908	26.18721962	25.45177078	25.27859688	25.94500923	25.9106102	25.52981377	26.02392387	25.31537628	26.25098801	25.67227936
XP_004611126.1	26.04793358	25.37487602	24.8398056	24.6378231	24.96172714	26.08125496	26.22800827	24.96455193	25.26510048	24.91875267	25.51983261	24.16836739	25.23852348	23.8692894	25.69776535	24.74555588	24.3731842	24.29984856	23.98737144	24.04351807	25.33036423	24.85533524	24.36111832	25.24586678
XP_004611131.1	23.46376038	23.50567055	23.85367203	24.37815475	24.33115005	22.93552971	23.42085457	24.34969139	23.9900589	23.11491203	24.06291199	23.77766037	24.41660881	23.66589928	23.59012222	23.1695919	24.18978691	23.9345417	23.93580055	22.74071503	24.23125267	24.64619827	24.61616325	23.68506622
XP_004611135.1	24.97272301	26.39878273	23.63710403	23.60093498	24.05738449	25.26044083	25.21881866	25.76617813	23.81811905	24.24930763	26.00579643	25.25263023	24.59309006	24.63948059	24.84230042	24.48726273	25.22214127	26.55556679	25.62720108	24.43166924	24.64998436	25.05502701	25.20873451	24.842062
XP_004611143.1;XP_055002865.1	19.26517487	19.02430153	22.4864769	21.01372528	20.95638466	18.19609833	18.94841766	20.6669178	20.7503376	18.67988968	19.06464767	20.7265873	20.80884171	19.28408432	19.96670723	19.66053581	20.43043137	18.64101601	20.79209518	19.43562889	20.39435387	20.70117188	21.59062576	21.27213097
XP_004611255.2	25.63724327	24.98563576	25.78149223	26.31459808	26.15738297	25.54005241	25.63020325	26.15811539	25.34915161	25.71981049	25.84579849	26.29810143	26.03447914	25.75325394	25.96210289	25.64063835	27.5308857	26.19587898	26.54537964	25.54468727	25.89663696	26.87044334	26.05511093	26.92184258
XP_004611341.2	18.77558136	17.8514328	18.41590691	21.14929581	19.4530201	19.48697281	20.11820793	20.18869972	20.23545265	21.43231964	19.79502487	21.55964279	19.28119469	19.04715157	19.08937645	20.9859314	21.92495346	20.06972694	21.8472805	19.57279396	19.64235878	21.60959625	20.96712303	20.17343903
XP_054984894.1;XP_054984893.1;XP_004611358.1;XP_054984892.1;XP_054984891.1;XP_054984890.1;XP_054984889.1;XP_054983249.1;XP_054983248.1;XP_054983247.1;XP_004622000.1;XP_004621997.1;XP_004621952.1;XP_004621950.1;XP_004611557.1;XP_004614004.2	30.54894447	29.52048874	30.515028	29.65270233	30.02300453	30.66991425	30.10437202	30.47266579	29.91812134	30.09017754	30.44845009	29.96071815	30.56601715	30.46936989	29.66961098	29.28705215	30.54986191	29.94335556	30.22653389	28.96298027	29.88345146	28.50748634	28.69773293	29.22683334
XP_004611359.1;XP_054974200.1	20.81940651	18.99505043	19.79083824	20.06311798	19.46837807	19.41990852	20.63688469	21.63289642	20.63423538	19.87864304	21.08245277	21.14873695	18.83315659	19.01603889	21.0960331	19.38896561	20.10577202	20.40551186	20.99548531	20.86996651	19.68394089	21.0428009	22.25709915	19.22324371
XP_004611430.2	22.78210831	21.88442421	22.40278244	22.15090752	21.70277786	22.29963875	22.42828751	22.56234741	22.93412781	21.58113861	23.0685482	23.07855034	22.45595741	21.56941032	24.44189835	22.18918228	21.58888817	21.75131798	22.46413422	22.05589676	21.41307449	21.97403717	23.37105942	22.18725014
XP_004611498.2	23.0345459	22.08154297	22.47723961	22.57943535	21.86457443	22.42447281	21.96455193	22.08092499	21.73367882	21.53616142	21.70391846	22.02397919	22.76435661	21.70733643	22.478302	22.07763672	20.86574554	22.29148293	22.24022102	21.42976761	21.42603493	22.09548569	21.51758957	21.71983719
XP_054985330.1;XP_054983927.1;XP_004611563.1;XP_054989014.1;XP_054989012.1;XP_004618078.1;XP_054994792.1;XP_012787095.1;XP_004608346.1;XP_054995387.1;XP_054986467.1	23.53801155	23.4642601	24.17127228	23.95828056	25.15603256	23.82851791	24.06726837	24.10908699	24.09547043	23.48505211	24.23103333	24.68693733	24.08990479	23.86684036	23.6595974	23.71009254	23.82967949	23.00310898	24.11243248	23.48922348	23.91351318	23.79689407	23.95384789	24.34773254
XP_004611645.2	23.80715179	23.50348854	23.83817101	21.55342102	23.54226875	24.59605217	24.09474564	23.09074593	23.60636902	24.6830864	23.05331421	23.56790352	23.47109985	23.47370338	24.41079903	25.52402496	23.38890076	23.70819855	23.21634865	23.38020515	23.98346329	23.43249893	23.75827026	23.61234283
XP_004611682.1	20.71372604	19.2114048	21.00580025	20.2324543	20.14743042	20.16996574	18.71737862	20.52592659	21.20191765	21.0674324	20.86627388	20.78628159	20.77828217	20.86037445	20.65744019	20.67227936	19.82345009	20.75393105	19.51931953	19.71895218	19.16434097	19.54356575	21.07594109	19.47157478
XP_004611693.2;XP_004605906.1	24.3046608	23.94948959	25.28746605	25.86344147	25.53207588	24.38706017	24.5480442	24.98259163	24.7449398	24.78935051	25.18884277	25.46780777	25.15792274	24.80508614	24.70530128	24.43294334	25.71941948	24.59069443	25.14246368	24.63195229	25.37620163	25.7735424	25.14577103	25.30598259
XP_004611709.1;XP_004611708.1;XP_054976293.1;XP_054976292.1;XP_054976291.1	20.27787399	19.11572266	20.15499115	20.89304352	19.3042984	19.46077919	20.08920479	19.47526169	20.05271721	19.06925583	18.99304581	20.44906425	19.9507122	20.22561264	19.43926048	20.47813988	18.15538597	18.85964394	20.4679184	19.6259861	20.53388405	19.28443146	20.40869141	19.86691475
XP_004611716.1;XP_054974636.1	26.85031319	27.00131416	26.35771561	25.9343605	25.8537426	27.02569962	26.83026123	27.30129623	26.54455566	26.34529877	26.71777344	26.09723854	26.86171532	26.82796097	26.66084862	25.57741356	25.6971035	26.25972366	26.00397491	26.61722755	25.02968407	24.82982445	25.22787857	25.49542809
XP_004611747.2	18.37485504	19.63147354	20.65517044	19.14284897	19.41039467	19.27919006	20.51272392	18.64280319	19.23980522	21.01882744	19.72793388	19.39920044	19.27471924	19.34061813	20.71431351	22.26149559	19.989851	20.01274681	19.88389397	21.77466774	21.09415627	20.93128014	20.76595688	19.83684158
XP_004611760.2;XP_054988590.1;XP_054989817.1	23.98328781	23.68763161	24.33756065	23.3924427	23.05490303	23.46463394	23.70144653	24.08415794	23.88864708	23.59457207	23.54639626	23.75542068	24.13985252	23.35635567	23.7205677	23.28911972	22.63234138	23.24992943	23.5354023	22.96096802	22.79451561	23.47395134	24.0464344	23.82230759
XP_004611766.1	27.73363304	25.85383797	27.006567	26.58706284	26.7850647	27.67801476	27.9320755	28.41776085	27.27061653	26.235569	27.29631615	27.17921066	27.55090904	27.8604126	26.89665985	27.22563744	26.90747452	26.47063446	27.00988007	25.87734032	28.03343964	27.07316399	27.12514305	27.37708092
XP_054986708.1;XP_054986707.1;XP_004611777.1	22.51955795	19.29613495	21.47813034	21.28444099	20.76060677	18.83895111	21.35293961	21.99614143	21.51296806	21.42429352	21.18978691	18.81687737	21.10520744	20.56838989	22.33519173	21.79784393	20.65490913	18.86599159	20.93603325	20.76125526	22.20871925	20.84750938	21.09680557	20.51161766
XP_004611796.2	19.00712967	21.61620712	22.9712677	23.43847466	22.04666901	20.79034615	20.84207153	21.74464226	21.63710403	22.63586426	22.69905472	23.83180809	22.11854362	22.55698013	21.43532372	20.89954948	22.89139366	20.56709099	22.98363686	20.5703373	22.34399796	18.85407448	22.2651062	22.4402256
XP_004611814.2	26.75417137	25.82162666	27.66675186	27.83478737	26.99323654	26.76116371	26.62156677	27.35279274	27.18072891	27.42149734	27.42750359	27.34764862	26.97388458	26.92965126	27.13163376	27.29701614	27.98582077	27.07724571	27.68391609	27.3499279	27.10988426	27.75455284	27.08436012	27.99679565
XP_004611818.2	22.9927063	22.18543625	23.63920403	23.44366837	22.74316216	22.71808052	22.74055099	22.75981331	22.43844986	22.1496048	22.65597916	23.06052208	23.15681267	22.86029816	23.07708359	22.70271492	22.93187523	22.38210678	22.18174171	22.85123253	22.63109779	23.35595322	23.60523796	22.61883163
XP_054989196.1;XP_004611822.1	23.6521759	23.50833321	23.66177368	23.49655724	23.38890076	23.26842308	23.60975266	23.63555527	23.74509239	22.78296852	23.62243271	23.24775696	23.6102047	23.18166542	23.56197357	23.09545326	22.56843758	22.84013176	23.12757683	22.48586273	23.25231361	22.74314308	23.50845337	23.48750687
XP_004611839.2	21.87597656	20.28669739	23.9295826	23.91451645	23.32306099	21.94713783	22.41676331	22.39513779	23.2131176	21.2151947	22.37687111	23.53647041	22.55297661	21.45983887	21.91725159	22.26450539	23.27213097	22.4522171	22.74297714	21.12332153	23.75041962	23.36906242	22.69183159	24.03598976
XP_004611854.1	24.49582481	24.40093422	24.81631279	24.96512413	23.49374962	24.64107895	25.20932961	25.04168129	24.50239563	24.18101311	24.63632965	24.58112717	25.34834099	24.35521317	24.21029663	24.14709091	24.41299629	24.43720627	24.88953018	23.87464523	24.39080429	25.27529526	23.93021584	24.80705452
XP_004611946.2	27.44955254	27.73473167	28.06932831	26.79525948	27.24916267	28.63166237	26.12251854	26.30968094	26.54316902	27.10769272	26.86207008	27.3972168	27.72247124	26.54079247	27.51810837	27.75824356	27.67148399	27.29438972	27.06589127	28.15532875	28.84490776	28.77677727	26.97410393	29.0504837
XP_054974915.1;XP_054974914.1;XP_054974913.1;XP_054974912.1;XP_004611973.2;XP_054998891.1;XP_054998890.1;XP_054998888.1;XP_054998887.1;XP_054998886.1	20.09300423	20.43603706	23.53504562	23.21390533	22.88123512	21.03577042	21.90345192	22.18891144	22.31611633	20.97952652	21.68474579	22.57540131	22.58907127	21.15084648	21.45873833	22.36532974	21.7776413	21.46533203	22.51963043	21.45623398	22.79195595	22.22211075	22.82512474	23.79788399
XP_004612073.2	19.95191002	19.32476425	22.38118362	24.47803116	25.66133881	20.79986	19.88962936	20.99693489	20.24559784	19.54006195	22.70349693	23.75704956	22.3329525	22.32633018	22.30103493	23.052948	25.32714462	22.79219437	24.5651741	23.64063835	23.89143181	24.74046898	22.00970078	24.4730835
XP_004612100.1	25.58895111	26.44980431	24.80754471	26.16562843	25.69290733	26.30943871	27.48753738	27.63740921	30.07788277	25.42681694	26.81384468	29.01714706	27.21048164	27.34307861	28.51634407	29.9719944	27.67559433	28.03102112	27.86201096	29.36715508	28.83412552	29.1959877	29.30966759	27.69524574
XP_004612144.1	23.32085991	23.31492805	23.52945709	23.06624985	22.85802269	23.70408821	23.54462814	24.1722641	24.2186718	24.1165638	24.39969635	23.64801025	23.81880188	23.57703972	23.45838928	22.27383804	22.69251251	23.06634712	22.91184998	22.40200043	17.99789429	22.16392326	23.8620224	22.16588593
XP_004612166.1	20.82756996	20.62275696	19.90683174	19.16816139	19.25308418	20.50407028	17.89485931	20.39644623	19.72555733	18.95819855	20.12556839	20.38061333	19.81699944	18.9452858	19.38667107	21.27389526	19.82252502	19.47561455	21.93045044	19.15745544	21.36996841	23.39871788	20.65639305	21.11977959
XP_004612206.1	24.12801743	23.78066635	24.55180359	23.26699448	23.2173996	23.88623047	24.22324562	24.68110275	23.97980499	23.02531433	24.31513405	23.5775013	23.68773842	23.38429642	23.77042007	23.34651566	22.52176285	23.00805855	23.00823021	23.26140976	23.02453613	23.50554848	23.61616325	23.42149734
XP_004612244.1	25.92444992	25.33121872	26.67074203	24.86069679	26.240345	25.61868477	24.86159706	25.61854553	25.72348595	26.50667	27.17740631	25.55590439	25.35238838	24.67820358	27.03800011	26.42136765	25.16284752	25.27788734	25.01805496	26.12342644	25.5144558	24.21608353	25.04839134	25.48052979
XP_004612283.1	20.98057175	19.26325035	21.07822418	22.26527786	21.599823	19.6213665	20.44697571	20.9681778	19.59871864	19.20533371	19.8526001	19.66272926	20.64544106	20.2047863	19.78784561	21.06762886	21.33363533	20.48659897	21.51277542	21.28477859	21.53212357	21.72446632	20.35616875	21.33156013
XP_054986714.1;XP_054986713.1;XP_004612353.1;XP_054986712.1;XP_054986711.1;XP_004612352.1;XP_004612350.1	21.6806736	18.29916573	21.3897934	22.86574554	19.29437637	21.16949844	21.02897644	20.31127167	21.56276512	18.31376457	18.49045563	23.47926521	20.15400314	20.70548058	22.48640251	20.10407448	20.66422844	17.98745918	19.16462326	18.89323044	19.7350502	18.75864792	19.44029617	18.57432938
XP_004612370.1	22.11076164	21.20335197	22.47533607	21.01835251	20.8956337	21.55959511	21.14910889	22.04072762	22.61396217	22.3923893	22.50086594	22.222435	21.71141624	21.96508026	21.64684677	22.0315361	21.40145493	21.98527145	22.10773087	22.58526993	21.11235237	21.40629005	22.60283852	21.97431755
XP_004612384.1;XP_054975231.1	25.45619583	25.37006187	25.67341232	24.35474396	24.85033607	25.47500229	25.93258286	25.90635109	25.95358086	25.79553223	26.02542496	25.54683685	25.80557823	25.58063698	25.72754288	25.45625877	24.80395317	24.91606712	25.07251167	24.13625717	24.05978012	23.73634529	25.06673431	24.1272316
XP_004612420.1;XP_054992594.1	20.51605034	19.10757256	22.75482941	23.85281372	23.69423676	20.37683868	18.9293232	21.57911301	20.19062996	20.26796532	22.26922226	22.9095993	21.42480659	21.53207588	21.87755013	22.3589325	23.6537075	21.04032707	23.19008827	21.22063637	22.46545601	22.99527931	23.59991455	22.86279869
XP_054996877.1;XP_054996875.1;XP_054996874.1;XP_004612546.2;XP_054996873.1;XP_054996872.1	22.13078499	21.78923035	21.66921234	19.09930038	22.3995266	21.48492813	21.74652863	21.8771019	21.32008934	21.10578346	22.49601936	19.71048927	21.11273384	22.20997047	18.72437859	19.99948883	21.49350548	20.59771347	19.06196976	21.65787697	19.34116173	20.24676132	21.75946808	19.76881599
XP_004612557.1;XP_054993839.1	21.09667587	20.02215195	22.57844543	21.6905117	22.15986443	20.90580368	20.91152	20.89585686	20.28093338	20.60403824	21.04613495	21.97592735	22.59618759	21.45171356	21.96144485	21.74353218	25.04339218	20.28217888	22.33210564	21.24910355	23.34732819	22.52320099	21.68982887	23.42354965
XP_004612566.1	21.17157745	18.14468575	21.6591835	21.91283607	20.57671738	21.5300293	24.81440735	20.98112869	19.29108047	19.20636177	20.28850174	21.43527412	19.21722031	20.6205101	20.36292458	20.33549118	20.0920105	20.09900284	19.38578796	17.94410324	23.48480606	20.97817039	19.80294418	20.50726891
XP_004612596.1	24.09780121	23.0915699	24.90357208	21.28297043	24.22332001	23.58852196	23.6574192	23.84718513	22.70918846	23.90747452	23.568367	23.73293495	24.26656532	22.71200562	24.13171196	23.25925636	22.81274414	24.91857147	23.12971687	23.68035126	24.42777443	23.59103584	23.91515541	23.20448685
XP_004612614.1;XP_012788977.2	26.04497719	25.64286995	26.51267815	26.6502037	26.49403954	26.13108444	25.82854271	26.41627121	25.43237114	26.391819	26.98478889	27.3475647	26.85839844	26.62700653	26.78842926	26.8401413	27.68210793	27.12701416	27.58606148	26.17822456	26.79439163	27.41473961	27.04708099	27.40405655
XP_004612616.1	22.29572105	21.68114662	22.80797768	22.08777046	21.18089294	19.2965126	22.96822929	21.91859818	21.41219521	21.49360275	20.71204758	22.18577003	23.21974945	21.46388626	22.3754406	21.72891426	20.27173233	21.36415482	21.05191994	21.14923286	21.75185013	21.47303391	22.81143188	21.9754734
XP_054995509.1;XP_054995508.1;XP_004612617.2	18.69213486	21.37252045	21.23280525	21.15924835	21.48049927	20.09251404	21.20943451	21.28285789	21.79344368	21.98950386	18.28455544	20.68437004	21.80301857	21.57929802	21.38337326	20.11022186	21.35611534	20.81870461	19.28396797	18.49438667	20.8234539	19.60959816	22.03969193	21.34440422
XP_004612619.1	25.09635544	23.58221817	25.10757256	24.33435822	23.07696915	24.34854317	24.05448914	23.86900711	24.14514923	24.18336296	24.89726067	24.39636803	24.37471199	23.39702034	25.3973465	24.52276993	23.6344471	24.51857376	25.06944084	23.79995918	24.56115913	24.46656418	24.60710144	24.95451355
XP_004612653.1;XP_004612651.1	20.00605202	19.99424362	20.22858429	22.09458351	19.77587128	18.93461418	19.72035408	20.20067978	20.46682549	19.03903198	22.24126816	19.12530327	19.30591774	18.44457626	19.78134346	20.09699821	21.07038307	20.03214264	20.76530838	19.8473568	22.03969193	20.59003067	24.63892746	21.6541214
XP_004612756.2	21.7768383	20.8037281	21.44303703	21.09235954	19.08542633	20.56801987	20.99362183	22.41085052	21.07385063	20.09300423	21.18694878	21.06217003	21.82570648	20.90028572	21.84563637	20.75645828	20.1382122	20.61836052	20.09687042	20.82787895	21.61157799	23.39008141	21.64072609	21.23016739
XP_004612841.2	20.37782478	20.06373787	21.53739548	22.52363014	21.45050621	19.28881645	19.22121429	19.29151726	21.28133011	21.0684166	22.12243652	22.19496346	21.31981277	21.25268936	21.90532684	21.91250801	22.97200584	21.95180321	22.54129982	21.58191872	21.56736946	23.25265884	22.46211433	22.32154846
XP_004612891.1	21.8613224	22.71353722	21.88129044	22.40423775	23.14738655	22.57198143	21.99085426	22.53255272	21.01950645	17.96842766	22.29389763	22.43535042	23.28206635	22.27372551	22.08819199	21.89751816	23.22762871	22.12726212	22.38047028	20.72125626	22.38160515	22.03133583	20.59796143	22.18782425
XP_004612975.1	25.79459	25.56063461	26.41743088	26.7940197	26.01635551	25.5772419	25.9947052	26.50500298	26.32235718	25.91202736	26.83569145	27.10469627	26.74149704	26.56986046	26.48248482	26.59249115	27.20321846	26.36501122	27.15421867	26.97136497	26.56972885	26.89110756	26.87384796	27.18839073
XP_004612991.1	26.09595299	26.2945652	25.10757256	25.40272331	25.65995216	26.60229492	26.16708565	26.18478203	26.47501755	26.71082878	26.66722679	25.92967415	25.83151817	26.20689201	25.60876656	25.2123394	25.49329185	25.3973465	25.81399155	25.31302452	25.23165512	25.38965607	25.36999512	25.50911903
XP_054977987.1;XP_004612992.1;XP_054977986.1;XP_054977985.1	25.74239731	25.02791405	26.59832573	26.2312336	26.03977966	25.87328529	25.88583374	25.92426872	25.8554554	26.45713615	26.22273064	25.90331841	25.62508392	25.23896027	25.83629417	26.04071999	24.78076744	25.46898842	25.76144409	26.51833344	25.98017502	25.3777256	25.73275375	26.01393127
XP_004612999.2	21.10091591	22.13295174	21.97112846	23.12333679	22.1221199	19.25349617	22.13219833	22.46148872	22.84947777	21.5929985	22.09493828	22.58242416	21.19412231	22.533741	21.16084862	21.80801582	21.90058136	21.50949287	22.48709106	22.09493828	22.60562325	22.28988075	22.68600655	22.81336975
XP_004613012.1	24.8018837	24.12880516	25.48228455	26.11886215	25.51517868	24.86476326	25.74931908	25.49255943	25.18657875	24.53474998	25.51556969	26.2141571	26.05086327	25.08176231	24.63699341	25.17725372	25.89043427	25.24027252	25.92041206	25.16180992	26.01595116	25.54827881	25.28549194	25.78969955
XP_004613015.1;XP_054997713.1;XP_054997706.1	24.04618454	19.61018181	22.61811447	24.07046509	21.98697281	22.74939728	23.27056313	23.14583397	22.36166573	21.88434982	21.87015533	21.712677	22.66288185	21.46961021	22.3394928	21.45055771	19.00016403	21.97158432	20.39822197	19.91712761	24.19023895	20.49687004	21.18906212	21.97903633
XP_004613017.2	23.03163719	21.93610573	22.14696693	20.97147942	21.39346313	22.23060799	21.96102142	22.45442772	21.78012657	20.45231819	21.58870506	22.16530418	22.41557693	21.9372921	21.64059448	21.36030006	21.1580162	21.38374138	21.85209084	21.19934464	22.22110748	21.26865196	20.65770149	21.61831474
XP_004613070.2;XP_055000285.1	19.37472534	19.00628281	21.61607361	21.8086853	21.09706306	20.36058426	20.0184021	19.67623138	18.75788307	18.22070313	20.67271233	21.50876808	21.36500931	19.20986366	20.86936569	20.97446251	21.40981483	19.57249641	19.27693176	19.17746925	21.82938957	21.2797451	22.27897835	21.54354286
XP_004613071.2;XP_055000291.1	21.01017761	20.91239738	22.78594398	23.55999184	22.81131363	21.09712601	20.09712601	21.80644417	22.18231773	21.96543121	22.78899193	23.39414406	22.54877281	22.32633018	18.51226425	21.83780479	22.82090569	21.7772789	22.50479698	20.48787498	21.77241516	22.15319824	21.76692772	22.26862335
XP_004613115.2;XP_055000744.1;XP_004613077.2	24.56929398	24.18895721	25.03657532	25.45466042	25.11917877	24.28326797	24.97167206	24.48775291	24.36078262	24.25738716	25.30754662	25.52954674	25.60594368	24.34793472	24.71387291	24.9647274	25.76807404	24.63167572	25.2940731	26.30204582	25.64240265	25.69402313	25.4321785	25.5404377
XP_004613151.1	18.5326786	18.30316162	21.57902145	20.39278984	19.05878448	21.46821785	19.65983772	21.01733398	21.40800285	19.46177864	18.21110916	21.45387459	20.39884758	19.53100777	20.55365562	18.09832573	19.98980522	19.67047882	21.75763893	19.087286	23.03578758	18.19002342	19.6371727	22.16974449
XP_004613177.1;XP_054976858.1	23.31118965	23.16876602	23.35137749	22.59486771	22.29052734	22.87936592	22.55709648	22.38908386	22.34117699	22.39505959	22.23885155	21.36426163	22.1163559	23.26384735	22.32281303	22.21977997	20.68320274	21.32163048	22.23081398	21.13996124	21.47204208	21.40358925	22.59425354	22.21074295
XP_054978644.1;XP_004613223.1	20.25914192	20.36024666	19.49773026	22.85130882	20.71992111	19.31545258	20.39131546	19.17198181	19.36373329	19.04594231	18.07493973	22.55765724	21.67141724	21.04453468	19.58977509	21.60186577	23.79064369	22.78917122	21.34840775	18.98722076	19.09210205	21.32372093	20.62229919	21.67749405
XP_004613255.2	22.21534157	20.40280724	22.73200226	22.62437439	21.21596336	21.34169197	19.82101059	21.98339272	20.65900993	20.06618309	22.33579063	20.346138	22.38247681	20.46841812	22.67439461	22.01110077	20.78308868	21.97858429	22.73723221	21.33341789	21.35869217	23.07859802	21.21175194	22.66581154
XP_004613271.1	22.88386536	18.20242119	24.82250214	26.1966114	25.43408966	20.179739	19.85070229	21.6667881	20.79209518	24.13469124	24.67066002	25.39914131	23.56139183	24.09948921	24.0743084	24.92129707	26.83869934	24.29705048	26.2202034	23.74734879	25.7665081	26.35919189	24.66925621	25.6439724
XP_004613291.1	23.29459953	21.90837288	21.51821327	21.78372765	21.34673309	22.20603943	22.18531609	22.06401443	22.75808716	22.74221802	22.61042976	21.81131363	21.71028137	21.72862244	21.97781563	21.34028053	18.92201233	21.24910355	21.6835041	19.22064972	21.70564842	21.87387657	20.60521507	21.1398983
XP_004613388.1;XP_054984174.1	24.17569542	24.98067665	24.64372444	24.56162453	23.88324928	24.20404053	24.83214569	24.85243416	24.18631363	23.41802597	24.1379776	25.21267319	24.28813553	24.04618454	23.73510551	23.15509987	24.16783142	23.17724609	23.24113846	22.10287094	22.62334824	24.63621902	23.35649109	22.62604713
XP_004613477.2	21.58870506	20.85809898	25.81048965	27.67586517	26.29900932	22.24809074	21.29843712	21.18664551	21.28613281	24.91838837	25.30539131	26.28538513	23.45938873	25.06373405	23.55660439	25.28982353	27.96350479	25.06147003	26.94290733	23.92669106	25.66622353	27.38845634	25.10361671	26.97333717
XP_004613554.1;XP_054977113.1;XP_054974182.1;XP_054980104.1	27.09788322	26.3874054	27.05765343	26.32041168	25.89407158	27.05413818	27.7081337	28.10419655	26.83966064	26.42412758	26.85922813	26.8071022	27.38755417	26.74727249	26.7850647	25.98745918	25.96593857	26.69165611	26.39980888	25.94969177	25.62014008	26.09061241	26.77089882	26.94960213
XP_004613621.2	24.11338615	24.18358994	23.67723656	22.89254379	23.31603241	24.75031662	24.86938286	24.97167206	23.43211555	24.02352142	25.92825127	24.20717239	23.61447906	24.06989098	23.70956612	23.87436485	24.4052906	23.87839317	25.31606674	22.83014488	24.03061104	24.19723129	22.81262589	23.33701706
XP_054997260.1;XP_054997259.1;XP_004613624.1	25.84083748	25.91294098	26.45638466	25.56665611	25.69426346	25.95144844	25.89871407	26.10533524	25.76156998	25.22214127	25.79889679	25.79473877	25.80818367	24.84541512	25.26967239	25.59485626	24.63699341	25.41454506	25.44862366	25.33868408	25.03846169	25.32144547	25.88432121	25.41696358
XP_004613637.1	24.20947838	22.68142509	23.72754288	23.3001976	23.55168533	23.69391823	23.77715874	23.17250824	23.27326965	22.96847534	22.73966599	23.30005836	23.46063995	23.13708687	23.47531128	23.80055237	22.78853416	23.03686142	23.05935097	22.80431938	23.05974579	23.01263618	23.4434166	23.40015221
XP_004613808.2	19.63534546	19.67621613	21.80147934	21.65066528	21.89940071	19.71846962	18.74433899	19.29170609	19.83207512	18.95411873	21.20227623	21.84907722	22.51246262	18.99153137	19.54257584	19.43666077	23.89263535	20.33134079	22.71399879	19.54626465	22.10437584	23.38811111	22.69080925	21.74320412
XP_004613809.1	18.31091309	18.96320343	20.73198128	19.935709	21.37925339	21.59204102	21.03583717	22.14124107	21.05999374	22.05112457	19.31155968	20.28793716	20.38532257	22.02961731	19.52599907	19.04563141	19.62133408	18.95635986	20.14829254	19.09959221	19.06467247	18.62535477	20.43664742	18.35813904
XP_004613813.1	22.3016777	23.54615974	22.62142754	22.08427048	22.14485359	22.84439087	22.16161728	23.44934845	22.47432137	22.91342163	23.94243813	22.90981865	23.12999916	22.92308617	22.83993912	22.87502098	21.56360435	21.55154419	22.45628357	21.1145153	22.98868942	21.30819321	22.0832653	21.77430534
XP_004613820.1	21.86989212	19.11408615	21.89681816	19.80380249	20.02282524	19.54204369	19.79948044	20.74287605	19.66669273	20.60050392	20.76425552	21.10699654	18.49047279	19.19429398	21.83780479	19.42020226	18.94842529	18.49712753	21.77173042	22.66945076	21.61288261	21.05688858	21.06040192	22.21017838
XP_004613830.1;XP_004606782.2	23.86457443	23.09688568	23.35366631	22.84418106	23.06834984	23.68805885	23.95153809	23.91131973	23.53694344	23.4470787	23.70334816	23.07871246	23.31879234	23.52360725	23.4719677	22.64605522	22.81739616	22.76145935	23.00540543	22.82405663	23.98789215	22.73314095	23.03964043	23.22231674
XP_004613899.1	22.11362457	20.9800148	20.06315804	19.1199894	20.67874146	22.00357056	23.90811539	21.45307159	22.39102554	19.75627136	20.32076073	19.26588821	19.5860405	21.08621597	19.04952812	19.27204704	19.73271561	17.99867821	18.91657829	19.90957451	23.42393494	19.08817673	19.13645554	19.84498405
XP_004613931.2	21.99738121	21.06782532	22.50826073	22.99265289	22.7442112	22.45432663	22.3952961	22.61079025	21.69693375	22.59875679	22.4942131	22.99526215	22.38790131	21.8862114	21.94152451	22.17383575	22.29063988	22.05695534	22.33057594	22.32726288	22.65103722	22.77084351	22.94041443	23.09184265
XP_004613932.2	21.45828819	20.99941444	20.24678612	20.48718452	19.99347496	20.05178833	20.28205681	19.61122513	21.90047073	19.64301491	20.78811646	22.23905563	20.28666878	22.74149704	19.88546753	20.8121357	19.17644882	19.5171299	21.23998833	21.26527786	21.63754654	19.49507904	21.16894913	19.9153347
XP_054978685.1;XP_004613952.1	22.23113632	22.48237038	24.62014008	22.75503349	23.70714569	25.49704361	22.98726654	23.35649109	23.25681114	25.07201958	21.35056877	21.63045311	22.13539696	22.23350716	21.80660248	21.62399483	21.43313599	21.25159073	21.10591125	21.54736137	20.51335335	20.71623993	22.57863045	21.78168869
XP_004613953.1	21.90201759	22.73423767	22.59165382	22.56548882	22.55356216	24.03950691	19.86586571	23.62967682	23.25954247	22.38192177	23.54085159	19.31026268	22.51722908	22.79594231	21.59668922	18.50862694	22.33685303	22.05764961	21.04740143	19.98884583	19.2320118	19.51623535	19.76231766	19.8140316
XP_054996304.1;XP_012787017.2;XP_004613989.2;XP_054998681.1;XP_054978697.1;XP_012788792.2;XP_054993250.1;XP_054998678.1;XP_012789146.2;XP_012787912.1;XP_012787092.2	22.95688057	21.68982887	22.97003937	23.44417381	23.14704514	22.31967545	22.3953743	22.94320679	22.89779663	22.94578171	22.83788109	22.91329384	22.71822739	22.19002724	22.08219337	22.63683891	22.82861519	22.46263885	22.74341011	21.40758705	21.86116982	22.34082413	22.34913826	22.78450584
XP_004613999.2;XP_054984906.1;XP_054984905.1;XP_054984897.1;XP_054983253.1;XP_054983252.1;XP_054983251.1;XP_054983250.1;XP_004621996.1;XP_004621948.1;XP_004621944.1;XP_054984895.1;XP_004621992.2;XP_004614003.1;XP_004614002.1	31.55910301	30.16267014	31.32275772	31.16542816	30.65761566	31.2060051	32.10967255	31.35945702	31.16086769	30.74422646	31.139925	30.64727402	31.89691925	31.29323769	30.4674263	30.3441391	30.54894447	30.6245327	30.76057816	29.66052628	30.01438332	29.79626465	29.76496506	30.25473595
XP_004614067.1;XP_054993061.1	22.09274673	22.06943321	22.50431252	21.48527336	21.52960014	21.64785767	22.17411041	23.00646782	23.66079521	22.52609253	23.04015923	22.77297783	21.66877937	21.12660027	21.24638176	21.37967682	19.03066254	21.54009438	22.42419052	22.92119789	19.68399239	23.09945679	22.46211433	21.10277557
XP_054992427.1;XP_054992426.1;XP_004614069.2	25.15684319	25.14926529	26.07975006	26.57845116	26.45615005	25.59397316	26.01809692	26.0146122	26.66193771	25.30549431	25.84134102	26.22742081	26.11380386	25.41060448	25.76364899	25.54253387	26.12652206	25.94201279	26.46639252	24.56923676	25.59957504	25.49142838	25.61475945	25.62410736
XP_054975950.1;XP_054975945.1;XP_004614100.3	21.44384575	21.38832283	21.41033363	21.55243683	18.81222343	20.78444672	18.1633873	21.28759956	20.88233566	20.14904785	21.76356697	20.79137993	19.2293148	19.82981491	21.12855339	21.21489716	20.28714943	21.00970078	21.33962822	21.14245605	18.77068329	20.42675209	20.27412415	21.42265129
XP_004614109.1	22.09442329	21.96553802	23.21224213	21.95272827	22.54408646	20.07764053	21.40665436	20.98690224	22.92546082	22.09680557	22.26902199	21.88554192	22.2951889	20.96395111	22.03624153	21.66110039	18.57891655	21.60272598	21.3953476	21.32443619	22.16536522	22.33475494	21.78704071	22.49108505
XP_004614165.2	18.90615654	19.46381569	20.11642075	21.5418911	18.05708122	19.60351372	19.21771622	19.3043766	18.67998505	19.01086044	20.22163963	19.23961639	20.04899788	20.26304436	20.43012619	19.12308121	21.74032402	20.51171494	20.83460617	19.13045692	19.00300217	18.93005562	20.7981987	20.59204102
XP_004614194.2	19.77821922	17.54400253	19.92750931	21.37268066	21.25465012	20.25222588	20.15338326	20.33319855	20.54429245	18.28403664	21.34418678	21.66817284	19.42337227	20.77788162	21.11762619	21.18483162	21.8426075	21.66236115	22.23680878	18.45419121	21.34163857	22.09439087	19.81859398	22.48261642
XP_004614196.2	25.34062004	24.18313599	24.97136497	25.8914547	24.62304688	25.50957108	26.27316284	26.38035393	26.1985054	25.43026543	26.0981636	25.35194969	25.89783669	25.67591858	25.03523445	24.29438972	25.0214901	24.96380234	25.66095734	26.33468246	24.62220955	25.27856064	25.4332943	25.39430809
XP_004614239.2	24.55999184	24.47258759	25.19415283	24.61812592	24.32765961	24.19317436	24.7817688	24.67141724	24.56307983	24.11378479	24.32656288	24.59980202	24.8146019	24.20597839	25.18336296	25.70413971	24.32271767	25.16909409	24.22574806	24.71670151	23.84689903	24.2578907	24.84373856	24.90825272
XP_004614275.1	22.66222954	21.03462982	22.59030533	21.70754623	21.42126656	22.21611214	22.00333214	21.81170464	21.73719215	22.02695274	23.27056313	22.29499245	22.40579605	21.69774055	22.6487999	22.33112335	20.36217499	22.50830841	22.76741219	22.55527115	22.5549202	21.78783798	23.61470413	22.69744301
XP_054994536.1;XP_054994535.1;XP_054994534.1;XP_004614276.2;XP_054981614.1;XP_054981613.1	22.07224846	22.62350464	22.81031418	21.78516579	23.80911636	21.56913185	23.50893784	23.38916206	22.85300446	21.41467476	23.18446922	21.4355278	21.48079491	22.45738602	23.28135872	22.66659164	22.70117188	22.9498291	22.51171494	22.38671875	24.29052734	22.42126656	23.15330696	23.351511
XP_054996862.1;XP_054996861.1;XP_004614285.1	26.74727249	25.86888885	25.07103729	24.87234688	25.06853867	26.73763466	26.84313965	26.44923782	26.42411041	26.29363441	26.20748901	26.53968239	25.71389771	26.20493507	26.01992226	25.65891647	25.15992546	26.49594688	25.93932533	26.30089569	24.66242599	26.65853691	25.89233589	25.19719315
XP_004614289.3	24.12919807	23.59980202	23.48615837	23.31838036	23.17183685	24.08901596	24.29768181	23.81450462	24.28524399	23.78156853	23.42815781	23.15497589	23.23037338	23.21292496	22.51243782	22.63045311	22.59350014	22.82246208	22.47439575	22.22075462	20.53293419	19.5416832	22.31691742	21.94392204
XP_004614314.1	22.39856148	21.86170006	21.60562325	22.22125626	22.14920235	22.48077011	22.8747406	22.8146019	22.83078194	22.23923111	22.35783386	22.56038857	22.31680679	21.61229706	22.58721733	22.00054932	21.78743935	21.492136	22.1190834	22.81327248	22.60095787	21.76627922	22.74445724	21.95819092
XP_054996569.1;XP_004614336.1	25.50697136	24.81470108	25.65826416	25.40060806	25.06632423	25.60681915	25.27124023	25.54924965	25.44521713	25.18623734	25.33084297	25.56048775	25.46482086	25.31485748	25.5522728	24.82279396	24.77026749	25.21478653	25.15749931	25.32409286	25.05920219	25.46216965	25.49893188	25.71138
XP_004614459.1;XP_054986832.1;XP_054986831.1	21.26373291	18.78517723	21.42685509	20.2851181	18.90764809	20.58306885	21.60412979	21.14550591	20.5076561	19.53836441	21.15202141	20.5892086	21.65083885	20.87717628	21.06605148	19.41492462	19.11431122	19.42290306	20.69947815	20.51335335	20.46722412	20.19243813	21.42711067	20.44949913
XP_004614519.1	24.22398186	23.38324165	24.79406929	24.48265457	24.51641083	23.74170303	24.45067024	24.01877594	23.81850815	23.91469955	24.8651886	25.09563065	24.65403366	24.8969841	24.76865387	24.30792809	25.46712303	24.51743317	24.77846336	24.22302437	24.75082779	24.96212578	24.37775803	25.55353165
XP_004614520.2	25.26999283	25.21014786	25.39770699	25.26838684	25.2473526	25.39858627	26.26153564	26.03873253	25.79307747	24.79446602	26.33374405	25.52357674	25.83853149	25.40096664	25.25648689	24.42758369	24.45776176	24.99287033	25.29309082	24.43726921	24.98793602	25.07475853	25.27170372	24.83937263
XP_004614532.1;XP_054978350.1;XP_054978349.1;XP_012789502.1;XP_054983356.1;XP_054983355.1;XP_054983354.1;XP_054983353.1;XP_054983352.1;XP_054983351.1	21.16514969	20.00099564	22.67798805	22.48961639	22.08098984	20.41369438	20.64235878	21.82636642	21.64645195	21.18149948	22.41387558	23.34475708	21.98342705	20.99617577	21.72604752	21.9103508	19.73991203	21.08647537	22.28178215	23.54380226	23.4342804	22.56855202	22.42529297	23.21123314
XP_004614607.1	25.14588737	24.16261673	25.53483963	24.60659409	24.51887321	25.06336403	25.60011292	25.83076859	24.82972908	23.91743279	25.36649704	25.31087685	25.63123131	24.64427376	24.76577377	24.31934547	24.84952545	24.72145462	25.17801476	24.10557556	25.00881195	24.44663811	24.79951477	25.09079361
XP_004614628.1	23.62366104	22.65005112	24.09208488	25.20310593	24.48910141	23.10632706	24.28729057	24.08602142	24.37961006	22.8451767	24.53261185	24.05945015	23.94234848	23.43300819	23.21976471	23.6468029	24.95326996	23.46450806	24.21615601	25.12088013	24.15753746	25.45221138	23.61705971	24.59280586
XP_004614663.2	22.59893799	20.88300705	23.41428757	24.26169586	23.80872345	21.12874222	21.63957977	22.9368782	22.16395378	21.92375755	23.56720734	23.73644829	23.35702705	22.68624306	23.23381424	22.42803001	24.00530243	22.13345337	23.46985817	21.20687294	23.14606667	23.82851791	24.12178802	23.42419052
XP_004614710.2;XP_055002150.1	21.77495003	20.83951569	21.31655693	23.66719818	21.87286186	18.3776474	19.63307381	18.45153236	20.01099777	22.05804634	21.7817688	23.16855049	22.27027893	20.68765259	19.85746193	20.74065399	24.43891907	20.24225807	23.52312851	20.14220619	22.59470749	23.67562294	21.84149551	24.60800552
XP_054978328.1;XP_004614793.2	23.35137749	22.98208809	24.16691208	23.78046608	24.16261673	24.35769844	24.51947403	24.76091003	25.18635178	25.09131813	24.50675964	23.85100365	24.76466179	24.72982597	24.36606407	24.70888329	23.99075127	25.37192345	24.09506798	24.90485764	24.3303299	23.84431458	24.29810143	24.12344742
XP_004614818.2;XP_004614817.2	18.79131508	19.39041328	20.43644333	20.68987083	19.07402039	18.58636093	21.15893936	22.02330208	21.95716476	20.6592617	17.80498505	22.82497025	20.38015175	20.86340332	19.39868164	19.18531609	18.87289619	20.74472046	19.288311	19.51714897	19.7276516	19.85961914	21.13877487	20.75417709
XP_004614820.1;XP_004619362.1	23.97412491	23.87464523	23.86116982	23.27554512	23.01040077	24.41021729	24.49050903	24.33898926	24.37928009	23.94797516	24.34109497	24.07561493	23.7702179	24.21571159	24.07806015	24.06677437	22.95594215	24.5552597	24.08942032	23.6983757	24.01000786	23.56697464	23.61750793	24.01316452
XP_004614825.1	19.69537544	18.10171318	19.80924988	20.375494	19.54500961	19.04310989	19.28382301	17.94090271	19.72609901	19.25448227	18.34974861	19.83477783	19.57453728	18.51410103	19.46806717	20.6458683	20.222229	18.6619091	20.18434715	21.76708794	21.02350616	21.25620651	21.33399773	21.93858528
XP_004614851.1;XP_004614848.1;XP_054977886.1;XP_054977879.1;XP_054977871.1	23.65479851	22.64154243	23.30563354	23.05331421	22.80662155	23.21418571	23.03808403	23.25508308	23.23485184	21.97973442	22.46201324	23.36158562	23.92469978	23.39086914	23.45588303	21.7808075	22.12754631	21.76652336	22.31185532	21.52807426	22.54231644	22.94900894	22.86957169	23.14752579
XP_004614854.1	30.60151672	29.70290947	29.94083786	29.93269539	29.7657547	30.24365807	30.38092422	29.9324131	30.53806686	30.77289772	30.5386219	29.99023628	29.71876907	29.62752724	29.85590553	29.78206825	29.08294106	29.81306458	30.16267014	29.57720947	29.53556633	29.89253998	30.01557922	29.66337967
XP_055001769.1;XP_004614858.1	21.19081116	18.89849663	20.35487747	18.4444294	20.10801888	21.34846306	21.37750626	21.88717842	20.90161324	20.59322739	21.75576591	21.69055367	21.92444611	21.83718872	20.51624298	20.78556442	24.38060188	20.56950378	20.86597252	20.77723885	21.42664909	24.41589928	21.66262054	19.17016983
XP_004614868.1	26.8296566	27.05755043	27.760149	26.17523766	26.73259735	27.28568649	27.75741768	27.18735313	26.99150848	26.89075851	27.28894424	27.19291115	27.62086868	27.26865578	27.06012917	26.72390366	26.49292564	26.66261673	26.44162941	26.05734444	26.76496506	26.13961792	27.17073822	26.41498184
XP_054982690.1;XP_054982689.1;XP_004614872.1	21.52840805	20.6541214	23.25638008	22.03945732	21.59523201	19.40179253	22.42313957	22.54512405	22.48377419	20.27639771	22.17615128	21.41874695	22.14516449	21.7004509	21.85639	21.91506386	20.5416069	21.42900276	22.19177437	21.0140667	21.805933	20.9802227	21.20526314	20.88933372
XP_004614967.2	20.32637024	18.57021904	20.21133614	19.71944427	20.2870369	19.73486137	20.03886604	19.44751167	19.6480751	18.53068733	18.81869316	20.34158325	20.78994751	19.48427963	21.67727852	21.67581558	19.15188217	22.70796776	19.11096954	21.69684792	21.35912132	18.49838257	20.36367226	21.47119904
XP_004614986.1;XP_054984736.1	21.21679306	21.61795616	23.29249382	23.95633125	23.47840118	21.0034008	21.18580055	21.42542076	22.12896156	22.21927643	23.02059174	22.73148537	21.26086426	20.50597	21.97438812	22.41562843	24.28058052	22.54450989	23.13080025	23.82036018	22.88367844	23.49374962	22.79782295	23.70017624
XP_004615011.2	25.26384735	24.98767471	25.3583374	24.59627914	24.76703835	24.47735214	25.4835453	25.06085205	25.56775856	25.01958275	25.51168442	24.97814751	25.57051086	24.81728935	24.66741562	24.0274086	23.60817528	23.88781166	24.34962273	23.68976593	24.38850594	24.00307465	24.31651688	24.02360725
XP_004615253.2	24.35977745	24.64256859	25.03052711	24.84794998	24.29256439	25.31344032	25.7957058	25.77542686	25.49622154	25.94819832	25.80823326	25.83896446	25.17287445	25.68120956	25.60070801	25.59172058	25.21489716	25.86057854	25.6613121	25.40047836	25.01788521	25.38715935	26.03969574	25.58480072
XP_004615265.3	23.79282951	23.44884491	24.44941139	22.85197639	23.64801025	24.1649971	23.49326134	24.59103584	24.02951622	23.19651031	23.6839962	23.88287735	23.44670105	23.0144577	23.89818382	23.89309883	23.26770973	22.90151978	23.5637207	23.27540207	23.32512283	24.59017944	23.61818123	23.72733498
XP_004615304.1;XP_012791274.2	22.053545	22.82958412	22.64370155	22.69807816	22.89445114	22.31254768	21.46806908	22.3436718	21.32465553	21.52573395	22.86400795	22.78422737	22.13630486	22.20866013	22.7431221	22.52470779	22.72234154	21.9401989	23.45035553	22.53694344	23.12631798	23.14898491	22.84842682	22.96306992
XP_054991958.1;XP_004615308.1;XP_054977493.1;XP_054976617.1	22.34462166	20.98098946	24.04992867	22.28647232	21.37097931	22.93795586	22.99517441	23.10990143	23.18465042	22.11318016	24.01316452	21.29142761	23.2540741	21.32597351	23.25508308	22.69153404	21.07247734	22.82578468	22.52845573	21.49570274	22.4925518	19.17160606	22.79999924	23.42188263
XP_004615309.2	24.40002251	23.71376801	24.71722412	24.30563354	24.3911972	24.38955688	24.52975464	24.56592941	24.8241539	25.47134781	24.93165779	25.29151154	24.79129028	24.63489151	24.9771862	24.08082771	23.8969841	23.96947861	24.15290451	24.29529953	23.99636459	23.46923828	25.22589493	24.26140976
XP_004615316.1;XP_054990644.1	20.83337212	19.01536179	22.30365753	19.36811447	19.75100708	20.6067524	22.00597191	19.42004776	21.85056496	22.21335602	22.10980606	23.02133751	22.96949577	22.26585007	20.8488102	19.68759537	21.34581184	21.9624691	22.43321228	18.71728897	21.18779373	22.02035522	22.41043663	21.94881439
XP_004615324.1	18.54108238	18.85634804	19.4331646	20.76206779	19.24211693	21.55768013	19.43055534	21.17615128	21.44682693	20.91210556	21.74931526	22.08738327	18.74824715	21.77832222	21.18034554	21.67448044	22.74120903	21.24921989	22.25896835	20.99507141	21.2139492	22.01318169	22.41142082	21.79534912
XP_004615327.1	23.64262199	22.68820763	25.15842438	26.25214386	25.81509209	18.22081375	23.33183289	24.23388672	23.77323914	24.59172058	24.84861755	25.44830894	24.42322922	24.3748436	24.79263115	25.18313599	26.85721207	24.86613274	25.88105774	24.66003418	25.47379494	25.95362473	25.18040657	26.01169395
XP_004615363.1	21.41384888	18.36680603	22.42039108	22.70539665	22.37039375	20.52430153	21.05550003	21.74661064	21.25020409	21.04833221	22.64722061	22.96204567	23.57299805	23.18312073	24.20813942	22.82634735	22.85092735	22.97412491	23.41312599	18.35728645	22.26029015	22.07094002	23.97814751	22.39346313
XP_004615385.2	21.12603378	17.67799759	22.19406128	22.30880356	22.89735222	22.20132065	19.70720482	22.27903557	22.12338448	20.45983124	22.45201683	22.54009438	22.19346046	22.45201683	19.61346436	22.257761	24.75994682	22.18876076	22.54486465	22.23101807	19.05309868	22.14513397	22.26149559	22.1397419
XP_004615386.1	22.74283409	22.68131828	23.86646271	24.38225174	24.50772858	23.53848457	24.19084167	23.694767	24.34211349	24.95242691	24.74483681	24.92759514	24.0760231	24.19347572	24.76804733	24.96789551	24.78001595	23.9142437	24.3561554	24.43033028	24.71077538	24.06776047	25.51821327	24.23469162
XP_004615500.1;XP_054994964.1	21.42326736	22.43646812	23.10009766	21.04633522	22.03734779	18.43179893	21.49823761	23.01576805	21.56987381	19.79607773	24.42854309	23.84421921	23.72951508	23.1026001	24.17012596	21.64803314	23.08633041	23.47630119	23.05210304	21.64710999	21.64116859	18.20366287	24.69890594	22.61979294
XP_004615522.1	21.49321175	20.97729111	20.88762474	20.52611732	19.37930298	21.35681343	21.4708519	20.69862938	21.18628311	21.53564072	20.76068687	19.87521744	20.95432663	19.10160828	20.21513557	19.72565079	18.79062462	20.06422234	18.64782906	19.77245903	20.81103897	20.79203033	19.78331184	18.79853821
XP_055003343.1;XP_004615555.2;XP_004615554.2	20.48099136	19.9407196	21.0743084	19.59402275	18.74295235	20.46980858	21.41987801	21.59340858	21.06085205	18.59139252	19.55858994	18.62863159	18.09537697	18.74743652	20.81620598	19.05388069	19.43530083	19.25043297	19.52037621	19.91241074	20.39581871	18.53712463	18.09695244	19.23803139
XP_004615563.2	18.4396286	19.25524139	17.75611687	19.56857109	20.93214607	18.77694702	20.00976944	19.79598236	20.47753716	21.18410492	20.77707863	20.72275734	20.89903259	19.29426575	20.62363815	20.89163589	20.62791824	20.69905472	20.36296654	19.27531242	20.26739502	18.78518677	18.61906052	19.17967033
XP_004615585.1	22.56748581	21.69587135	23.40769005	24.79138947	23.4266243	21.32767296	21.50775146	22.31821442	22.92455482	21.27030754	23.47147179	23.71387291	22.2286129	23.92560577	22.67525673	22.51292038	24.2686367	22.4284153	23.66773987	22.78909111	23.25493813	23.64063835	23.19959831	23.91506386
XP_004615592.1;XP_054992166.1	23.03722954	22.170784	23.22574806	23.54710197	23.45938873	23.64361382	23.90884781	23.92768669	24.28340912	24.22890663	24.13430023	23.52169228	23.16387558	24.75913429	23.02563477	22.84387398	22.83022118	23.27994347	24.03069496	23.13040924	22.23844337	22.80435753	23.56476784	23.16215515
XP_055001489.1;XP_055003550.1;XP_055003549.1;XP_055003548.1;XP_055003547.1;XP_004615678.2;XP_055003546.1;XP_054997580.1;XP_055003551.1	22.86883736	21.77988625	22.62198639	22.24179268	22.50806618	21.90359879	22.69892693	22.40981483	22.46380997	21.87350082	21.90279007	21.76615906	22.58389473	21.93865585	21.5314579	21.20633698	21.08543968	21.29243851	21.22711563	19.5432415	21.05424118	20.95262146	21.50470161	21.18664551
XP_004615689.2	22.24083138	19.17196465	21.26109314	19.66945267	20.04720879	21.90448189	20.19988251	19.84841347	19.58958435	21.90833473	21.13639832	19.87752151	19.67036247	17.78522301	25.18672943	24.49246597	19.95433426	23.65272331	22.0741787	22.28655624	23.43083954	23.00853729	21.83799744	24.83301544
XP_004615719.1	21.72633743	23.87088966	21.58168983	21.08666992	19.23174858	22.23657608	22.31821442	21.85247231	19.26167107	19.02803993	21.03415871	21.91812515	21.60589409	22.27801514	22.63101006	19.90672493	22.97968292	18.68619156	21.8465538	20.8443718	19.41778374	19.30283928	21.52123642	21.81229401
XP_004615724.1	28.17231178	27.60172844	28.16743851	28.15199471	27.90644264	27.71240425	28.55709457	28.56311035	28.4331665	27.98294067	28.31686974	27.98353958	28.3939476	28.1064949	27.82662964	27.59669113	27.08212852	28.10004044	28.0377388	28.5693531	27.71220589	28.37840462	28.00849152	28.31371689
XP_004615734.1	23.17415619	22.53445244	23.546278	23.05080795	23.08199883	22.64374542	23.28587914	22.83246422	23.69168282	23.39884758	24.19700623	23.50506401	24.11378479	22.51501465	23.10483932	23.02101517	23.14421654	22.8161869	22.91479111	22.9056015	23.27426529	23.2983799	24.61767769	22.98711205
XP_004615803.1	22.22160912	20.78204727	22.74681664	21.63364983	21.09184265	21.36506271	21.93937492	21.4934082	21.79336548	22.03761482	21.67702103	21.35831642	22.07789803	20.80656242	22.34694862	21.21466064	21.20812416	20.90690613	21.31329536	21.3999958	22.59568787	21.91542816	21.80848885	22.21818352
XP_054976074.1;XP_004615853.1	21.03577042	19.04022026	21.86744308	21.58416939	20.80490875	19.99730301	19.25575066	19.37031364	18.63310051	19.9712677	19.71482468	19.97267151	20.36169624	19.66106415	19.00119972	20.35229301	19.06036377	20.47605324	20.36783791	19.87867546	20.41637611	20.7446003	20.76449966	21.23666382
XP_004615894.1	19.9916153	17.33568764	22.88546753	24.08423805	23.88119698	17.75440407	19.51015854	18.12696648	18.29081917	19.07216454	22.26313019	23.21390533	21.22246552	22.00716972	21.28917694	22.92221451	24.80198288	21.67822456	24.12699509	20.37994003	23.37477684	24.07365608	21.97183037	23.91003799
XP_054992127.1;XP_054992125.1;XP_054992124.1;XP_004615896.1	19.33502388	20.71682549	20.80064964	21.64288712	19.9671917	22.22658539	20.42316437	21.58481216	20.2791214	19.80784988	19.65389061	20.51103783	19.11609077	20.9486351	20.75376892	19.99698257	23.58726311	19.49982262	19.06653976	19.96566963	20.4596405	22.52668953	19.80743027	20.89267349
XP_004615901.1	23.08605385	22.49079132	22.93580055	22.41769028	22.64704514	22.05728531	21.30891418	22.95682716	21.41946602	22.19433212	22.62651634	22.26204109	23.11684799	21.48831749	23.69943428	21.59194946	22.05387688	20.99741745	21.87747574	20.79946518	22.84617043	20.87844849	22.597826	21.15208435
XP_004615968.1;XP_054988611.1;XP_004608631.1	21.05794716	19.55611801	21.64829636	22.24577141	22.2775898	20.00069046	21.50533104	21.71502495	21.2311058	21.30273628	18.99898911	21.21080208	19.63496971	19.04906654	22.05440712	21.46498299	21.95546341	19.06136513	22.74872017	19.22297478	23.6806736	21.70332718	21.97683716	23.28827667
XP_004616002.2;XP_054991235.1;XP_054991234.1	20.32958984	21.34499931	21.26522064	21.71397781	21.40722466	20.09445572	19.50461197	20.86007118	20.35753632	18.75603676	19.66808701	19.34531593	18.1907711	21.12697983	21.45427704	20.75686646	20.92564201	21.15881729	19.01321983	20.95390129	21.19207573	20.71229935	19.19121552	21.90094948
XP_004616003.2	19.6576786	21.38905716	20.95070076	21.82508659	19.23624039	20.34321213	19.91063499	20.84651566	21.23736382	19.1069622	19.75122452	21.8146801	20.47605324	20.76336479	20.06510162	21.77100372	21.71099663	21.33766937	22.34716415	18.12918091	20.96324539	21.99206543	21.60349655	21.33935547
XP_004616018.1;XP_054992193.1;XP_054992192.1;XP_054992191.1	21.03214264	20.98126984	22.51304054	21.47233963	21.2991066	20.73562241	21.63843155	22.18815613	22.58616447	19.53655434	22.81727982	21.8006897	20.46012306	21.28951454	20.57431602	18.93833923	22.32531357	21.51696396	20.92940331	18.20548439	20.78564453	19.96483612	20.95893478	21.10136604
XP_054977927.1;XP_004616102.2	24.04000854	23.85109901	24.89203453	24.51574898	24.5988369	24.40846825	24.57542419	24.82230759	25.45183372	24.69019127	25.01337624	24.48123741	24.72234154	24.60201263	25.38116264	25.23399734	24.37835503	24.95779228	25.18578529	25.57444382	24.72603607	24.83605194	25.74878311	25.42278099
XP_004616151.2	22.45991516	20.9217968	22.86308098	21.67959976	22.18927383	21.24214172	22.66813087	21.81671333	22.11863899	21.01835251	22.17852402	21.93362236	21.89611435	21.09680557	22.80642509	22.18673706	21.3598175	21.23374176	22.10123634	21.72071266	21.56090164	22.52166748	22.09187508	21.97053146
XP_054984131.1;XP_004616173.2	20.7536869	20.68440247	20.80554008	21.96299934	21.95034599	20.21951294	19.52835274	20.92317581	20.31218719	19.48971558	19.36615181	20.94499588	21.13307762	20.81432915	19.69441032	21.0940361	22.32017136	21.18337822	22.13439369	19.51650238	21.74591446	22.28911972	21.8006897	21.65665436
XP_004616184.1;XP_054979879.1;XP_054978060.1	23.0185051	22.1462841	24.86816025	24.60648155	23.22941971	23.42892456	24.29719162	24.48474503	23.70461464	23.39178658	23.78656197	23.65610886	23.757761	23.56767082	23.76253319	23.56290627	23.15386391	20.80907631	23.70956612	21.13783646	22.83358383	23.94091606	23.69381142	23.41931152
XP_004616186.1	22.99900055	21.45768738	24.18343925	25.56348801	24.89421082	22.14382744	22.95137787	23.32017136	23.18924332	22.62426376	24.44953728	24.75745583	23.5926342	23.47481728	23.72858238	24.33176422	26.53596687	24.12668037	25.92694092	23.39126205	24.47840118	25.73621559	24.10085297	25.75743103
XP_054984218.1;XP_054984217.1;XP_054984216.1;XP_054984215.1;XP_004616214.1	20.94385147	19.79718208	21.15943336	21.18283272	21.08290863	21.24167633	22.68487358	21.92299461	22.21720695	20.94313622	22.0267849	19.76133537	21.31019211	20.50317192	20.8243084	19.2397728	21.09931183	20.63537788	20.92266846	19.9536171	19.1484375	20.9026432	21.34602928	20.69761276
XP_004616227.2	20.94578171	20.25003052	19.89274788	18.50675392	20.63340378	18.79086113	19.80467606	19.91822052	19.24709892	18.60621643	19.60215187	18.43407631	19.51743317	21.16478157	21.49877357	21.62015152	22.39597511	21.33423615	19.7644825	19.69661713	22.15770721	22.64171982	19.80151939	21.75942802
XP_054974058.1;XP_004616302.1;XP_054998570.1;XP_054998569.1	23.58737755	22.93696785	22.20421982	22.55936241	22.58984947	19.51294899	23.38850594	23.34299469	19.79163361	20.18751526	23.01898003	23.80901909	22.99586487	22.75924492	23.3046608	23.47345543	21.75466537	23.49387169	22.629076	22.21874619	23.0010128	22.71920967	22.8889637	23.08945274
XP_004616322.1	23.24480057	22.80998039	23.90701485	22.89591217	22.93072128	22.93811798	23.39702034	23.51893425	23.37954521	22.9087944	23.10736465	23.07841873	23.34055138	22.52731133	23.24477005	22.07760429	22.44599342	22.24356651	22.12735748	23.09762573	23.96349335	22.57752419	22.27648163	22.8042984
XP_004616393.1	20.86951637	18.6761055	20.51403618	19.42405128	19.86793137	19.73112106	20.3467865	20.66674423	18.58343506	19.23872757	19.94637489	19.89832878	19.44632149	19.32624435	19.23324966	18.69584656	19.83970833	17.9373436	18.80782127	20.29593277	19.96993065	19.23288918	20.16727448	19.74592781
XP_004616411.1	24.87988853	25.40135765	25.15954018	25.24441528	24.8256588	25.33650589	25.96166229	26.04593468	25.43866539	25.19065285	26.18163872	25.65711975	26.08976364	25.23834038	24.99468231	24.36779785	24.57686615	25.46216965	25.58118439	25.0377903	25.38297844	24.69125748	25.03837776	24.86098099
XP_004616420.1	25.10093307	24.86268425	25.61506844	25.86242485	25.82764626	25.10928726	25.48986626	25.33626747	24.86830139	24.83855629	25.74609375	25.99701118	26.338871	25.94261742	25.81765556	25.55748177	26.65676498	25.8712883	26.17127228	26.06492615	25.60797691	25.63599777	25.64625359	25.81183815
XP_004616432.1;XP_054979897.1;XP_004606954.1	26.3213253	25.50166702	26.80992699	26.1541214	26.02204132	25.47883415	25.3277626	26.12465096	26.1331234	25.6180687	26.4256649	26.05573082	26.31624031	25.58164406	26.08131599	26.0414505	25.7972393	26.36115074	25.95635414	26.14188004	25.98730659	25.99133492	26.63131523	25.87787819
XP_054975305.1;XP_054975293.1;XP_054975325.1;XP_054975309.1;XP_054975324.1;XP_054975308.1;XP_054975306.1;XP_054975304.1;XP_054975302.1;XP_004616446.1;XP_054975301.1;XP_054975300.1;XP_054975323.1;XP_054975298.1;XP_054975297.1;XP_054975296.1;XP_054975311.1;XP_054975312.1;XP_054975332.1;XP_054975314.1;XP_054975326.1;XP_054975315.1;XP_054975328.1;XP_054975316.1;XP_054975330.1;XP_054975319.1;XP_054975317.1;XP_054975289.1;XP_054975283.1;XP_054975284.1;XP_054975285.1;XP_054975322.1;XP_054975287.1;XP_054975286.1;XP_054975291.1;XP_054975292.1;XP_054975290.1;XP_054975288.1;XP_054975282.1;XP_054975281.1;XP_054975295.1;XP_054975299.1;XP_054975303.1;XP_054975313.1;XP_054975307.1;XP_054975329.1;XP_054975318.1;XP_054975333.1;XP_054975321.1;XP_054975327.1;REV__XP_004609944.1;REV__XP_054997505.1	24.464571	22.66955757	23.55332756	24.46905136	22.85001183	23.26513481	23.70408821	24.20351791	23.82483292	22.10658264	22.74416924	23.44366837	24.27141953	23.26699448	21.8073101	21.81960106	23.19720078	21.52291298	22.76389122	22.23890877	23.34014511	23.22874451	23.10622978	23.30145454
XP_004616506.1	20.85771942	19.59395599	20.77450752	20.75662231	19.06399727	19.26460075	20.18867683	20.44091034	20.29994583	21.84739494	20.09479713	20.48767853	20.80033493	19.49441338	20.63183022	20.22565079	19.28370476	20.01495171	19.53144264	19.53302002	18.27327156	20.02037048	20.44342804	19.80940628
XP_054991648.1;XP_054991647.1;XP_054991645.1;XP_054991644.1;XP_054991643.1;XP_054991642.1;XP_054991641.1;XP_054991640.1;XP_004616527.1	20.28557014	19.05239487	20.53431129	20.65538216	20.24463272	18.86862755	19.37768745	18.40409851	19.74243546	19.69923401	19.89957809	20.24083138	19.70571709	18.63837433	20.92136192	21.31135559	19.82713509	20.54952431	20.49159813	20.53838921	18.77898407	19.57640266	18.78936386	19.25336838
XP_054991487.1;XP_054991486.1;XP_004616528.2	23.89790726	23.34055138	24.89425659	25.49999619	24.97723007	23.27383804	23.33183289	23.71103859	23.50081635	23.41222191	24.05465508	24.66068649	23.84852219	23.57323074	23.06921959	23.9225235	24.69641304	23.64372444	25.11271095	23.69508553	24.43790436	25.10844994	24.1273098	24.80119324
XP_004616530.1	21.15455818	19.84267616	21.29479599	22.25462151	20.99872589	18.61906433	19.38692284	20.69574547	19.07642937	20.41235161	21.66709137	22.0104866	21.50003815	20.28962708	18.91650581	20.44101143	23.14069366	19.76164627	22.45289612	20.50978279	21.62560272	22.86532974	19.76300621	20.62479973
XP_004616540.2;XP_004616539.2;XP_004616538.2;XP_054990703.1;XP_054990702.1;XP_004616537.2;XP_054990704.1	22.51597786	21.31451225	20.89178276	22.83288956	21.6911087	19.36811447	19.4379673	21.23899651	20.94406509	17.91537094	21.99869156	21.0330162	21.32052994	21.53848457	22.2962532	21.68397522	22.72188187	21.08822441	19.11890793	22.39440536	22.22555733	22.3313961	21.27047729	22.20648575
XP_004616543.1	24.17432404	23.60738373	24.49148941	24.98607063	24.99714088	23.98693848	23.96446228	24.32546616	24.31458092	23.52838516	24.29052734	24.18857956	23.74355316	24.3831749	24.24590302	24.70530128	24.39355469	24.19902992	24.52731133	23.76991463	24.75806618	24.6108799	24.89568901	24.31084251
XP_004616556.1	24.69136429	24.17477989	25.39021301	25.83740044	24.85466957	24.61217499	25.07185555	25.10761261	23.88911247	23.70472145	24.69232178	25.57158279	25.28181839	24.23513031	24.58376884	23.99550247	25.94645882	24.42898941	24.36952782	25.70089149	25.47370338	26.39554977	24.5836544	25.13092613
XP_054978177.1;XP_004616569.1	21.2941227	21.05616188	22.096838	21.45226669	21.09680557	20.7290802	21.43883133	22.32802963	19.5963974	20.87708092	20.95482445	21.71699333	22.12253189	21.83487701	22.1838932	22.84368134	21.9930687	18.01841354	20.96112823	18.51169395	22.54877281	20.97917747	22.91402435	22.43527412
XP_004616615.1	19.15969086	20.2648983	22.93353271	22.17069244	22.44146729	18.5660553	21.56458092	19.67312431	22.41105843	22.34535217	22.04179764	21.18054962	22.46206474	22.40649796	21.19129372	20.2389698	19.34670639	18.8543663	18.73052216	18.38204193	20.41994095	19.35552216	22.56057549	19.18312454
XP_004616628.1	22.45563316	22.30769157	22.52606964	21.92748642	21.74853706	22.82599831	22.03170586	22.12069702	22.52111626	22.41467476	23.29768181	22.83830452	22.38642883	22.29201698	22.32602692	21.84057426	22.03355408	21.74677467	22.28463745	21.44192314	21.778965	21.40348434	22.73227119	20.89074516
XP_004616660.1;XP_054975131.1;XP_054975130.1;XP_054975129.1	25.87117195	25.3250885	25.83033371	25.39165497	25.65140915	26.08432007	25.57643509	25.38515282	26.20467377	26.5796032	24.78426743	25.13018036	25.01588821	25.47806168	24.91734314	26.21785927	24.18782425	25.20884705	24.82191849	26.35680962	25.02896881	25.23388672	26.38613892	25.70598602
XP_054982490.1;XP_004616663.1	26.04631042	25.68297958	26.362957	26.27100945	25.83390808	25.23088646	24.98363686	26.19038963	24.95783806	25.31796646	26.21702576	26.627285	26.3416214	25.8528614	25.37205505	25.47370338	26.20800972	25.97864914	26.45597649	26.41349792	26.68056679	25.98587418	25.64251328	26.66966057
XP_004616664.1	22.07450485	21.95365143	24.10317612	21.93621445	21.47674561	21.09339142	21.68161774	22.80646324	23.34082413	22.5621376	22.26759529	22.95712852	22.9443512	20.58847618	23.11827469	21.66305542	18.87525368	19.11764145	22.19318962	20.48394585	22.20158958	23.51376343	22.8669529	22.61627579
XP_004616666.2	26.82493019	25.88439178	26.97781944	26.29773331	26.37899971	26.08764076	26.17993355	26.47653389	26.50427628	26.21458244	26.64030838	25.88478661	26.44989967	25.48299217	26.06122208	26.44789886	24.95721817	26.09349632	25.95779228	26.5192337	25.9577713	26.46730995	26.97901917	26.60215378
XP_054985132.1;XP_004616669.2;XP_004616667.2	21.58292961	18.69644928	19.5002327	21.4379673	21.46682549	21.6602726	21.38511276	21.67525673	21.76506615	22.07476616	21.33461761	20.49948692	20.16925621	19.92669106	21.50280762	21.4380188	20.94334984	21.04680252	18.62624931	21.28155708	19.6836319	20.57655907	21.50013542	21.442379
XP_004616713.1;XP_054996025.1	24.32423019	24.13414383	24.58680534	24.36078262	23.89827538	23.74816895	24.44600677	24.92474556	23.67055321	22.91745186	24.14367104	23.83122826	25.01554871	23.8707943	23.87286186	24.24190903	23.97771072	24.29235458	24.20910645	23.52049255	24.26477814	23.38482285	24.03086472	24.35501289
XP_004616729.3	19.35673332	19.89143944	19.54314995	19.61435699	20.1967907	18.40663528	20.69761276	19.35817719	20.93653679	19.03495598	21.21460152	18.65822601	20.23604774	18.7293663	19.60387611	19.98319435	22.50954056	18.76527023	19.63887596	20.96656799	19.41148186	21.93650055	21.67930031	21.21868706
XP_004616742.1;XP_004616748.1;XP_054980864.1	19.60813522	18.65802574	18.3918705	21.88102913	21.4990654	19.96990204	18.87585258	19.97042847	19.08036423	18.03961754	18.18272018	19.30327415	19.7682457	19.7000351	18.76897812	19.8397007	19.16028976	21.99465752	19.86975479	22.02177811	22.52133179	22.32074928	21.57786942	22.03395844
XP_004616751.1;XP_054980870.1	27.80771637	26.5903511	28.08045197	26.81702042	26.69391823	26.71868706	26.35895729	26.03435326	26.71842575	27.43857002	27.02030373	26.88785744	26.51698112	25.65929794	27.65095711	27.41562653	25.86285019	26.78356743	26.87865067	26.99280548	27.73039627	27.15373611	26.90035057	26.75200272
XP_004616753.1;XP_004616755.1	24.3321743	23.07156181	24.59274864	23.41364288	23.23109245	23.68805885	22.99225616	22.49599457	23.41609383	23.55929184	23.29249382	23.90628052	23.21047592	22.5359726	23.93678856	23.70176315	22.3528862	22.65955353	23.16246414	23.00187111	23.28065109	23.31920624	23.61402893	23.41118813
XP_054983857.1;XP_054983856.1;XP_054983855.1;XP_004616758.2	22.09574318	21.92245102	21.91903496	22.05622673	21.76975441	18.88544655	20.73729515	21.18676758	22.63187599	22.39571381	22.63646317	21.87986946	22.07162666	18.57923126	21.12968636	19.22337914	21.58228683	21.85102272	21.42823601	21.87713814	19.94736862	19.99721336	21.64504433	22.80116272
XP_004616761.1;XP_054975898.1;XP_004612043.1	22.85043144	21.385849	23.3923111	22.30362892	21.7135582	22.67169762	22.43883133	23.03634071	23.05208588	22.88905525	23.37172318	23.03568649	22.96595955	22.34938049	22.83611107	23.13142967	21.50959015	22.38616562	22.60724831	22.84423828	22.55325699	22.15896988	23.40548515	22.79310799
XP_054983508.1;XP_054983507.1;XP_054983506.1;XP_054983505.1;XP_054983504.1;XP_054983503.1;XP_004616762.1;XP_054983511.1;XP_054983510.1;XP_054983509.1	23.14982224	23.95153809	24.38732338	24.59063721	24.26033401	23.29417801	23.67766571	23.70893478	23.8700428	23.48123741	24.04635239	24.39865303	23.87764359	24.53954887	23.49313927	23.43237114	24.12162971	23.16051102	24.26963615	23.8398056	23.7506237	24.33640289	23.88427544	24.75908279
XP_004616856.1	21.81135368	20.24341965	21.69315147	19.40738106	19.19996452	21.51648331	21.36051559	21.78016663	22.12278366	18.88255882	22.30949783	21.04646873	21.50416756	19.73861885	20.4413147	19.40691948	19.13399124	18.39272308	21.40379715	20.43226814	20.20287514	20.92259598	21.8239994	20.58966637
XP_004616875.3	25.98200417	25.83402824	25.75918388	24.8398056	24.75440025	26.26952934	26.16017532	26.35588646	26.11008453	25.47562027	26.54077721	25.99020958	25.83877182	25.5713501	25.53097534	24.90113258	24.85024071	25.70896149	25.42505646	24.97097015	25.10385513	24.35312843	25.74560547	24.90623474
XP_004616955.2	19.81270027	20.23098755	21.19327927	20.1410923	19.19088745	21.82702637	21.31970215	21.18265152	20.45913887	20.79415894	20.12691689	20.56941032	18.87038803	20.59295273	21.23391724	20.7270031	19.37638474	20.20536995	20.22776222	19.77442741	20.54245758	19.69524002	20.76255417	21.04413605
XP_004616981.2;XP_055001285.1	19.25880623	18.80959892	20.2740097	21.0165844	22.23552513	17.99763107	20.26393127	19.2609787	19.90743065	17.71551895	19.58486748	20.07843971	19.52276993	19.82161903	19.13891602	20.63085365	23.23122406	20.6517601	22.4836998	18.59049797	21.57417679	20.91042328	19.33857536	20.11946297
XP_004616982.1	24.67782784	24.42962837	24.36064911	24.77776146	24.47827721	24.8263855	24.97631264	25.25360489	25.20534515	24.30764961	24.4042511	24.68805885	25.35672569	24.39897919	24.72769928	23.98302841	23.9368782	24.32381821	24.44594383	22.97211075	23.05748367	23.68741798	25.10988426	24.18252945
XP_055001560.1;XP_004616991.1;XP_004616990.1	22.16861153	19.11489677	20.92788506	19.48477173	20.6496563	20.38563919	20.87462807	20.46423531	20.47427177	20.23514557	20.26441956	20.22128487	20.87814903	21.7689476	19.89037323	19.44503975	19.23664093	18.72147751	20.07444	18.59643936	20.58141327	20.39142036	20.36442184	20.95383072
XP_004616996.1	25.16184807	23.76334381	25.41370773	25.10605431	24.70107651	23.3622551	24.71738052	25.13092613	24.36979485	23.56290627	24.45425224	24.43122292	25.00350189	24.08017731	24.29333687	24.34631348	24.42278099	24.04784966	24.71282387	23.05362892	24.25270271	25.02762032	24.77258492	24.45676041
XP_004617067.2	18.66493988	18.33193016	20.18304825	19.71505928	20.30418205	19.54822159	20.42003441	20.34353638	20.68953133	19.40785599	20.5111351	19.80571938	20.29759789	20.4822731	20.40649986	21.24817848	21.52099609	19.67729378	21.50203133	21.54613686	21.45838928	20.71607208	19.75235176	21.51917267
XP_004617160.1	23.57922935	23.35823631	24.82206345	25.13226128	24.63677216	23.52013397	23.44720459	24.15915489	23.85195732	23.4368248	24.5853157	24.39689064	24.35689354	23.88762474	23.91195869	23.77213287	24.1780529	23.6332283	24.378685	24.03389168	24.19219589	24.10996437	24.08869362	24.50609398
XP_054994693.1;XP_054994692.1;XP_004617161.1;XP_054994694.1	24.05200386	23.07125092	24.45538139	23.63389397	23.60070801	23.81401634	24.5801487	23.87229919	24.62159538	23.77766037	23.6971035	23.6292305	23.99377632	23.16369247	22.82617378	22.82467842	22.80205154	23.22311401	22.99033546	22.82020378	22.37060738	22.56129837	22.96409225	23.25013161
XP_004617168.1	22.42296028	20.1696701	21.87942123	20.8941555	21.03865433	20.95212364	21.24869919	21.2937851	21.62095642	21.06749725	21.14650154	21.19424248	20.86559486	20.13180542	19.8070488	19.55328369	19.3272419	18.98477173	20.2405777	20.25418854	19.61860085	19.7749691	20.07678986	18.8116436
XP_004617191.2;XP_054979161.1;XP_004616767.2;XP_012788902.2;XP_054984081.1;XP_012787944.1;XP_054974698.1;XP_004607517.2	23.36212158	23.47283554	24.1299057	24.80641556	24.27817154	22.91014862	23.41622162	23.11020279	22.78968811	21.62604713	23.47494125	23.95934105	23.6790638	23.48713875	23.34163857	23.3372879	25.051548	23.45186424	24.65354347	22.94458389	24.67001152	24.50542831	23.76526833	24.88757896
XP_004617284.1	19.16954422	18.18278503	19.80383301	21.06328964	19.63564682	19.32647705	20.02985382	19.94948959	20.507761	18.57978058	20.34505463	20.81023788	21.1133709	19.26768112	20.6618824	19.54972076	20.44788551	18.77608109	18.95130348	19.5277462	21.30307198	21.04400253	20.91881752	19.85134315
XP_004617310.2	21.18440819	19.81340599	19.83414841	23.00328064	22.00206184	18.19364357	18.76142693	21.85170937	20.28256798	20.09978104	20.34656906	20.48571587	20.30337715	19.19221115	18.64251518	19.5756855	20.264534	19.94706535	19.95034599	18.86204529	20.15474319	22.44849205	21.6764183	21.02093124
XP_004617339.2;XP_054992734.1	24.70313644	24.17919159	25.60752487	25.1349659	24.70777702	24.99795914	24.45142555	25.10101318	24.31734467	22.34667778	24.22471809	24.43103218	24.44833946	23.97438812	25.04635239	25.62055969	24.60851288	24.26119423	24.97364426	24.90044212	25.0135479	24.75118637	24.87455177	25.61144257
XP_004617366.1	26.9971199	27.69955444	27.58985138	25.8759594	27.23416138	26.94178963	21.13902473	26.8771286	27.58985138	27.85031319	27.22434998	26.18415833	26.6378231	26.05506897	27.01446342	26.31532478	25.80970573	25.12166977	25.70194817	25.92666817	24.84804535	27.98728561	26.32793427	25.16653061
XP_004617420.1	22.83337212	22.0175705	22.64658356	22.65407753	22.49704361	22.54681969	22.88453484	23.12042809	22.9595356	22.16738701	22.19002724	23.17981529	22.84959221	22.7160511	22.56827354	22.82714272	22.52348709	22.30304337	22.3631382	21.84207153	22.61353493	22.48411751	23.02560234	22.96130371
XP_004617433.1;XP_054992686.1	22.64416504	22.19718552	23.88697433	23.35984421	23.29586029	21.54302406	22.81647873	23.10994911	22.87672615	22.21691132	23.27810097	23.30619049	23.6238842	23.24965477	23.36559677	22.84793091	22.89148712	22.90435219	23.35568428	21.76235199	22.95118141	23.0738678	23.86022377	22.91648674
XP_004617468.2	24.06570816	23.10144615	23.72192383	23.01256752	22.73605537	22.99598503	23.59798431	22.84504128	23.01999855	21.63449287	23.08501816	23.52969551	22.74913025	22.60317993	23.40717316	23.28883934	21.50445747	22.53969193	22.77673721	22.67309952	22.2779007	22.78230858	23.0571537	22.88968658
XP_004617532.2	24.97268105	23.6365509	24.82045746	24.96916962	24.00624466	24.48664856	25.20512199	25.21341515	25.30257034	25.14771271	25.78329277	24.65162849	25.19891739	24.81019592	24.46294975	24.07414627	24.5453949	24.31741333	25.14324188	25.27106285	24.50948143	25.59474182	25.20925522	24.2171936
XP_004617585.2	21.71477318	21.48689461	21.91239738	21.23666382	21.63675117	22.04056168	21.84230042	21.95251465	21.96162224	22.81569672	23.09749603	21.95946503	22.33123207	22.37459183	22.19415283	21.84490776	21.77607536	21.55651093	22.76544952	21.76826096	21.90837288	20.35724258	23.08854675	21.41121292
XP_004617600.1	19.40073776	18.54851151	21.21566772	22.74999046	20.51287079	20.4860096	20.89422798	20.42213821	20.48079491	19.50369835	20.31406975	20.16177177	21.38157845	20.20644569	20.24341965	20.45613289	17.79487228	19.6503582	20.09725571	18.88960457	19.83639526	21.60602951	20.257761	20.49394608
XP_004617607.1;XP_054997818.1	21.38200188	19.90022469	20.66448975	19.61328506	18.88478279	21.43022728	22.12924576	21.29664421	22.01065636	21.37888336	22.54851341	21.70771408	19.2696743	21.44111252	21.74102402	21.74931526	20.9233799	19.20497704	21.51624298	19.32032967	20.6927681	19.36794853	21.80388451	21.28093338
XP_054987342.1;XP_054987341.1;XP_004617617.1	23.29333687	22.74640656	22.38813782	21.24411774	23.03373909	22.53879166	22.17846298	22.5749855	21.56290627	21.21596336	21.69888496	23.17455292	22.60984421	22.56148529	22.69106483	22.0795269	22.03493118	22.13047218	22.29563713	22.91396904	22.93815422	22.46341133	19.91856766	22.24132729
XP_004617643.2	25.50157547	24.84350014	25.75309944	26.36270714	25.84598923	25.73075867	25.7710743	26.15811539	25.60679245	25.62628174	26.6028614	26.95415878	26.82140732	26.08385277	25.75468063	26.09244919	26.70384979	26.1461792	26.86076736	25.85673714	25.98800087	26.3402977	26.31651688	26.49905396
XP_004617657.1	26.85364723	25.83463097	26.41338348	25.36436081	25.98413658	26.49391747	26.88855362	26.79847717	26.00195885	25.96765518	26.79488754	26.63284111	26.62811852	26.15069771	26.83376312	26.39132881	25.32813835	26.63034248	26.37155724	28.07479858	26.09407997	28.90744591	25.57016373	26.56635094
XP_004617668.1	23.67895508	22.58566093	24.15545464	23.39191818	22.60050392	22.91221619	22.7685833	22.48549461	22.86847878	22.22811317	22.46680069	23.0146122	22.47355461	21.868536	22.89232063	23.28418541	22.2628727	22.60501099	23.0494957	22.96944237	22.87203598	22.90807915	23.4434166	23.47209167
XP_004617673.1	26.8263855	26.75671768	27.6558094	27.32783127	27.27595329	26.84038162	27.12396049	27.21539688	26.7972393	26.99948692	26.89562035	27.17140579	27.44711113	27.12524223	26.78056717	27.42446327	26.90265274	27.10479546	27.38179016	27.94519806	27.02316284	27.25457764	27.41401291	27.40039635
XP_004617680.1	24.60229492	23.36439514	24.47735214	24.68099594	23.7774601	23.24006081	23.82658005	24.26176834	23.9190712	23.24803352	24.02884293	24.4966774	24.35601997	23.81264496	23.96895027	23.42111206	23.72515297	23.62555695	24.20560646	23.60263634	24.06858063	24.13617897	24.06603622	24.00221634
XP_004617687.1;XP_054998463.1	20.51980019	19.02856064	18.55353355	20.71008301	19.65929985	19.60711479	19.972826	20.2779789	19.72150993	19.42813301	20.93355179	18.61269188	20.57369804	18.50480652	20.02240753	19.42900467	19.6817627	18.76661873	17.7647419	21.3372345	18.30405807	18.47678566	23.70535469	18.52094841
XP_004617708.1	24.87192345	25.58135605	24.74406624	25.62555695	24.36479568	25.42873383	25.27280807	25.57114792	25.47657967	24.97923851	25.41238213	24.64806557	24.79684448	24.77796173	24.83845901	24.19512939	24.16522598	24.39204979	24.39040947	24.07814217	23.48529816	24.20612907	24.0945034	24.5817585
XP_004617724.1	23.09176254	23.08118629	23.01549721	22.97237396	23.33429146	22.84170723	22.13639832	22.26822281	22.23794746	22.84959221	22.00411987	22.8815136	22.55180359	23.01508904	22.74622154	22.67217255	20.34038925	22.80550003	21.65219688	22.48721313	23.43440819	22.32865906	22.19240761	22.86821556
XP_004617727.1	25.59223557	25.29589653	25.91563416	25.56592941	25.08958244	24.64685822	25.63848495	26.22241592	26.10853004	25.7039566	26.30157661	25.74750328	25.86943054	25.92978668	26.27949905	25.08634567	25.18873024	25.29631615	25.82970428	24.38304329	24.96939087	25.0033741	26.43091965	25.20758057
XP_004617766.1;XP_054983618.1	23.79342461	23.93346024	24.58852196	24.41092873	23.23194122	24.68912506	25.80166245	25.69423676	25.26395416	24.16246414	24.77806282	24.62366104	25.54170799	25.06817055	24.35312843	22.88323021	24.03632545	24.68549347	24.99808884	23.62834167	23.62789536	23.19252777	24.8439312	23.99040413
XP_004617853.2	24.99394989	25.24234581	25.10521507	25.27359009	25.16511154	25.41502953	25.52978516	25.37391472	25.13625717	24.91122818	25.36238861	25.06324005	25.20579338	25.01133156	25.2096653	24.91227913	25.22051811	25.36639786	25.5568676	25.67419434	25.01209831	25.37301826	25.04618454	25.47295952
XP_004617930.2	30.82880974	30.57776642	30.77548981	30.09697723	30.29963875	30.93936729	30.68260956	29.95046425	31.03177071	31.57267189	29.34591484	29.56158066	29.60731316	29.67833519	30.14016914	30.85949516	29.33994102	29.85233879	29.53712273	31.25867271	30.22066498	30.01836777	31.10224533	30.21245575
XP_004617950.2	22.85912323	24.88464737	24.89541245	23.99196243	22.72829056	24.36812973	22.37832832	23.02284431	22.46268845	23.80518532	23.17689705	24.07863045	24.00358772	22.80805588	23.78536415	22.59718895	23.6654644	21.27349663	21.52611732	23.24142838	22.79259109	22.67400551	24.48855019	22.75219727
XP_004617972.2	20.69676399	20.58251762	19.45559692	18.85467339	19.47050858	23.18190956	26.14092445	24.23724747	25.10401535	22.14261246	23.84985924	24.43154144	23.694767	23.30521584	23.31437492	23.36693001	24.65419769	21.98572159	22.90411377	23.31782722	23.87932777	24.46020317	24.20888329	23.37464523
XP_004618039.2	23.73303795	23.93992996	23.96384621	23.55648804	24.00932503	24.27902222	24.54468727	23.30632973	24.2017231	25.16254044	24.71402931	24.5543232	24.57629013	24.5025177	25.06241798	24.44789886	23.66112137	24.1695137	24.17363739	24.51092911	23.98867226	23.58577538	25.42720032	24.00041199
XP_004618043.1	21.87889862	21.73999405	22.55424118	22.69949913	23.04091263	21.13200951	22.42283249	21.89899635	22.36828995	20.67779541	21.25666618	21.88855362	21.87117195	22.24921989	21.2474823	21.08147812	22.85401344	20.7230072	22.07731056	19.96776772	21.61153221	21.79443741	22.16551781	21.94753075
XP_054989830.1;XP_004618049.1	20.57486343	21.29395485	20.98704147	22.91111755	22.38368988	20.46293831	19.11142921	21.47743797	22.00915337	20.13201332	22.15251732	21.19490433	22.34310341	19.92312431	21.17383575	20.4596405	22.18637466	19.03962898	21.53815269	21.46423531	20.80506706	21.95829773	22.18767357	20.80939102
XP_054985950.1;XP_054984896.1;XP_004621951.1;XP_004618109.1;XP_004618107.1;XP_054985072.1;XP_004611559.1	26.93898773	24.47078896	24.55315208	24.4702301	23.60602951	24.23118019	27.55501175	25.48812103	24.91063309	24.23724747	25.61848831	24.509058	25.48222351	24.49289513	24.64806557	23.19943428	23.19865417	24.60727119	24.48535919	22.53112411	24.20970154	23.27895164	23.15758324	24.19602966
XP_004618108.1;XP_054985949.1;XP_054985948.1	25.53130341	23.78726006	26.60667801	24.64850426	25.35753059	25.85169601	25.06307602	24.9387188	25.10549545	25.59627914	26.57045364	24.17949677	24.24466896	22.97226906	25.9239521	25.3631916	25.96057892	24.86999512	26.26397133	24.40496635	26.30070305	23.04730034	24.69290733	25.61065483
XP_004618113.1	19.88445282	19.6710186	20.75930595	19.27964401	20.8245163	20.35863876	21.62729454	20.32366562	22.08017731	21.26390457	19.34664726	19.84074211	21.72579765	20.73305893	20.4488945	19.70416451	20.05535316	19.40708351	19.58930397	19.36082649	20.49189186	19.31433678	20.04183388	18.75365448
XP_004618148.2	26.20420837	26.07826424	27.0923481	26.59789848	26.5490284	26.31815529	26.45464516	26.06999397	26.4512043	26.31815529	26.37358284	26.48655701	26.09140015	25.65455437	25.64853287	26.35699463	25.51632118	25.45713615	26.01280212	26.79215813	26.20048904	26.01069069	26.479496	26.6601696
XP_004618149.2	21.6726265	22.43872833	23.54368591	22.47748756	22.43883133	23.36972809	23.24627876	23.58989525	23.35029793	23.14983749	22.90800476	23.43834877	23.57427025	22.94902802	22.91228867	23.4497261	21.63533401	22.67891312	21.62435341	22.49736023	22.57581711	18.41726112	23.62522316	22.09625816
XP_004618152.2;XP_054986340.1;XP_054986342.1	20.91881752	21.16054153	19.63546753	21.21596336	19.61885262	21.75160408	21.23116493	22.01270294	21.95116425	19.47892952	20.7910614	20.76708794	19.3911953	19.78242874	19.6937294	19.77881241	20.08043671	20.32320786	19.53240967	20.91320229	20.49791908	21.61800194	21.53843689	19.50257492
XP_004618169.1;XP_054974513.1;XP_054974499.1;XP_004608468.2;XP_054974491.1	25.9082756	25.20884705	26.10715294	26.21597099	25.92723465	26.23976135	25.94438362	26.66654968	26.5750351	25.82019043	26.96477127	26.62784004	27.10988426	26.92002678	26.96035957	26.69882584	27.07643127	26.054739	27.46294975	26.97388458	26.74842453	26.85329056	26.81384468	27.22903442
XP_004618176.2	22.9656086	23.42943573	23.24979782	22.62856483	23.52372742	22.04946327	21.31766129	23.41118813	23.01899719	23.68035126	24.66003418	24.18548203	24.93467522	23.41105843	24.14351463	24.08683205	23.91879845	24.11450005	25.11640358	24.51737213	23.78536415	24.19520378	25.54200363	24.6336174
XP_004618217.2;XP_054989508.1	19.42148018	19.41778755	20.17389679	20.61628532	19.77427864	19.91389847	18.82383347	18.76617813	19.75981522	19.80347824	18.4547348	19.95027733	19.25426674	20.47844505	19.59809494	19.7548027	21.77679825	20.8241539	19.74668884	20.75262642	21.68251801	22.8434906	22.665205	21.420187
XP_004618228.1	24.68351364	23.81733894	23.59194946	22.94426155	23.20936012	23.56627846	24.12573433	24.45475388	23.3269062	23.00108147	24.24604797	24.06997299	23.66068649	24.25709915	25.39280319	23.86381912	22.91610336	23.54049683	23.61313057	22.97634697	23.36799622	23.0206604	24.132967	23.37145805
XP_004618229.2	22.04606819	18.7330761	19.41443825	18.94530487	18.06596565	19.5910244	18.74404526	22.28996468	19.85056305	22.26333046	23.04746819	22.01587105	19.94120216	21.00312614	22.66923332	22.49184418	22.70002747	21.89152336	23.37291908	22.33464622	23.27213097	22.03415871	23.33878517	22.09969711
XP_004618256.1;XP_004618255.1;XP_054982232.1;XP_004604849.1	22.63351631	23.29529953	23.5685997	22.64836121	22.44760895	23.16335487	24.18025589	23.91879845	24.14662552	23.60297585	24.31409836	23.69752693	23.61661148	23.4168663	23.4368248	22.98490524	22.19177437	23.35796738	23.18193817	22.57803154	22.69996452	22.49555588	23.20970154	22.92844582
XP_004618268.1	22.19243813	22.27386665	22.21029663	21.14693642	23.18536186	22.35646439	22.68865585	22.83995819	23.00792313	21.18277168	22.11171722	21.77197075	21.87346458	22.1380558	21.25672531	20.62800789	22.37848663	22.74273109	21.74328613	21.00490952	21.95517921	24.42053413	21.5184536	22.05321312
XP_004618297.1	20.41095352	19.89034462	20.40683174	20.07835388	20.69693375	20.92925835	20.48237038	20.55559731	21.91309166	23.53255272	19.37441063	19.80083084	19.82486343	19.88576508	20.61030769	20.2754879	19.65460587	19.8658886	18.97340012	20.34505463	19.87250137	20.12150002	22.6531601	20.11388016
XP_054999366.1;XP_004618299.1	33.65213394	33.7538414	33.38548279	32.69070816	33.73650742	34.56240463	34.29138565	33.32388687	33.83262253	34.85229492	32.53477859	32.95244598	32.9774971	33.61159897	33.00453949	33.99707031	32.53001785	33.1382637	31.87085342	33.75184631	32.22153091	33.06352234	34.16496277	33.0841217
XP_054998796.1;XP_004618316.1	22.46958542	20.0110321	22.51243782	19.39528084	19.15736198	22.67396355	19.06270981	21.18046761	20.70817757	21.44955063	21.03664398	22.06230164	20.9074192	19.86170197	21.60602951	20.01743507	18.69952393	19.63253975	19.55925941	19.84867477	19.79597855	20.4821682	20.67891312	19.43083954
XP_004618427.2;XP_054987722.1;XP_054987716.1;XP_054987710.1;XP_054987704.1	23.99576187	23.34610939	24.63936996	24.78865433	23.88939095	23.10224724	24.34007645	24.34380722	24.12604904	23.04089546	23.528862	23.34529877	24.29361725	23.31105042	23.77233315	22.9682827	22.68637085	23.31575584	23.46101379	23.54380226	23.54733849	23.96490288	24.12604904	24.19091606
XP_004618436.2	20.20331573	20.32573318	18.24947357	18.87709999	19.44777679	22.7753315	20.90939713	20.31981277	19.12680054	18.36231041	21.52051735	19.02916145	20.42746925	19.22472763	19.19822311	20.2147789	19.37121391	19.09984779	18.76292801	19.73044014	19.84952354	21.24950981	20.49979591	19.66110611
XP_004618455.3	21.75515556	22.17523766	22.17050743	21.78970909	21.03590584	20.86060143	18.93366814	22.15273476	21.89785194	21.52032471	20.54481697	21.71787262	21.70400238	21.53639984	21.62520027	21.08518028	21.72475624	20.71389389	21.41838646	22.61972618	23.15679741	21.89167213	22.9607563	22.44584274
XP_004618466.1	18.21503448	19.53485489	19.90186882	18.72929764	20.03861618	19.6134758	19.91355324	19.87907791	19.72316551	20.28353691	19.65394783	21.81151009	21.22623253	19.88851738	23.76111412	23.02544975	20.11515808	24.40347099	24.25277519	22.80423927	21.92430115	22.91254425	20.86891365	23.38179016
XP_004618467.2	21.26522064	18.55828476	21.55739975	19.66832733	19.99906921	20.79867363	21.31412506	21.01031494	21.6336937	21.25326538	22.81659698	20.44738197	21.35788727	21.77715874	20.65648079	19.71783066	20.90183258	20.33134079	20.64094734	21.4529705	21.07221603	19.67848396	22.07483101	21.14917183
XP_004618483.1;XP_054998180.1;XP_054998179.1	26.12153053	25.22751236	25.74226952	25.2556591	25.34007645	25.69306755	26.25609207	26.39237595	26.22232437	25.27792358	25.96842384	25.53192711	25.89707565	25.52880096	25.4667511	25.02119446	25.0496788	25.54586601	25.47426033	25.5764637	25.83829117	25.58566093	25.66744232	25.7773838
XP_004618490.1;XP_054992740.1	26.02426147	26.07445145	26.65225792	25.53904724	25.90676308	26.16217422	26.37890053	26.65594673	25.60902023	25.84306908	26.54068756	26.86443329	26.37261963	25.06476212	26.3228035	25.52181053	25.11060143	26.16729546	25.65602875	27.87361336	25.50942039	24.07911873	26.13406372	25.13163376
XP_004618492.1	23.3013134	23.75633621	23.83566666	22.94299316	23.6125679	23.3780899	24.31699944	23.73272705	24.12589264	22.52878952	24.15483665	23.65785408	23.85433769	23.77253532	23.40807915	23.31644821	24.54980659	23.10894394	23.47605324	23.64910698	23.48419189	25.21378517	23.18030167	23.7165966
XP_004618496.1	22.13783646	18.88792419	21.45673561	21.27190208	19.97045517	20.29737282	21.42976761	21.96042061	21.54952431	19.10666656	21.45673561	21.2754879	19.46346474	21.57084656	21.63559914	20.85961723	20.9738636	21.84750938	21.14519501	19.27829933	20.76846313	20.86793327	21.76397324	20.65210915
XP_054999150.1;XP_004618501.2;XP_054999149.1	18.70406723	18.18463898	19.42289925	20.711586	20.31920624	18.82717896	19.28554344	20.9924469	19.79605484	19.59999084	21.22488022	20.73727417	19.21343803	19.32971573	21.11825943	20.6531601	22.5690403	18.96892166	21.22429085	19.07459641	20.96486855	19.37417221	18.94365501	20.36206818
XP_004618505.2;XP_012790418.2	22.07015419	22.16790771	18.95127487	22.42552376	20.19128609	18.38315964	22.0449028	20.4318943	19.73482132	18.79589653	19.26993942	22.36383247	22.2469902	22.04962921	22.17026329	21.52836037	21.8936367	18.90921402	22.0266819	23.35997963	22.98252296	22.76229095	23.01352119	22.37135124
XP_004618506.1	18.86820984	18.22542	19.78741837	19.72637367	20.91568375	19.07555389	19.45289803	19.28524971	18.9304657	23.04393578	21.03972435	20.74065399	20.83530045	21.07848358	21.03912163	21.08951759	20.86188889	20.99927521	20.95134163	19.35304832	20.19917297	21.01290894	20.32157516	20.5111351
XP_004618507.1	22.97926331	18.6837616	19.70117188	21.39759445	19.21602821	21.61063194	21.81780624	21.87934685	22.39456367	21.69693375	22.66761017	21.51888466	19.14902687	19.1528511	21.59194946	18.79413795	21.54524231	19.31385612	21.53952599	19.80616379	21.17535973	18.98712158	19.77980423	19.06383514
XP_004618537.1	22.48106575	21.77189064	23.04006004	23.71166801	22.83959389	22.13138199	22.00545692	22.19159508	22.35205078	22.24641037	23.18263626	23.79837799	23.19748497	23.2368679	22.06414604	22.54778481	23.67572975	22.42764664	23.48456001	22.80291939	22.53730011	24.137743	22.94995308	23.09923172
XP_054998181.1;XP_004618544.1	23.73386574	24.07667542	24.39702034	24.40275574	23.74057198	23.93283081	24.49344444	24.33572197	24.30243111	24.1590786	24.67551422	24.47444534	24.78556442	24.35110664	23.92007065	23.55859184	23.69731522	24.12384224	24.13084793	23.86580276	23.14229965	23.45186424	24.34326553	23.16326141
XP_004618621.2	26.29885292	25.87558365	26.73000717	26.35450745	26.22368813	27.15875053	28.32281303	27.44963074	27.59647751	27.76141739	27.63851357	27.78375435	27.67660332	27.93893242	27.4918251	26.89446449	27.41037941	27.22655678	27.590065	26.38114738	26.3824501	26.51023483	26.8331604	26.58763504
XP_054978573.1;XP_054978572.1;XP_004618665.3	26.28795815	24.94100571	26.75417137	25.30037117	24.17432404	25.81139755	26.05490303	25.56150818	25.87225151	26.73453712	25.56978798	24.82784081	25.05651665	23.84747124	25.65146446	25.36188698	26.53112411	24.73117447	26.21637917	25.18748474	25.2309227	25.44420624	25.10824966	25.92546844
XP_054981948.1;XP_054981945.1;XP_054981944.1;XP_004618686.1;XP_054981942.1;XP_054981941.1;XP_054981939.1;XP_054981938.1;XP_054981937.1	25.13664818	24.48142242	25.25003052	24.58491516	24.59086609	24.6089077	25.20862389	25.78384209	25.77026749	24.37980843	24.89942932	24.66979599	24.95051384	24.63494682	24.53984642	23.90829849	23.86230659	24.62466431	24.17675972	24.94176674	24.42156029	24.50742531	25.41992378	24.44815063
XP_004618689.2;XP_054981563.1	19.36244011	18.16074181	21.51984596	20.93012428	19.05977058	19.59630013	22.59539223	20.13668633	21.54193878	19.7718544	21.83537865	22.03120041	19.37769699	20.46333694	20.27503395	20.22028732	20.1796875	20.14507103	20.43155479	20.09042168	21.03530121	20.97049713	21.68333244	21.78731918
XP_004618698.2;XP_054983015.1;XP_054983016.1;XP_054983017.1;XP_054983018.1;XP_054983019.1;XP_054983020.1;XP_054983021.1;XP_054983010.1;XP_054983014.1;XP_054983011.1;XP_004618701.2;XP_054983022.1;XP_054983012.1;XP_054983024.1;XP_004618699.2;XP_054983013.1;XP_054983025.1;XP_054983026.1;XP_054983027.1;XP_054983028.1	23.10490417	20.89185715	23.41480446	25.30883026	23.22465897	21.56671906	21.5475502	22.74720573	21.64284325	22.18322754	22.18604088	23.89578247	23.68228149	22.56792641	24.51111031	23.31146622	25.5723629	23.50881577	24.47747612	22.90585899	24.70956612	24.90145493	23.77313995	24.86386681
XP_004618708.1	23.6482296	22.73807907	24.17447662	24.73189926	25.38521767	23.43466377	23.92650986	23.84124565	23.27653885	22.92428207	22.58387184	24.04893112	23.73469162	23.90554619	23.8854847	23.52575874	25.80592346	24.01358986	24.54462814	24.95362473	24.77213287	25.00071144	24.38975334	24.79669571
XP_054981854.1;XP_004618714.1	25.60749817	25.1173954	26.33822441	25.63042641	25.44540596	25.00298882	25.93244743	26.2495594	25.91058731	25.18650246	25.75994682	25.91579247	26.49599266	26.30190659	25.98615646	25.52285957	25.43198776	26.01090431	25.76481247	25.19370079	25.20377922	25.63713264	26.11024284	25.43013763
XP_054985260.1;XP_054985259.1;XP_054985258.1;XP_004618725.1;XP_054976898.1;XP_054976897.1;XP_054976896.1;XP_004612497.1;XP_054976900.1;XP_054976899.1	23.8194828	22.91002083	25.13610077	22.93247032	20.00611115	19.43790245	23.36399269	23.56941032	24.56558037	18.22894096	24.54155922	24.91031265	24.41467476	18.8585968	23.31810379	22.49775124	18.8964386	23.51665115	24.56813431	22.72371674	22.97515869	19.33527565	24.19415283	23.08141327
XP_004618806.2	23.56139183	21.739048	22.20251656	21.18471146	21.68568611	20.51477432	22.60844612	21.91458893	19.23345947	23.00619316	21.4224472	21.76680565	18.79239845	21.49872398	24.04801559	24.90614319	21.57860756	21.96965408	22.2642765	25.1197319	23.77806282	23.69721031	23.25997353	23.50954056
XP_004618917.1	19.32471275	21.48453522	21.72704506	21.61974907	18.19648933	21.66127396	22.18507385	22.50949287	23.51809311	23.22808456	22.788414	21.57292938	21.44788551	22.48993492	22.26181221	21.66096878	20.99486351	21.92698097	21.59646034	22.0084362	19.47441673	21.58086205	22.36177444	21.92965508
XP_004618969.1	23.78096771	21.66296959	25.03762436	25.73797035	25.24267197	23.40262604	23.68645668	24.49728775	24.09329414	23.68795204	24.62042046	24.92737007	24.63461304	24.62811852	24.98806572	25.16215515	26.21881866	24.7506237	25.73660278	25.221735	24.83793068	25.55981636	24.68185425	25.78803062
XP_054976404.1;XP_054976403.1;XP_004618971.1	22.57380867	21.33276176	24.30834579	24.65790939	24.30619049	22.77984619	22.50809097	23.74201202	24.25529861	23.48910141	24.34340096	23.96110916	23.88557816	23.59696198	24.12959099	24.42476845	25.10385513	23.96982956	24.77263641	23.55637169	23.8417263	24.0010128	24.10101318	24.61683655
XP_004618986.1;XP_054978626.1;XP_004618987.1	23.40963364	23.22429085	24.54674911	24.29249382	24.56494141	23.22883415	23.98997116	24.32882309	24.33735657	24.10237503	24.94864464	24.88455391	24.68837929	24.57905579	24.79411888	22.87348175	24.9117775	24.96692848	25.11418152	24.27326965	23.88623047	24.96437454	24.34211349	24.10797119
XP_004619014.2	22.57059288	19.90743256	22.43321228	22.20869064	21.61925697	21.86378098	21.86947823	21.01017761	20.84383583	21.07463455	22.22066498	21.63302803	21.93560219	20.67314339	21.61540031	19.27639008	20.62996483	20.41400337	18.94039154	20.85391808	22.49736023	19.33733749	22.29958344	21.64455986
XP_004619072.2	24.09361649	21.55168533	23.78136826	24.58457184	24.22361374	22.50879288	22.800354	22.93104553	22.01198769	22.13743019	24.57317162	24.90214539	24.52689362	23.04849815	23.85329056	24.31554985	25.5362339	23.96410942	24.96912575	24.76390076	24.96525574	25.25378609	23.78666115	24.85124207
XP_004619073.1	26.32962799	25.61820984	26.70754051	26.88250351	26.21276665	25.86320496	26.49797249	26.33701706	26.584198	26.11685944	26.84959602	27.06835556	26.91889	26.69577599	26.67546082	26.54155922	26.61118889	26.49912834	26.85899162	26.32921791	26.77052116	26.92002678	26.52747536	27.0048542
XP_004619129.1	21.21501541	20.84942055	20.00030899	19.15869331	19.82400513	21.47119904	20.36709023	19.43208504	21.3720417	21.22258186	17.62768936	20.35046005	18.87609482	20.50232315	19.19771957	21.29972267	17.28310394	20.72533989	19.5391674	22.17882729	21.63807678	21.46712303	22.42877197	21.00099564
XP_004619141.1	19.20705223	17.8536911	21.66752434	21.59896088	21.51677132	17.67497444	19.19939613	20.23596191	18.64064407	19.8045826	21.47985649	21.32663155	21.37268066	19.47661591	21.52960014	20.39288712	21.43369484	20.1611557	20.61818123	19.88531876	21.24533653	20.28353691	20.29864883	20.80199242
XP_004619144.1	24.11378479	24.18593597	23.91003799	24.01843643	24.09385872	24.37875175	24.00958061	24.78346825	24.27767372	24.05862427	24.63771248	24.4708519	24.50706291	24.75414658	23.81176376	23.99092293	24.68837929	24.50669861	24.04826546	24.55946732	23.27426529	23.74139404	24.22332001	23.76698685
XP_004619194.1;XP_004619193.1;XP_054994347.1;XP_054994346.1	21.51205254	20.94213295	22.15813828	21.20836258	21.57098579	20.65717888	21.84857941	21.4379158	20.62158394	20.51691628	20.26051903	21.61360168	21.74767685	19.68826675	21.10347939	20.17218781	20.24469757	20.43969345	20.3273983	17.81037521	22.17066193	20.15664101	22.5933857	21.49076653
XP_004619199.1	19.53926849	19.89310646	19.47913361	19.35296822	20.59980583	18.19981766	19.83097649	20.45402527	20.9642334	18.02625084	19.76172638	19.14247131	19.55238152	19.81658173	18.86508751	19.81288528	19.41226959	19.62364388	19.69700241	18.84013557	20.46173859	19.09892082	19.6448288	19.88285828
XP_054996440.1;XP_004619228.2	18.63269424	19.96713638	21.84945869	22.95413208	20.77136612	18.44594765	19.88203621	19.74658203	20.63768005	19.57291412	21.54839706	21.86831093	20.32069397	19.53590584	20.30667114	19.79877663	22.55996895	21.36238861	23.3808651	19.43351746	19.96582222	22.2553997	21.84796906	21.77426529
XP_054994509.1;XP_004619254.1	23.34028053	22.48544502	23.62700653	22.42631721	24.79778481	22.91721535	23.53943062	22.53554535	22.85804176	20.94256401	23.50348854	23.69954109	24.36412811	23.29866028	23.64097023	22.81358528	24.21482277	22.40364075	22.56150818	22.72271538	23.34813881	21.90925217	23.80449486	23.03469658
XP_004619279.1	23.3858757	21.57154083	23.04101181	22.04859924	21.96564293	22.57763863	22.7185421	22.86497116	22.56588364	22.489151	23.20697784	22.49882126	23.18161964	21.8864727	22.28305626	22.22320175	21.1933403	21.98436737	22.20517349	22.20738029	22.07499504	22.31335068	22.02917862	22.21700096
XP_004619293.1	24.96868706	23.97298622	25.76377487	28.11406136	24.97044373	25.28996468	25.06422806	25.35736275	24.41809082	25.21077919	25.05961418	25.27845383	25.09337616	24.48603439	26.13302612	24.3471241	26.70780373	25.03544426	23.4719677	26.94268417	24.46886444	23.90205383	24.38554764	26.14573288
XP_004619309.1;XP_004619307.1;XP_004619310.1;XP_004619308.1;XP_054994517.1;XP_004619305.3;XP_054994519.1;XP_054994518.1	25.72012329	24.49570274	25.59012222	25.14148903	24.89832115	24.89855194	24.91035843	24.66068649	24.8747406	24.70798874	24.68281746	24.72192383	24.81982422	23.63367271	25.32189178	24.84388351	23.67669868	24.49862671	24.76375008	24.99321556	24.91131973	24.52061272	24.77379227	24.60501099
XP_054995338.1;XP_004619343.2	20.27298546	20.06972694	21.99769211	21.8145237	20.68286133	21.31080055	21.62978745	22.20487595	22.07916832	21.57814598	22.3081646	23.22059059	23.0645237	21.69038391	22.19228745	21.90139198	21.7951107	21.61247826	22.91814423	20.86627388	21.63014221	22.11050606	21.99679565	20.93322754
XP_054995870.1;XP_054995869.1;XP_054995868.1;XP_004619344.1	19.6913662	19.73724937	18.47092438	20.70413017	21.86684036	22.9375248	20.58618736	20.87184715	20.87949562	19.3398819	20.16081619	20.91765213	20.18446922	18.81534004	20.68397522	18.3194809	20.8470993	20.38194847	20.14169693	19.68761063	21.11432457	19.14788246	20.29849243	21.04700089
XP_054995775.1;XP_054995774.1;XP_054995773.1;XP_004619363.1	26.90999222	26.39819527	27.09828377	26.45812225	26.24668121	25.81225395	26.41498184	26.23172951	26.54027367	26.35270691	26.60569	26.48497581	26.91330719	26.22282219	26.747015	25.91209602	25.1688652	25.70812035	25.74327087	25.6261425	26.48311615	25.69083023	26.39065552	26.0571785
XP_054994156.1;XP_054994155.1;XP_054994154.1;XP_004619380.1	20.99996376	18.80485344	21.13238716	20.84145737	19.08778572	20.35557365	21.10942268	20.48973846	21.54274178	18.75406647	20.62854195	20.73173332	18.3140831	20.003685	19.8667717	19.23734283	19.47611046	19.14270782	20.28692245	19.00428009	19.52425003	19.89378357	20.739748	20.47298431
XP_004619452.1;CON__ENSEMBL:ENSBTAP00000025008	20.67633247	20.37177658	21.30985832	21.40774345	21.38805962	20.77667809	20.8643856	21.1011734	20.71808052	20.31340599	22.90514374	21.41353989	21.5965519	20.81847	21.07770157	20.97309113	22.5558567	20.5762558	22.88966942	21.1758461	22.4328289	22.05341339	20.95695114	22.54816246
XP_004619465.2	20.70693207	19.32991982	20.49736023	22.32937241	21.31506538	19.77047539	19.51878357	18.74325752	18.49734306	20.2249279	19.4215641	21.57519341	21.17767334	21.11914635	20.63189125	20.83753586	23.24678612	21.14681244	22.0545063	18.90051842	21.35600662	22.58767509	20.45878601	22.90389442
XP_004619466.1	22.41514015	22.79042435	23.32182312	22.57549477	22.44833946	23.4882431	23.47593117	23.85004997	22.72698212	21.70800972	22.73183632	22.33131409	23.42956352	22.48657417	22.72286224	22.4282093	22.00316048	23.31630898	22.69415092	22.81540489	22.68694687	22.25888252	23.02101517	22.58895683
XP_004619475.1	22.0745697	21.23192596	23.05538368	22.56020164	22.0790062	21.61934662	22.00562859	22.07959175	22.51766014	22.578722	21.99562454	21.79121971	21.90928841	19.46349144	22.13624191	22.28438377	18.90011024	21.50295448	22.02076149	22.25453568	21.56397629	22.01719666	21.69055367	21.97344208
XP_004619485.1	22.94172096	22.99629593	24.38238335	24.87979507	24.47209167	22.60521507	22.95089722	23.63677216	23.22585106	22.19880486	23.66654968	23.950737	23.81372261	23.2642765	23.56267357	23.67001152	25.07855034	23.20876503	24.54155922	22.58861351	24.38574409	24.44915962	24.49393272	24.76060677
XP_004619538.1	24.17241669	23.45838928	23.88175774	23.68239021	23.20342827	23.25450706	22.96478081	23.82298851	23.50857353	21.81632233	23.18561745	23.39897919	23.14293861	23.65140915	23.39191818	22.40257454	23.54769135	23.2359333	23.26484871	23.46188927	23.69561768	23.19047928	23.79907036	23.55438232
XP_004619545.1	20.47129822	20.7241745	21.83880615	21.81577492	21.52793121	20.18826103	21.34830093	20.79296875	21.75380898	21.69234276	22.088871	21.59404755	21.3956089	21.5228653	21.18930244	19.19928551	21.87623978	21.44080925	22.36551666	21.417099	21.74992752	22.44354248	21.5394783	22.44511032
XP_004619631.2	23.75327873	23.13199425	23.91515541	23.7552166	23.8961525	23.10194206	24.30284882	23.65195656	25.12348557	23.34854317	24.06751442	23.46724892	23.85690308	24.16246414	23.54792595	21.48325729	24.52993393	23.29109001	23.0994091	22.6847229	22.60460472	23.93075752	23.11419678	23.20892906
XP_004619686.1	26.03288269	25.65976143	26.23744774	25.46842957	25.30274391	25.36629677	26.05480003	26.46988869	25.55499649	24.86919594	25.73673248	25.97026825	26.67101097	26.16963005	26.09524918	25.34136772	25.12245941	25.82670212	25.73549271	24.89988899	25.50600243	25.12478828	25.70841026	25.6223774
XP_004619738.1	20.93387413	19.52259636	22.59352303	23.38482285	21.63493538	19.3025589	19.42883873	21.41900253	19.51719856	20.00914764	20.49472618	20.93854904	21.43786621	19.609478	21.67102814	18.80428314	19.97407341	23.22125626	21.3688488	19.76695824	21.84195518	20.56634712	22.12373161	21.1126709
XP_004619768.3;XP_055001926.1;XP_004619765.2;XP_004607848.2;XP_055002172.1;XP_055002164.1;XP_004619764.2;XP_004619766.1;XP_012787990.2	20.05163002	19.28033447	20.41927147	18.10410118	19.2673378	19.47925568	21.66288185	21.31688881	22.23095894	21.73028183	20.5799427	22.49933243	21.73297501	20.52238655	20.0080471	18.67634201	18.84830475	20.14018059	18.96272278	19.39046478	20.12238503	18.67638206	20.2953949	19.68315697
XP_004619872.1;XP_055001897.1	23.32113457	23.15540886	22.96261024	24.19708061	23.80242729	22.64976501	23.18365097	22.42803001	23.51989365	23.05278206	23.63942528	22.54891396	22.99272346	23.22048759	23.18143845	22.92435455	22.90978241	22.69257736	24.0098362	21.35718918	24.19227219	23.36786461	24.30605125	23.92913246
XP_004619876.1	30.24909401	29.10404587	30.41609001	29.22439575	29.80468941	29.33847427	30.31062126	28.20582962	29.20876312	27.47429085	28.20279884	28.80362701	28.66275215	28.10334587	28.95107651	26.93393326	27.17321777	26.51710129	25.69053841	28.14160728	28.70523453	29.00313759	29.77555275	27.50899696
XP_004619892.1;XP_055001669.1;XP_055001668.1;XP_012788286.2	25.137743	24.14910889	25.87208748	25.02191353	24.56069183	23.89605904	25.32440186	25.8158741	24.7824688	21.87173462	24.78944969	24.57669449	25.4240303	24.6601429	24.96886253	24.65649223	24.37245369	25.32251167	24.76217842	22.70318031	24.62522316	24.95973969	25.14262009	24.77881432
XP_004619896.1	22.88158989	22.37185669	23.07496262	23.77776146	23.28404427	22.15644264	22.43938828	23.05916977	22.54832649	22.82867432	22.65099335	23.13703918	23.39937019	23.12497711	22.83918953	22.95813942	23.29473877	22.57084656	23.30480003	21.95134163	22.65953255	23.13259125	23.00696373	23.27270126
XP_004619905.1;XP_004619904.1;XP_054997215.1;XP_054997214.1	20.66431618	18.91098022	22.22546959	21.92795753	21.92813873	20.77039909	22.5520134	19.38238907	21.23777199	21.17462921	21.22823143	22.52116394	21.43501854	21.61265755	21.29614067	19.59272957	22.76348686	18.79140091	20.47951126	20.88583946	22.60751915	21.42961502	21.81319427	22.78300858
XP_055001762.1;XP_055001761.1;XP_055001760.1;XP_004619914.2	21.73781013	19.06229591	22.29389763	19.47695351	19.51255226	20.78340721	20.93423462	21.67646217	21.79986	19.09600449	20.98468018	19.44727325	20.98863792	18.08800507	19.7967186	20.40346146	20.60649872	18.84825706	19.083004	19.25708389	20.22647476	21.01206207	20.09434509	19.31448555
XP_004619927.2;XP_055001010.1	24.06661034	24.14336014	24.12210464	23.66068649	23.85785294	24.30082512	24.9343605	23.97114563	24.66008759	24.75103188	25.26302338	24.97819138	24.3831749	24.70181656	24.37583733	24.39897919	23.77394485	24.27646828	24.1213932	24.27972984	24.33128738	23.77916527	24.66952515	24.99864769
XP_004619937.1	25.76359749	25.45371819	26.17839432	26.32141113	25.94514275	25.9115715	26.00763512	26.2096653	26.25625229	26.34570503	26.32527733	26.12703514	25.85690308	25.87203979	25.68027115	25.71077538	26.09329414	26.05577278	26.33058548	26.5583725	25.65641022	26.24981308	26.07083321	26.42148018
XP_004619940.1	21.9717598	20.60621071	21.68114662	22.86723518	21.81796265	21.01365852	21.10251999	21.17188263	20.71145821	20.71305466	20.92831802	19.66440582	21.59176636	21.05065918	22.7287693	21.28421402	22.38832283	20.74279213	21.57542419	21.0293808	22.61346817	21.93326187	20.98175621	22.05404282
XP_004619944.1	29.37834167	29.21549034	29.4835453	28.68331337	27.09083366	28.96749496	29.01305199	29.54298019	29.20676231	28.85792351	29.33683777	29.14440536	28.96041489	29.10921288	28.74698448	28.57549667	27.75442696	28.69988441	28.56431007	28.85465813	28.29473877	28.37368202	28.48270035	28.87097168
XP_004619947.1	28.66438103	28.5889225	28.4158268	27.65690041	27.74515724	28.8848629	28.5705471	29.07574272	28.9088192	28.78128624	29.25227928	28.54973412	28.25038338	28.80448914	28.5308857	28.03417397	27.91803551	28.09421158	28.48841858	27.49434471	27.19338226	27.43595123	28.59388161	27.88593864
XP_004619995.2	20.75442123	20.47496605	22.03298378	22.65075111	22.37732124	20.8236866	20.82119751	22.50811577	21.74902725	20.34060669	21.12779808	21.60014153	21.55159187	21.75784302	20.44879341	20.05492973	22.86825371	20.69540596	21.60891914	19.37385941	21.29866028	22.5731144	21.94370842	21.87979507
XP_004620092.1	24.52169228	24.81938553	22.76886559	20.19724464	23.01399803	22.16879654	21.33336258	21.6450882	22.98659134	22.96292877	22.48044968	23.41609383	23.09537315	19.78281593	25.62477684	25.39073753	21.54127693	24.85761452	23.7589817	22.91641235	23.39492989	21.77422523	23.31478882	24.12036514
XP_004620094.1	25.24085426	23.31368256	24.04034424	23.21460152	24.87300301	23.03335381	20.02025223	22.46578026	24.01724815	24.57120514	23.3730526	24.34170532	24.14949799	22.03965759	26.62936974	26.17651176	24.93494606	26.93865204	24.77956581	24.8560009	24.75923538	23.42892456	24.47221565	25.92759514
XP_004620110.1;XP_054996703.1	24.90255928	23.08217621	24.65441704	23.62232018	23.31174469	23.65731049	24.66833496	24.30507851	23.78726006	23.59900665	23.778965	23.47555923	23.62075615	23.21775436	25.12309265	23.45938873	22.98882866	23.08862877	22.80420113	23.2803669	23.60681915	23.35528183	24.33858109	23.42585564
XP_004620119.1;XP_054994677.1	23.01130486	22.96340561	23.10112572	23.97919464	23.1907959	22.91431618	23.13265419	23.1126709	23.0499115	23.37398148	23.58152962	23.70472145	23.94010925	22.85849762	23.7551136	22.82981491	23.26570702	23.4942379	22.80039406	23.04039383	23.97517586	22.38571739	23.99369049	23.37663269
XP_004620121.1	27.67411423	27.82499123	28.47448349	28.48031425	28.57708359	28.43912506	28.83773804	28.87788963	28.71868706	28.26172447	28.77303886	28.52035904	28.80983353	28.36844635	28.27319908	28.19582367	28.70635605	28.57007599	28.74506187	28.82538605	28.38558006	28.76255989	28.91578674	28.70011711
XP_004620154.1	25.69442177	24.76075935	25.71792984	26.10181427	25.72252274	25.16277122	25.62820244	26.06917381	26.20007706	26.18135452	26.51097488	25.63572121	25.30330086	26.01192856	25.98552704	26.02799988	26.4179287	25.85379028	26.77341652	26.41280365	25.51047707	26.70898819	26.36459541	26.16382599
XP_004620167.1	18.61284637	19.73756027	18.35250854	17.99827003	17.14966774	19.17282295	23.70693588	18.44013977	20.23526192	17.48918915	18.76662254	19.89898872	19.23658943	18.29499817	16.46746254	18.64501572	18.27154922	19.22491646	19.18979263	18.92033386	24.9063282	19.46558189	19.44360352	20.85887909
XP_054994729.1;XP_054994726.1;XP_004620310.1;XP_054994725.1;XP_054994730.1;XP_054994728.1;XP_054994727.1	23.07732773	22.77207184	23.43237114	23.37914848	22.56546402	22.77846336	23.21212387	23.25275993	23.61874199	23.05385971	22.90930557	23.06417847	22.96944237	22.99965477	21.99796867	22.15835381	21.91038704	22.8759594	22.10655022	22.80072975	22.3631115	22.43303299	22.78146744	22.43695068
XP_004620324.1;XP_004609512.2	25.09148026	24.7399025	26.06533813	27.03002167	26.68965912	25.29070282	25.06451607	25.49950981	25.95805931	25.62594795	26.55181694	26.68163872	26.24183655	26.03994751	25.87135887	26.06800652	27.43332672	26.35450745	27.42133713	25.66378403	26.84493637	27.2007885	26.63020325	27.50635147
XP_004620333.1	22.25606155	21.41575813	19.72093964	22.61164474	22.01519012	21.92759514	22.09339142	22.34838104	22.29930305	21.76202583	21.83229065	21.82111931	21.85851669	21.61522102	21.66140366	21.78847504	21.41915703	21.64429665	22.33848572	21.41931152	21.65922737	21.95308304	21.25545692	20.80695534
XP_004620391.1	25.57551193	24.99942207	25.3066082	25.53002357	25.29017639	25.54927826	25.50026894	26.2637043	25.77416992	25.65673637	25.90522575	25.74165154	25.65452576	26.04082489	25.71329498	25.64157677	26.33572197	25.78544044	26.22606087	25.67263031	25.36809731	25.50357819	25.45672989	26.198843
XP_055003425.1;XP_055003424.1;XP_055003423.1;XP_004620435.1	22.84362411	22.59041977	22.24548149	18.76418686	21.94503021	22.40802765	22.50780106	23.02796555	22.35563087	21.82291031	22.63845253	23.30674744	22.36359215	19.89852142	22.39613152	22.10983658	21.74525833	20.30303574	22.3754673	21.39362144	21.97987366	22.96382904	22.11079216	22.9624176
XP_054998476.1;XP_054998475.1;XP_004620449.1	23.35474396	22.61238861	24.39630127	22.96801949	22.6478138	23.29782104	22.43598557	23.04201508	22.34708405	23.08360672	22.86332703	23.28065109	22.86587715	22.4479866	23.51809311	21.87923431	22.25620651	22.67994308	22.87248611	22.51193047	22.50171661	21.71389389	23.11570549	23.41673851
XP_004620571.1	23.33538246	22.71282387	23.37530708	23.11165237	23.43657112	23.10325623	23.52695274	23.56313896	23.70271492	22.72121429	23.04091263	23.073246	23.47889519	23.03247833	22.81716156	22.37406158	22.26051903	22.74182701	22.59343147	22.83018303	23.32044601	22.56406975	23.11214638	23.10251999
XP_004620574.1	20.35477066	21.64486885	18.79329109	19.89229012	20.3116684	20.53507042	19.14230347	20.31362724	21.19724464	20.52668953	22.61755371	22.27767372	20.52171516	18.69326973	21.39325333	21.01338577	21.91583061	21.16072655	19.57867241	21.54453468	20.61897278	21.57292938	20.4860096	21.69812202
XP_004620601.1;XP_054993922.1;XP_054993921.1	20.0213604	17.11756134	23.52073288	24.29361725	23.34813881	22.26890945	22.96102142	23.1953392	23.46774673	22.61281586	22.70343208	23.38942528	21.10033989	22.3308773	23.11914635	22.72733498	23.93723869	22.72623444	24.06315804	21.42177963	23.75460434	24.04351807	23.8809166	24.0578804
XP_054980861.1;XP_054989762.1;XP_004620623.2;XP_054980860.1;XP_054982615.1	24.82313347	24.78915215	24.91838837	23.8345108	23.79610062	24.89110756	24.31561852	24.20888329	24.13625717	23.8907814	23.87492752	23.38060188	24.08082771	23.32457352	23.21302986	23.66112137	22.93241501	23.21050453	23.17934418	23.64317322	23.63754654	23.3840313	23.9203434	23.78925133
XP_054997245.1;XP_004620668.1	26.08007622	25.77635574	26.4738884	26.17622757	25.20056343	25.5349865	25.88093948	26.82371712	26.33922768	26.27965927	26.98326683	25.97618103	26.07328796	26.05094528	26.59960175	25.65439034	25.46341705	25.42886162	26.18835258	23.9607563	25.07463455	25.19509125	25.90903091	26.12119484
XP_004620737.1	20.11438751	20.31477737	21.47852516	21.72687912	21.80982399	19.46417809	19.38841057	20.51931763	19.26368904	18.90958595	20.38384819	19.09679794	19.7480545	19.16809464	19.68182564	19.72530746	23.4470787	18.70002556	21.69310951	19.57968903	20.44748306	19.917593	19.8255825	21.80045319
XP_004620745.1;XP_054983236.1;XP_054995400.1	24.29361725	23.87408257	25.20527077	24.8038063	24.33367729	24.09635544	24.79397011	24.80217934	24.7039299	24.06521416	24.47233963	24.42059708	24.86684036	24.27084923	24.47401237	24.23461914	23.78944969	24.06784248	24.31132889	23.27084923	23.68303299	24.32340431	24.94677162	24.43650627
XP_004620763.1;REV__XP_054980628.1	26.398489	25.40947342	26.00821304	25.0411377	24.67352104	25.66386414	26.03456306	25.51457596	26.11219406	26.58606148	25.98178673	26.35262299	25.93046379	26.25591087	26.24103546	25.31931114	24.89988899	26.25709915	25.66584396	24.55637169	25.30539131	25.36001205	26.5314064	26.00543213
XP_004620779.2	19.91627502	18.65348816	21.17815971	21.49155045	21.13527107	21.02038765	20.75058174	19.5299778	20.96218681	21.13627243	21.3876915	20.18633652	21.8897438	19.05886841	19.51015854	20.11816406	23.22214127	19.71336555	23.03995895	21.34786797	19.4954052	21.84398842	21.31788254	21.78164864
XP_004620781.2	21.74505234	20.15918732	24.40749741	25.14238548	24.91209602	23.23163414	23.38126183	24.51092911	23.36812973	22.70040894	23.57346153	24.5417366	24.14600372	24.30208206	23.95695114	23.74232101	26.40298462	24.3848877	25.61130142	22.9861908	24.23892403	24.86145401	23.2088089	25.11004448
XP_055001711.1;XP_004620786.1	23.45387459	22.69385338	22.44154358	21.91491699	22.69748497	23.05540085	23.28714943	23.31257439	23.15262604	21.66618156	23.1972599	22.39532089	23.01304436	23.05766678	22.9023304	22.67115784	21.57966614	22.26232719	22.41056633	22.14761925	22.17142487	22.25046349	21.70053673	22.05602837
XP_004620792.1	25.12166977	24.98750114	24.24401665	24.79486275	25.3094902	25.6000843	25.25555038	24.93278503	25.61568642	26.10823059	24.66757774	24.47871017	24.96459579	25.31496239	24.35103989	25.35551643	24.65124512	23.7634449	24.25925636	24.55162621	24.28340912	23.47221565	25.2629509	24.49228287
XP_004620804.1	19.88211441	19.16733932	20.94506645	21.29468346	20.81614304	20.24840927	20.56579018	20.49911308	20.69498062	20.08990479	21.17285919	20.77651596	19.73666573	19.67779541	21.25199509	20.54113388	20.14033508	18.47839355	18.79635048	20.39508629	20.97449303	20.03738022	21.48035049	20.79423904
XP_004620806.1	20.64842796	17.55809975	21.01542854	20.69803619	20.36476898	20.61548996	20.57828331	20.1316967	21.70117188	20.06920242	18.51341057	18.13375854	20.61574745	19.52037048	19.2022419	19.64940834	20.5504303	18.84890747	19.77256584	19.02182198	19.98557472	19.15214157	19.68934631	19.67343712
XP_055002279.1;XP_004620828.1	23.95969582	22.21460152	22.58561516	23.95482445	21.8323288	22.14270592	22.53604317	22.4998436	22.22587967	19.13340378	23.00305748	23.79669571	23.28460884	21.80104446	22.00271416	22.01920128	23.88427544	22.4247551	23.17449188	22.45798874	24.20985031	24.71003914	23.52013397	24.30403328
XP_004620899.1	20.7062397	20.45392609	19.61708641	20.33516312	19.65487289	20.60602951	20.62024117	20.56736946	20.63466835	19.79769325	21.96965408	20.93243408	20.05976295	21.01195335	20.8244648	19.82346916	21.59103584	19.92860794	21.2701931	20.11133385	19.3614254	19.73060608	19.17747688	18.36811447
XP_004620907.2	21.2740097	20.38237	23.11662674	23.80222893	23.6238842	22.21924782	21.56996727	23.07403183	21.29198837	21.25551414	23.74745178	24.14786911	22.981287	23.18343925	22.78126717	22.77140808	24.82410622	23.0567894	24.5932045	21.57403946	24.0089817	23.99377632	23.183424	24.10884857
XP_004620955.1	22.02079582	21.58099937	22.603405	21.25902557	20.63935852	21.76882553	22.73978806	22.22034073	22.21317863	21.6762886	22.02337074	21.36773109	22.43499374	20.84842682	21.29642105	21.69293976	19.67502403	21.27184677	21.71845818	21.4757576	21.50149727	21.03925705	22.21163368	21.78962898
XP_054987175.1;XP_054987174.1;XP_054987173.1;XP_054987171.1;XP_054987170.1;XP_004621055.1	21.18337822	22.10955048	20.93861961	21.10373688	21.94799423	19.86426163	22.47290993	20.88292313	21.64368057	20.68842125	20.82593918	20.46443558	21.79863548	20.51335335	20.70252419	19.95611763	19.87654495	18.98518562	20.5690403	19.3832798	19.47330666	19.07673454	20.13186836	18.18181419
XP_004621109.2	20.02931404	20.98919296	21.7103653	22.68681908	23.70292664	20.99948311	18.46837807	21.59163094	20.11146164	20.30028152	21.94924164	22.93836975	21.46896362	22.40779495	21.05735207	22.25366974	23.65621948	22.18945503	23.93526077	20.99913788	22.79388046	23.46151352	21.69221497	23.67346764
XP_054987363.1;XP_004621128.2	19.31844902	19.41319847	18.88870621	21.18966484	20.33810616	22.23400497	21.018013	20.72159004	21.08576202	20.96958351	18.07899284	19.58025551	20.31572914	19.56415558	19.73163033	21.79475403	19.54345894	19.94706535	19.96522141	23.34190941	22.98119926	21.25822067	20.43654442	21.04360199
XP_004621194.2	23.45901489	22.22334862	23.98023987	21.60421944	21.96553802	23.16169548	23.8451767	22.17596817	23.33183289	22.53791618	21.56811142	20.98627853	20.76813889	21.72242355	23.63500214	23.56952667	21.93286705	22.63778877	23.33238029	22.29086494	22.94504929	22.63320541	22.33210564	23.10288811
XP_004621195.2	20.51595306	19.30667114	23.06086731	21.22367096	22.30084038	20.92607498	22.50741386	20.90705109	18.91007996	19.28021812	20.33625412	19.63129044	19.02521706	21.5460434	19.52565384	19.0588932	21.50920296	18.6356926	22.2257328	23.56430244	21.09294128	19.49050903	19.53102112	20.68491554
XP_004621196.2	25.70456314	25.80992699	25.28326797	25.27859688	25.76281166	27.14316559	26.07534981	24.64971161	25.87815857	26.41855621	24.88604355	24.67233467	24.50990295	25.16288567	25.4926815	26.21586037	23.86834717	25.06472015	25.19031334	25.61918831	25.15452766	25.64962959	24.07748985	25.29998779
XP_004621197.2	19.58992767	23.43758583	23.61211777	18.95107841	22.300951	25.03225136	25.91040421	22.99557114	23.86429214	24.68104935	20.66509628	22.06358528	23.27412415	22.96733284	23.10378456	23.36693001	21.52262497	23.5410881	21.39942169	20.2623558	25.53335381	23.51328087	23.40781975	23.90343475
XP_004621199.1	24.8154335	24.93966103	24.92324829	25.24165344	24.34184265	25.81014633	25.6885643	24.48160744	25.36989403	25.75984383	24.822258	25.80138969	23.71826935	23.74939728	24.45519257	24.34813881	23.1558876	23.69752693	23.0961132	25.52587891	24.12486649	24.30778885	23.79392052	24.27469254
XP_004621223.3;XP_054976261.1;XP_054976264.1;XP_054976262.1	23.44808769	22.82938957	23.2277317	22.37153816	19.5288372	22.28164101	23.76009941	23.42239571	22.58737755	22.27050591	23.54686737	21.00847054	21.88528061	22.57879066	22.66845512	22.84281921	22.0273571	22.28172684	23.33128738	21.95999718	22.24869919	22.8809166	22.50093842	23.37716293
XP_004621273.1	24.08748055	23.96965408	26.3967762	23.67583656	25.89534378	24.94060135	24.5184536	24.45920181	24.61756516	26.02159691	25.69506073	24.18086243	24.84670639	24.43319893	26.5035038	26.49742508	27.22370529	24.59667778	24.86064911	26.70464134	25.07708359	24.52097321	26.04922295	25.98984146
XP_004621284.2	23.55660439	21.49218559	24.53611374	22.73671722	24.885252	23.8233757	23.36559677	23.04756737	22.86636734	24.40431595	19.37818527	19.91222572	22.02011681	22.8398056	22.13889885	25.25223351	21.85464096	23.54639626	22.50615501	25.665411	23.1771698	23.33224297	24.47704315	24.13625717
XP_054981275.1;XP_004621320.1;XP_054984740.1;XP_004616874.1	22.85414696	21.61166763	23.28460884	22.57105637	22.7215271	22.06762886	22.45831299	22.69618988	22.60125351	22.16603851	22.24495888	22.83169174	22.13680458	22.04650116	21.65210915	21.82143211	20.6867981	21.6853447	21.74513435	21.23005104	21.77217293	21.61171341	21.98565292	21.93481064
XP_054982999.1;XP_004621336.1	23.02793121	18.82568932	19.55640602	19.99736404	21.28630257	23.51653099	18.91831779	22.98313141	21.68974304	18.94528198	21.47610283	21.11069679	22.60645866	21.84122658	21.44040298	18.6229229	21.44440269	18.80402756	21.32761765	21.26011848	21.63458061	21.74923325	20.32728958	21.46836662
XP_054984698.1;XP_054984697.1;XP_004621361.1;XP_054984696.1	18.61070442	19.66348076	21.04773331	19.87541962	21.07750702	20.21216965	18.89893341	18.8092308	20.86045074	21.71582031	21.87672615	18.33228302	21.54999542	19.3056469	22.05741882	18.12583733	20.90367317	20.85733986	21.0921669	20.91772461	21.09009933	19.13425446	22.29633713	19.47539711
XP_004621375.1;XP_054985683.1;XP_054985681.1;XP_054985682.1	20.37368965	19.30041122	20.8186264	20.32204247	19.94169617	21.55833435	20.52506638	20.6715889	20.63591003	18.97450638	19.37626266	19.29018021	18.6645546	19.92373085	19.22742844	19.21515465	19.84214783	18.78503799	20.3066349	19.80405807	19.28488731	18.67739868	20.09321022	18.45048141
XP_004621455.1;XP_004621454.1	22.2108326	23.14136505	22.21234703	20.77756119	22.12789154	21.73632431	22.28133011	21.60535049	21.8280735	19.86770439	21.53207588	22.01797867	22.48713875	21.82675552	21.68978691	21.72154808	21.94001961	21.4127121	21.17090607	21.80064964	22.0560627	21.4170475	21.50508881	21.42337036
XP_004621491.2;XP_055002345.1	22.04486847	20.56104088	22.12316322	22.05840874	21.90712547	22.26373291	21.31578445	22.51770973	22.26074982	22.07008743	23.22742462	22.69882011	22.2873745	22.12471008	22.88920403	22.45033073	23.03241158	22.22482109	23.24757004	21.68829346	22.5124855	21.68123245	22.67848396	21.73102951
XP_054989468.1;XP_004621530.2	18.76531219	19.84448624	20.14755821	19.93016815	19.17562866	19.29908371	20.05973053	19.41272926	19.44043922	22.29586029	21.75918388	23.34786797	23.30382347	23.81509209	23.88371658	23.05228615	20.92266846	22.08001518	19.70583534	18.65996742	24.31624031	19.82475662	23.94136429	24.20075226
XP_054974963.1;XP_004621561.1	21.15826225	21.7808075	21.78958893	23.05210304	22.95343971	21.45768738	21.11388016	23.1200161	22.71791458	20.83776665	21.96465683	22.1596489	22.05850792	22.36799622	21.98032761	21.23022652	24.05225182	21.88483429	22.21359253	21.99310303	22.26939392	23.23698425	22.84214783	23.03289986
XP_004621570.2	21.56592941	19.35408783	22.04773331	22.52209854	21.89766693	21.91929054	21.11914635	21.72058868	21.35616875	21.1132431	21.31788254	22.3550663	21.87533951	21.40207863	21.58595848	19.20577812	22.00353622	19.33686447	21.69845963	18.03853607	22.18425751	21.36869049	21.43435669	21.06670952
XP_054994472.1;XP_054994471.1;XP_054994470.1;XP_054994469.1;XP_004621644.1;XP_054994473.1	21.81252861	19.04897118	22.93245125	23.1227684	22.07463455	21.13564682	21.82950592	21.64645195	21.73119545	21.09306908	22.94745827	23.00686073	22.84894371	21.81487656	21.84720421	21.33358192	22.30791473	20.33701706	22.22299576	19.07975006	21.33690834	21.53602028	21.71578026	22.11534119
XP_004621742.1	20.03006744	20.72260475	18.98668098	20.29398155	20.54004478	19.84799957	20.52093697	20.79590416	19.27038193	19.26338959	19.78585243	22.11384773	20.9052906	18.79096413	19.07720566	20.06965256	20.7055645	18.81097412	21.34028053	19.69184875	22.17432404	22.18413544	21.19430161	22.12820625
XP_004621745.1;XP_004621744.1	23.96455193	22.42111206	24.03498268	24.47140884	24.5480442	22.92096138	22.88464737	23.38653374	23.67841911	22.14027405	22.94367218	23.08271217	23.06980896	23.07208633	22.90611649	22.20964241	22.99550247	22.27591515	22.06052208	22.76040268	23.37464523	22.37254715	22.7240696	21.97673225
XP_004621757.1	23.57507896	22.7064724	23.23979759	23.07859802	23.48885536	23.66589928	24.04992867	23.70935631	24.87684822	24.20254517	23.96921349	23.31312943	24.12707329	24.34380722	22.8133316	23.05597878	23.70640755	23.11691093	23.80695534	24.84052467	23.4432888	23.68602943	23.29417801	23.69985962
XP_004621764.2	22.59607506	20.76676559	23.23025703	22.95285225	18.709589	23.40158463	23.48701668	24.12628555	23.94922256	22.89180183	24.29663086	24.08285904	23.74036598	22.88833237	23.74015999	22.69374657	24.43434525	22.7215271	24.04285049	23.67174149	23.87848663	22.18797493	23.83180809	23.21775436
XP_004621810.1;XP_004604949.1;XP_054984545.1	22.12369919	22.527668	22.20173836	22.23139954	22.78658104	20.30852509	22.39199638	22.41508865	22.3809185	22.3780365	22.63136482	22.57302284	22.74151802	22.45384979	22.39131546	21.78624344	21.68987083	22.20203781	21.63626289	20.84015083	20.87282562	20.80057144	22.37861824	21.42644501
XP_004621842.2	20.99838066	22.63763428	22.28398895	22.69962502	22.34878731	22.70929337	20.94592476	21.36287117	21.52568626	22.00963211	18.7965374	20.78779793	19.47949219	20.38741875	21.62214661	19.6489563	19.59573746	18.81182861	20.44983673	18.39937401	20.17207718	18.90537262	19.09235954	18.35513687
XP_004621918.3	21.10149384	19.19408226	21.08076286	23.75429916	19.77408218	20.5777607	20.72525597	20.0801239	19.21170807	18.03018188	21.96416283	23.97035599	22.35684013	19.19079208	22.09722328	21.97589302	22.10942268	19.05178833	22.71833229	18.19750023	21.71586227	19.37269592	19.47628021	21.91892624
XP_004621926.2	19.29570007	21.64552879	21.64592361	21.5206604	21.73500252	18.17970276	22.42680359	19.96194267	19.37130356	18.62681389	18.24251175	21.61956978	20.01870918	20.56941032	21.61512947	21.21329689	19.04924011	18.42891884	21.87844849	21.60068512	23.1826973	19.36149597	18.27708626	21.41395187
XP_004621947.1;XP_004621956.2	29.08512115	26.65184784	27.56165314	27.52110672	27.58075333	29.0588932	29.33513451	27.8365345	28.46111679	29.40486908	28.99706459	28.97054291	27.26669121	27.08830833	28.1387291	27.89104843	26.97956467	28.19366264	28.27466583	27.22177124	28.06907272	27.23031807	27.57484818	28.06835556
XP_004621955.1	22.17056847	20.36868858	19.0692749	19.7355938	21.85403252	21.93225288	22.59080887	21.3925209	21.28336716	22.26204109	20.62479973	21.29977798	21.10066032	18.89734077	20.37188339	20.93135262	18.68182945	17.73286438	20.04566956	19.34181976	19.61837387	20.7689476	20.45753479	21.04099655
XP_004621998.1	26.51198578	22.40530396	24.80262375	24.84302139	23.46226311	24.63328362	21.06736565	20.10641479	22.78486633	21.46513176	21.69536209	21.80041313	19.79060555	20.76708794	25.58992195	23.33619881	23.15705872	23.29852104	21.12735748	18.95887566	24.23344803	22.54469872	18.15064621	23.09548569
XP_004622075.1;XP_004612412.1	22.47355461	22.01828384	22.02529716	22.7442112	21.9283905	21.5724678	23.0084362	19.76462936	20.15684319	21.30502129	23.30799866	22.45209122	22.29681396	21.89796257	19.12398338	21.16631508	20.87552834	21.53824806	18.84879112	20.98085022	22.77824211	21.67607498	22.59265709	18.97335434
XP_054992152.1;XP_004622274.2	25.70178986	25.48569679	24.99993896	25.84897614	26.29180908	24.54462814	24.60438919	25.77545166	26.05181694	25.26735115	25.89970589	26.2588253	26.00341797	25.33861542	25.30952454	26.07159042	26.27075958	25.89481163	25.8365593	25.89709854	25.68549347	26.2818718	25.54085159	25.9474411
XP_004622775.2;XP_054984622.1	21.8194828	20.76846313	22.14158249	21.28489113	21.0230999	22.16106415	21.97067261	21.91801643	22.74864006	21.95532036	21.65866089	18.48548317	21.68440247	18.74307632	21.47852516	22.29252243	20.23350716	21.03160477	19.62474823	20.99320602	20.80671883	18.90550995	22.80443764	21.26138115
XP_004622795.3	19.85781097	20.4888382	17.55981064	20.20764923	19.80931282	19.50509644	19.74575233	19.38641739	20.342062	19.51439476	20.13910294	21.3507843	19.33934402	19.57881737	19.38393211	19.26738739	22.00874329	19.83304596	21.66851997	20.74706268	22.72579765	20.57846832	18.96756363	20.78068733
XP_054982313.1;XP_004622918.2;XP_054981388.1	22.26358986	22.53692055	23.61728477	23.43377113	23.51255798	23.59753036	22.34231758	22.99577904	23.24278069	23.02825165	24.05440712	23.4314785	22.91963577	23.18868446	22.82162666	22.86657524	23.51195526	22.49923515	23.71973228	23.49118233	23.52575874	23.24359512	23.18974113	24.26670837
XP_012787227.1	20.46383476	19.04577637	21.64438438	19.44637299	19.2010231	20.52831268	21.16980553	20.05920219	22.13589668	19.47377205	23.73696327	19.99161339	19.15301323	19.08030701	21.39681244	21.63577652	18.46213531	19.39920235	19.44451332	19.6345253	19.22351265	19.62168312	21.23858833	20.35487747
XP_012787351.2	24.52384567	23.45563316	25.53830719	24.25702667	24.55215454	24.69731522	25.17157745	25.22011185	25.67903709	24.49381065	25.84852219	25.27526093	25.28732491	24.63228607	25.35763168	25.08452225	24.29487991	24.89536667	24.76197624	24.60557747	23.80055237	24.36873055	24.87951469	24.39263916
XP_012787360.2	20.80325508	18.2157917	21.84888649	19.23551369	19.7964859	19.86787033	21.15739822	21.05768204	21.69659424	21.51354599	20.29389763	21.74176407	21.74114799	19.72649193	21.04306793	18.58181763	18.65980721	17.916502	20.02038765	18.71763992	20.33810616	18.58740997	20.88903809	19.16199303
XP_012787530.1	21.81413269	21.13677406	20.34472847	21.37220192	20.78954887	20.66631126	21.48856163	20.92983627	21.22305489	21.56527901	21.35949707	19.39823341	21.18821716	20.91502762	21.81456375	21.33881187	24.28164101	21.21169281	21.25349617	20.93293762	22.88810921	21.23040199	21.00387955	20.98884583
XP_054997262.1;XP_012787549.2;XP_055000372.1;XP_054995814.1;XP_054980557.1	24.65053368	25.5482502	24.36299133	25.14604378	24.38706017	24.62030792	25.94033241	26.27303886	26.12490654	24.82682228	25.85083771	24.61076736	25.29042244	26.28876877	25.70864677	24.30577278	24.98724174	24.89045715	25.14234734	23.93364143	23.91195869	24.80405235	25.28266716	24.8071022
XP_055000769.1;XP_055000768.1;XP_012787666.1;XP_055000770.1;XP_004606232.1	19.98067665	22.80956841	20.16589737	20.92455482	22.18028641	17.80511856	21.75372696	21.58559227	21.59491348	18.57609749	19.01163864	22.33158684	22.02843666	19.55882454	19.35054016	19.05482674	20.60440063	20.55171967	20.29527092	19.24063492	21.54401588	22.06072044	21.71137428	20.95688057
XP_012787729.2	19.26268959	19.1531601	19.31488037	20.34613037	18.83801079	19.65604401	19.66139603	19.59032631	20.28376198	19.8465004	20.31173706	20.46830368	19.51007271	19.65139008	18.37298775	19.77991486	18.4534359	19.59385681	19.59709358	19.66792488	20.07574654	19.54291344	19.55001831	19.5159893
XP_012787801.2	20.10520744	18.42465401	19.13593292	20.56111717	20.88997841	20.22079659	20.08524513	20.11438751	19.03791618	19.35823059	19.51675987	19.98160362	18.07526398	19.44648933	19.42180824	19.38627815	19.06900597	18.70962143	18.34912491	17.36389351	19.92694473	20.1049366	20.5082531	18.90144539
XP_012787843.2	18.70381355	19.3505249	22.22349548	22.81915283	19.70721817	18.58213425	19.33603859	18.89852524	20.94913483	20.81245041	20.87814903	20.24956703	21.67616081	19.22074509	22.29902267	21.56838989	22.62312508	21.30357361	21.60399437	21.40062141	22.13980484	22.18489265	23.47889519	23.11621475
XP_012787942.1	25.56616211	24.82546425	25.80587387	24.29340744	24.6332283	24.39689064	25.40347099	25.00787163	23.91067886	24.41525459	24.90196228	24.13492584	25.4236145	23.48664856	24.26413345	25.06196404	24.24843788	22.84985924	23.54333115	22.37647438	25.30834579	24.66736221	24.05771637	24.90168571
XP_012788006.2;XP_055002322.1;XP_055002321.1;XP_055002320.1	22.06345367	22.08449745	22.33685303	22.26416206	18.48224258	21.86581993	22.10027504	22.27446365	22.95082474	22.15573311	21.94567299	21.77330017	22.084692	19.96584129	22.60808372	20.12043381	21.51277542	19.07290459	19.53494835	19.27750778	22.12423706	21.43750954	21.8060894	20.55618477
XP_054976861.1;XP_054976860.1;XP_054976859.1;XP_012788038.2	21.91163063	18.67011642	22.24435043	22.67536354	22.28593636	21.25072479	21.73293495	21.85764313	22.2189827	22.18743134	21.84341431	22.11015511	21.95244408	21.92734337	22.61225319	22.41645432	22.93355179	22.26310158	23.23901176	22.95109177	22.21833229	23.44569016	19.99167633	23.53409576
XP_012788261.1	24.99265289	23.6506424	25.67068672	25.45387459	25.03896332	24.80891991	25.25151253	25.10221481	25.53207588	25.32027435	25.49750137	25.16307831	25.69537926	24.31257439	25.16882706	24.7844162	24.50621414	24.88040352	25.39388275	25.18408203	25.33705139	24.86471558	25.52444458	25.22887039
XP_054988831.1;XP_012788435.2	23.98468018	22.43623924	24.2669239	22.84015083	22.93048668	22.6654644	22.60379028	22.49096298	22.41449356	22.50106049	23.15027237	22.52391815	23.59126472	21.96448135	23.3334713	22.69219398	22.3858757	22.54851341	22.48743439	21.9810257	23.69115067	22.11530876	23.02907753	22.62618065
XP_054988830.1;XP_012788441.1	19.00008774	20.9761734	21.43959236	19.95692062	18.80895615	19.12138176	19.46628761	20.57413101	20.76789665	18.89001846	21.47224045	20.44909668	20.65839958	20.21181297	20.63529015	19.68457603	20.07313156	21.0146122	20.05589676	19.84317207	20.18301582	20.5937233	20.99403572	22.00405121
XP_012788707.2	23.29796028	22.22987556	25.10840988	25.60769463	25.32597923	22.97589302	23.05241776	23.59718895	23.29052734	18.51296234	24.47624016	25.64061165	24.11925697	23.65567398	23.28602028	23.42213821	26.36193657	23.77976608	25.5124073	23.5460434	24.75923538	25.15719032	23.83441353	25.82803345
XP_012788809.2	24.89055061	24.16875076	24.66535759	24.19264793	23.80695534	23.85290909	23.97753525	24.32258034	24.06307602	23.09169769	23.70851517	23.80252457	24.09796333	23.11848068	24.03615761	23.61548996	23.03940773	23.76233101	23.52528	24.03044319	24.11592865	23.9203434	24.10828972	24.3303299
XP_012788836.2	19.82819939	19.78824615	19.46750259	21.13721085	21.30000114	19.49921227	19.41088104	19.02528572	18.69028091	17.98595428	19.73963165	21.18785477	20.18144989	19.3151989	20.12022209	20.9263649	23.35796738	21.53312302	22.99101067	21.09518814	21.40883064	22.56657982	21.82896423	22.74960136
XP_054979684.1;XP_012789209.2;XP_054979685.1	21.64803314	20.89459801	22.93050385	22.47993088	20.7492733	20.79899025	19.17976379	22.76884651	20.16447449	20.12641144	21.80589294	22.3897934	22.15192986	21.50697708	21.2482357	21.58623314	23.27184677	21.58719444	23.56360435	23.60104942	21.80143929	25.4913044	23.59889221	22.05536652
XP_012789659.2	19.1275425	19.79455566	19.41257858	19.34851074	20.5831356	19.77566528	18.90191078	19.68005943	20.4846344	19.73817253	20.40623856	21.6568737	20.30619049	19.9377594	20.00744438	20.3987999	19.33086967	20.252285	20.17972755	19.13696861	23.46699905	20.69843674	20.6284523	19.89263725
XP_012790028.1	23.66784859	24.32697487	23.28277206	22.64180756	22.99472618	23.69848251	24.48228455	23.94779778	23.74067497	21.98081589	24.26513481	23.5866909	23.79044533	23.68773842	23.64118958	19.56204796	23.32484818	22.29061127	22.49260139	21.65922737	23.19228745	21.91287231	22.71208954	22.69474602
XP_012790124.2	23.58909416	23.52623749	24.29495049	23.45362473	23.97018051	23.91570282	23.90076447	23.56220627	23.43999672	23.97473717	23.19720078	23.19367027	22.81270409	22.79796219	22.99896622	24.13868141	22.6399765	23.29487991	22.70028305	24.0484314	23.98901939	23.89384079	23.79143906	23.31975746
XP_012790154.2;XP_012790153.2	18.51371956	19.1932621	18.97706604	22.95233727	18.61104584	20.07221603	19.63706017	19.44198418	21.95808601	20.3177166	23.57623291	25.72658157	20.60195541	24.20456314	20.7012558	21.50639725	24.19370079	21.85365295	24.03355408	18.99909782	22.04096222	23.4247036	22.57341576	24.02766228
XP_012790357.2	21.54458237	19.39173889	20.61593819	19.84045029	20.57440948	19.46108437	21.10110855	21.85247231	22.29471207	21.60891914	21.83603287	21.35245514	21.64504433	21.27554512	21.92972755	19.49716187	18.3703804	20.38669205	21.59968758	20.11425018	21.98304558	21.60986519	22.32660484	21.913311
XP_012790362.1	21.83753586	22.36892891	20.28579521	21.22340775	19.69367027	21.84456253	23.25001526	21.95155525	21.42941093	21.96592522	23.58680534	19.92220688	22.66631126	22.80561829	23.22796631	21.59650612	19.23040009	21.49414063	21.15511513	19.38793564	23.44556427	22.85648537	21.93423462	21.30435371
XP_054999402.1;XP_054999401.1;XP_054999400.1;XP_012790433.2	24.84445763	24.41602898	25.17881203	24.20321846	24.10149384	24.50087738	24.05125618	24.29403877	24.34631348	23.27497673	24.15205383	24.12265778	24.53302765	23.5775013	24.22000122	24.26849365	23.01960754	23.91661263	23.74211502	23.99670982	23.88203621	24.85214806	23.80262375	24.62002945
XP_054988340.1;XP_054984108.1;XP_012790515.2	22.32055664	26.16633797	22.60154724	20.2852993	18.81180763	22.44192314	22.96777344	23.79778481	22.57780075	21.96165657	22.03738022	22.15174294	22.64805412	21.88929749	21.77888489	20.9932766	19.03248215	26.24604797	21.33532715	21.38653374	21.51696396	19.33994865	21.88218689	19.74199867
XP_012790549.1	21.42685509	19.67266083	21.5976429	23.78556442	22.74728775	21.04119682	21.05344582	20.64895439	21.27087784	20.20060158	21.531744	21.17359161	21.30680275	21.58361816	21.03697777	20.97119904	22.35240173	20.70674515	21.81515121	19.11077881	22.07959175	22.15943336	21.8302021	22.54672623
XP_012790595.1;XP_054994520.1;XP_004619306.1;XP_004619304.3	21.22323036	21.43374634	21.76032257	21.52611732	20.8512516	20.97596359	21.03375626	21.00710106	18.75629616	21.71879196	21.35638237	21.28297043	21.11870193	18.77789879	21.67624664	21.39115715	18.23017502	25.87443542	21.14600372	22.95859909	22.47891998	19.61618423	20.18123436	21.52391815
XP_012790619.1;XP_054996473.1	22.69038391	21.95893478	22.81926918	21.67443657	22.22914124	22.08848381	22.58320618	22.28726196	22.35040665	21.97571754	22.43063545	22.62062073	22.85764313	22.27571487	22.54757309	22.36040688	21.36810303	22.1675415	22.96391678	22.71416664	22.88444328	21.53212357	22.57475471	22.44879341
XP_012790764.1;XP_055001596.1	19.9120903	19.07789803	20.37113762	20.72350693	20.70800972	20.15363121	20.32278633	21.30212402	23.37132454	21.68598557	21.26470566	22.05903625	21.22799683	21.2617836	21.10328865	21.36938286	19.55567932	20.64165306	19.96112823	19.68566895	20.09815598	19.92333603	20.77747917	19.82995415
XP_012790775.2	20.18362045	19.51857948	20.95688057	19.86907959	20.19508362	20.28619385	20.10593987	20.53537178	20.44895172	19.46501541	19.13792229	19.4325943	20.73001862	20.1066494	18.06602097	19.47559929	17.61552811	18.69453049	20.31612587	19.54235268	19.29271889	19.07390976	19.12196922	18.27906609
XP_012790832.1	22.30919266	21.64420891	22.24817848	21.13602257	21.43410301	21.57551765	22.68356705	22.59007645	23.19020844	19.47174263	22.04086304	23.65305138	22.03707886	23.44101143	21.94756508	20.81075668	18.64501762	20.51219559	21.81718254	20.34689522	21.72957802	22.07832146	21.6637516	18.79115677
XP_012791250.1	22.11457825	19.4727459	23.5637207	24.15930939	23.64998436	22.40600395	22.40675735	23.59479904	22.99514008	20.59577751	24.09538841	24.77404404	24.6537075	22.54193878	23.70091629	23.06455612	23.71198273	20.61090279	23.74816895	19.06820679	22.56811142	23.30605125	24.02512932	24.27589989
XP_012791254.2	19.20309067	21.49974632	22.4788208	23.28107452	21.27571487	20.44283485	21.10027504	21.75221634	21.07828903	19.70698166	22.33164215	23.43898201	23.19349098	22.66053391	23.55859184	24.08812714	24.56796074	22.36671638	24.55215454	21.14071083	24.0977211	24.70255661	23.57091713	24.22986031
XP_012791329.2;XP_054988691.1;XP_054976373.1	22.35374832	24.19264793	22.15165138	22.20269585	21.51455879	23.1672039	23.55438232	22.96292877	23.49326134	22.60281754	22.27452087	21.87586403	21.41962051	21.80950928	22.41053963	21.14935684	21.24945068	21.16662216	20.35110664	20.42951393	20.15500069	20.65263557	22.25450706	21.73867607
XP_012791385.2;XP_054982504.1	22.50729179	22.91248894	23.13772774	22.43735695	22.08647537	22.69076729	23.06623268	22.24861145	22.71021843	22.66379356	21.91163063	22.11136627	22.44614601	21.93210983	22.21059418	22.27139091	19.89359093	21.23771477	21.42536926	21.78970909	21.77591324	21.62524414	22.25265884	21.79221344
XP_012791502.2;XP_054984395.1;XP_054984396.1	19.15913582	18.47148514	19.77437782	20.06508064	19.96550179	21.3687439	21.1467495	21.26149559	22.1000824	21.07489586	21.08206367	20.0276947	20.60240936	21.53221893	20.67848396	19.42527771	20.22623253	19.65716171	20.80443764	20.39110565	20.5943203	20.87214851	21.34435081	21.59126472
XP_054988447.1;XP_012791550.2;XP_054980412.1	26.03527641	25.38175774	25.97252655	25.25414658	25.75325394	25.59579468	25.86943054	25.77042007	25.66063118	25.78456688	25.92340851	25.07210159	25.48701668	25.26280785	25.32803726	24.21800613	24.29508972	24.58118439	24.39780426	25.26065636	24.52199173	23.98893166	25.0936985	24.23007965
XP_012791623.2	22.25430489	23.15995598	23.21391869	23.21209526	22.51260567	22.32506752	22.15604019	22.60507965	22.19081116	22.06585503	23.2734127	23.16246414	23.17163849	24.28827667	23.03508377	22.40150642	21.5922699	21.73710823	23.07367134	20.68388939	22.6079483	23.20411491	22.66986084	22.92039871
XP_054983482.1;XP_012791634.2;CON__ENSEMBL:ENSBTAP00000031900	19.62044144	19.40725136	25.19212151	18.74599648	23.22059059	20.23619652	19.43285942	18.80404282	20.56240273	20.35003662	19.09090042	20.1146431	18.93624878	19.65195274	21.99855232	24.95513535	20.37729454	20.49032593	19.68692589	22.15755272	22.7473278	19.88467789	21.49789619	20.94749451
XP_012791641.1;CON__Q29443;CON__Q0IIK2	27.45151901	26.30883026	26.91330719	26.05513191	27.84923935	26.86655617	25.69317245	25.6595974	25.72961998	26.92116165	24.83098602	25.83867645	25.15089226	25.05928421	25.31260872	26.76420593	25.67790794	25.8448658	25.71279716	28.13736153	27.23086739	26.34550095	27.56739616	27.01190567
XP_012791658.2	20.30785942	19.73122597	19.29533195	18.45615959	20.3350544	20.9731617	19.55060768	21.99834633	18.44630623	21.70028305	21.63480186	17.9001236	20.38231277	20.34093285	22.44995308	19.03485107	19.86201859	20.30184364	19.82941055	21.46961021	21.14917183	21.01079369	19.24697495	18.97416115
XP_012791660.2	25.04201508	23.49814034	23.84201431	23.59718895	24.19008827	24.83874702	23.32113457	23.50081635	23.18234825	23.95659828	21.95009613	22.00456619	22.83940125	22.88114166	22.52647591	23.97753525	22.51886177	22.78142738	22.41815376	24.8285675	23.86617851	24.2666378	23.20199203	23.90903091
XP_054973897.1	25.32656288	24.56139183	25.88215446	24.11275101	25.15819359	25.04531097	25.0729599	25.48575783	25.14584923	25.26570702	26.17936325	25.17866135	25.51499748	25.48928452	25.84002113	25.39780426	24.81636238	24.96947861	24.82250214	25.06307602	25.24691772	24.69858742	25.73647308	25.37208939
XP_054973928.1	25.96404457	26.18716431	27.10609436	27.0494709	27.00806427	25.28015518	25.7665329	26.30844879	26.31703377	25.83564377	26.35130882	26.2691555	26.39096832	26.02926445	26.81836319	26.1716156	26.10383606	26.03565407	25.90400887	25.94924545	26.30464172	26.4052906	27.35447502	27.02157593
XP_054974069.1;XP_054974067.1;XP_054974066.1;XP_054974070.1	23.57184219	21.18107414	22.43438339	21.51806831	20.45512962	22.84398842	23.61683655	23.35447502	22.71082878	22.21486855	22.95201683	20.91633987	21.34136772	21.86525536	22.82351303	22.73260307	22.03264618	21.89096832	22.48224831	21.90811539	22.57336807	21.59968758	20.96395111	22.86816025
XP_054974079.1	21.55973625	18.46448898	20.83915138	20.13733673	18.63983727	21.72421646	22.01842117	20.39724541	22.51277542	20.89940071	20.61405182	18.78710556	18.94377899	19.48376656	19.71755791	20.09493828	18.81118011	19.08454514	20.60539627	18.62081146	19.82494545	19.83965874	18.95797729	20.24097824
XP_054974113.1;XP_055002428.1	25.37822151	25.18835258	24.73101807	25.15776825	24.45324707	24.9019165	25.99118423	25.84167671	25.67583656	25.08808708	25.48529816	25.421175	25.75603104	25.72249603	24.37285233	24.2237606	24.36359215	25.30448532	25.35144424	24.63876152	24.14468193	24.40969849	24.95482445	24.65239334
XP_054974119.1	19.43717384	18.76081085	21.42049408	20.39728165	20.43226814	19.17733192	20.97449303	19.80476761	20.41517448	19.25518227	20.77756119	19.10704613	22.23230743	19.16338539	21.52707291	19.57224464	18.36920166	20.24968338	21.67413521	19.96141052	19.70512009	20.05245209	20.30162048	19.78131104
XP_054974128.1	24.17759705	21.05992889	23.22624779	23.1293869	23.71920967	22.55379677	22.41905403	19.19698143	20.9516983	22.19520378	19.23418236	21.47501564	19.99424362	20.10635757	19.55727005	19.66285515	19.4470787	18.98904991	18.83898163	24.26456261	24.2343998	21.85984421	24.78366661	22.90418816
XP_054974158.1;XP_054974157.1;XP_054974156.1;XP_054974155.1	19.4158268	18.83930397	21.17444611	21.23251152	21.2504921	18.31027603	18.94598007	20.39183998	20.12374306	19.58574867	16.44457817	20.64112473	18.90909004	19.4577179	19.84013557	19.9452095	22.23835564	19.40499115	21.40312004	21.21839142	22.35501289	23.75256348	21.51031494	19.97729111
XP_054974174.1	19.68452644	19.15429306	16.86241913	20.90653801	17.85702133	18.29006004	20.2518692	20.38853073	19.7485218	19.28417397	20.31595039	20.48993492	19.47273827	18.98014832	17.57666206	18.99424362	23.96833611	20.30719185	22.37755966	18.5303154	21.36671638	22.40135002	17.94968987	23.28517342
XP_054974195.1;XP_054974194.1;XP_054974193.1;XP_054974192.1;XP_054974191.1;XP_054974189.1	22.1193676	18.32445335	21.34640694	21.2983799	20.95290565	21.45573235	22.03473091	21.45723724	21.47303391	19.41358376	21.38305664	21.84609413	22.37225533	21.02647972	21.02580452	21.14513397	21.02431679	22.10040283	21.84456253	22.11737251	22.09342384	21.53696823	21.3731575	20.96944237
XP_054974196.1	20.31185532	19.97460175	18.45410728	22.49189186	21.90668488	20.21892357	20.83012581	21.67710686	21.17139435	19.13508987	20.69166183	19.91827583	19.5903244	21.5937748	20.54849052	20.26258659	19.48971176	21.42136765	21.63489151	20.72342491	19.40159607	21.15542412	21.70450974	22.30491066
XP_054974212.1	22.4129715	20.6157589	23.77404404	22.40408325	22.73044777	18.88279915	19.99447823	19.56428337	18.85972977	18.75776863	19.0436058	20.361763	18.62337112	19.53112221	21.57427025	21.8933773	19.58013153	18.48286629	19.13376617	24.13147736	23.12322617	22.19041824	22.59402466	23.10248756
XP_054974239.1	23.42867088	22.93149567	23.62477684	23.52969551	23.01014519	23.01656914	24.08642769	23.26713753	23.59843826	23.28700829	23.97849655	23.89726067	23.84038162	23.45249367	24.62293434	23.61672401	24.03598976	23.38784981	23.34014511	23.5731144	25.68340683	23.42111206	24.64921761	23.96798325
XP_054974272.1;XP_054974270.1;XP_054974269.1;XP_054974268.1	23.42367744	23.02394485	22.42774963	22.32333565	22.07365608	23.0663147	23.2606926	22.94216919	22.77709961	22.052351	22.56006241	22.31102371	22.75928688	22.16333961	22.65285301	19.36879158	21.55130959	22.28852844	21.51060295	20.35635185	20.00234604	21.416996	18.46120453	19.82479095
XP_054974273.1;XP_012789493.2	24.47562027	24.2131176	24.69535255	24.4187336	23.85699844	24.43987083	24.38099861	24.71030235	25.09188461	23.86947823	24.52187157	23.82308578	24.14102173	24.18336296	23.77836227	23.96022606	22.67167664	23.63023186	23.80311584	23.44088364	23.45324707	23.9343605	24.19091606	24.04701805
XP_054974339.1	21.75698853	19.31043434	23.44050407	24.67976189	23.49460411	20.4129715	22.25081062	22.63573265	22.07169342	22.51857376	23.42572784	24.03791618	23.48787498	22.06962967	22.67585945	23.26155281	25.45685387	23.61076736	24.7564373	22.25312233	24.72014999	24.97364426	24.38278008	25.12004852
XP_054974365.1;XP_054974364.1	25.3352108	24.3898201	25.16783142	24.57871056	24.63422585	25.22486496	25.53966904	25.43723679	24.87764359	24.76617813	25.58431244	25.64746284	26.03338623	25.43310356	25.30284882	25.29824066	24.40229988	24.9025135	25.1382122	24.8700428	25.86381912	24.3085537	25.16901779	25.54200363
XP_054991965.1;XP_054974366.1	24.47016907	23.25767517	23.40911674	23.15861702	23.23654747	24.0921669	23.77615547	23.78626251	24.30472946	24.25140381	23.17035484	23.80272293	23.52504158	23.43669701	23.39871788	23.68827248	22.55168533	23.23289299	23.53824806	23.10125351	22.97531509	22.778162	23.68538666	23.16129494
XP_054974382.1;XP_054974381.1	22.0043602	21.19044876	23.56220627	24.49258995	24.28679657	22.40228844	21.68320274	22.08320045	21.74935532	22.18313599	23.33551788	24.49197769	22.59190369	23.13417435	22.26169586	23.57680893	25.9777317	23.46413422	24.93093681	22.71156311	24.55596161	24.75266647	22.72044182	24.80193329
XP_054974400.1;XP_054974399.1	19.68456459	18.50305176	18.52301979	19.88892555	20.48709106	18.09703636	20.08602142	20.53914833	19.15369606	19.79456329	18.83473969	19.04289055	19.54797935	19.45843315	21.78528404	19.83565521	21.6578331	20.10903931	19.21449852	21.13056564	20.89156151	19.87058258	21.2877121	20.05470467
XP_054974403.1	21.63435936	21.02248955	19.21271515	21.23637199	20.32970238	21.36083603	22.03985977	21.9261837	22.80719185	20.71305466	21.96722794	20.57228279	21.25170708	21.10027504	20.41059303	19.57236862	19.49632072	20.6766777	20.89496803	21.46836662	19.3050766	20.39079094	19.90636635	20.44576645
XP_054974518.1	21.92495346	18.94687462	20.71841621	20.80043221	23.10702896	19.27434731	21.0663147	21.29541206	19.95020294	18.91192055	20.65483284	19.71727943	18.32086372	19.49165344	20.83083534	21.84712791	23.0506916	18.22838593	20.02553368	23.9996376	19.95516586	18.62254143	21.46158981	23.49862671
XP_054974519.1	23.04939651	20.51902962	25.09442329	22.77211189	23.48443794	22.791996	22.71059799	23.53730011	23.13968086	23.79044533	22.22320175	23.72088051	24.50802994	22.5314579	21.41622162	19.76459694	20.43613815	21.59545898	22.54165459	21.41142082	21.15258026	19.80337143	22.78268814	21.69506454
XP_054974526.1;XP_054974524.1	21.48266602	18.21824455	21.46836662	19.52465248	19.18298721	20.35745811	22.4200325	22.03972435	21.38305664	21.39743805	21.8767643	20.53507042	20.45673561	19.30719566	20.82088661	19.74902725	18.04505157	18.9772644	20.49716568	19.67341995	19.7712326	18.83961487	19.57030106	20.85224342
XP_054974623.1;XP_004613286.2	18.95614243	18.84711075	23.07136536	23.05958176	22.7130127	22.6803093	17.96440887	22.74065399	22.55304527	19.06538582	22.74716377	22.85563087	23.14861298	22.65682983	23.25263023	22.96315765	23.17414093	22.86985397	22.0145092	22.35643768	24.2609787	21.88084221	22.56743813	23.72930717
XP_054974678.1	24.32937241	24.21578598	25.85066986	26.05357933	25.76726532	23.94109535	23.99455452	24.98376656	25.06476212	24.65097046	23.95996094	25.56894684	24.2550106	24.46662521	23.85157585	23.74550438	24.50330544	22.94451332	24.73112297	19.64253426	23.77866364	24.0610981	24.22949409	24.31292152
XP_054974746.1	25.30962944	25.77502441	25.22868729	24.71460533	24.25652313	25.39312935	25.29932404	25.32680321	24.48750687	25.41041183	26.39283562	25.36419487	25.448246	25.93136597	25.01780128	24.41079903	25.44704819	25.15394783	25.19321251	24.69620132	25.2257843	24.89300728	24.9542923	24.0263958
XP_054974810.1;XP_054974809.1;XP_054974808.1;XP_054974807.1;XP_054974806.1;XP_054974805.1;XP_054974803.1;XP_054974802.1;XP_004609568.1;XP_054983916.1	22.81487656	21.55018234	23.55543518	22.89018822	23.18022537	22.30999756	23.06529617	22.81017685	23.26656532	22.68309593	22.29989052	22.77315903	22.61802483	21.96388054	21.91583061	21.87691498	22.38690186	21.73032379	22.42567635	21.92150688	22.6289196	22.07747459	23.05687332	22.62214279
XP_054974894.1	23.87792587	23.39845657	23.88864708	23.3194828	22.48672295	23.20229149	24.00564575	23.00118446	23.32471085	22.58751488	23.6404171	23.53290939	23.77253532	23.43135071	23.18490791	22.83603287	22.30657959	22.84243584	23.13842964	23.06300926	23.06555939	23.62656021	22.7923336	23.06136322
XP_054991941.1;XP_054974935.1	25.39388275	23.99774361	25.06488609	23.44177055	24.40269089	24.72660828	24.91583824	24.78686142	24.69040489	24.80434799	24.84890556	24.11378479	24.86079216	23.29557991	25.40551758	24.33878517	22.664814	23.17510033	23.44859314	18.52699852	24.03682709	22.7604847	22.77695847	22.14419937
XP_054974940.1	23.21960258	23.07282066	23.74806595	24.04226494	23.72098541	22.63424873	23.73479652	23.5961647	23.71429253	21.75751686	23.79699326	24.20052719	23.98789215	22.3754673	24.45888901	22.33981895	22.74484634	21.74616051	22.55620766	21.64213753	22.9022007	21.89954948	24.37431335	22.81137276
XP_054974967.1;XP_054974980.1	19.31470871	18.83272362	19.89780617	21.10162163	19.58763504	19.37566376	19.79773331	20.82741356	20.58966637	19.0232296	20.98551369	24.48363876	20.7351265	21.33734322	20.32893372	19.21247101	22.86098099	19.15853882	22.15746117	19.15315056	20.89156151	22.1526413	21.78488541	22.50411797
XP_054974995.1	19.46199989	19.4562664	21.84705162	22.50358582	19.71757889	19.81526756	21.70796776	19.86061668	18.92584419	19.71854973	21.54745483	24.35507965	22.87173462	20.61791229	19.06145287	19.21266747	18.82052803	19.7567997	18.88707352	18.86052513	19.71529388	19.30648041	18.95960045	21.23748016
XP_054975002.1	21.77289772	20.49833488	23.55062866	23.9210701	22.7830677	22.03855324	23.08056831	22.12031746	22.80165672	22.23785973	23.37012672	23.5522728	24.0284214	22.65761566	22.99757195	22.33992767	23.48443794	22.52391815	23.03387451	22.00151062	22.29963875	22.04243279	22.65169334	23.32731628
XP_054975003.1;XP_054975004.1;XP_054975005.1	19.51920509	18.99048615	19.29609108	19.84907722	18.78866959	19.28032303	19.46676064	19.262146	18.69065857	20.08976555	18.07657433	18.68904305	18.83438301	20.26394463	20.84651566	22.91128349	22.72608757	20.41606712	22.58966637	21.44166946	22.89176559	22.93403625	20.75955009	23.39937019
XP_054975076.1;XP_054975075.1	19.57235146	21.05337906	20.78164864	23.10408783	20.77128601	20.31030273	19.41464424	21.67658997	20.81323242	21.40711975	22.16263199	23.32374763	21.51398087	22.03808403	21.54712677	22.30309868	22.20275497	21.59172058	23.5308857	20.30385208	22.86442375	23.41673851	22.80516434	23.61997223
XP_054975084.1	18.58476448	19.07966995	19.36502266	19.55451393	19.89513779	19.48636436	20.32566452	18.09007263	19.73106766	19.22793198	18.97774696	20.13175774	18.36584473	19.44372368	19.10308266	19.13900375	19.69282532	19.64122581	19.5508213	20.02715492	19.82250595	22.22051811	19.20152855	18.65574646
XP_054975093.1;XP_054975092.1;XP_054975091.1;XP_054975090.1	21.18984604	18.82819939	19.17440796	19.19519997	20.5402832	20.48540688	19.75377464	21.46727371	21.15350723	21.14170837	18.67490578	22.36573029	20.69302368	21.61180305	21.28025436	18.58697891	21.42085457	20.88636017	20.35791779	20.22804451	19.8269825	20.62926102	21.5475502	18.25041199
XP_054975185.1;XP_054980595.1;XP_054980383.1	22.63920403	19.1184082	22.06256485	18.43782425	19.24716377	21.66821671	23.4921608	21.00250816	22.17450714	21.63697243	21.74267006	22.54969025	23.30284882	22.24339104	21.17627335	21.37166977	18.08363533	18.82431984	22.40559006	19.30322838	20.29232597	18.90442276	20.25845146	22.17970848
XP_054975191.1;XP_054975192.1;XP_054974632.1	21.19922447	21.34375381	21.20901871	21.13696098	19.93545914	20.91816139	22.19472313	22.31285286	22.10549545	18.51166153	21.19442177	21.12148857	20.87792587	21.12161446	21.77430534	21.03825188	20.92730713	19.12249565	20.69191742	18.24383163	21.6167469	21.11114311	21.51103783	21.33946419
XP_054975194.1	28.03737259	26.80648804	27.60470009	28.00066948	27.31319809	26.80156326	26.85269547	27.30513	26.84146118	25.91622543	27.63498688	27.76938629	27.80057716	27.23608017	27.22554588	26.95537758	27.76988983	26.91147995	27.79909515	27.19807434	27.61055565	27.9402771	27.28268433	27.97147369
XP_054975227.1;XP_054975228.1;XP_054984614.1	22.93423462	22.23666382	22.07933044	19.06663895	21.72325706	22.66951561	22.57837677	23.01386261	22.55421829	22.41918373	22.54151344	22.67921448	22.1142292	22.08666992	22.04273415	21.56774139	22.37983513	22.14152145	22.2320137	22.10460091	21.98707581	22.06450653	22.65103722	22.16781616
XP_054975254.1;XP_054975255.1	22.85378456	21.34781456	23.338377	23.97875786	23.19013214	20.19784546	22.59811974	22.44876862	22.43837357	21.65197754	22.71554947	23.88063622	22.64361382	23.2331562	22.75613213	21.79899025	23.52193069	22.2779007	23.65534592	22.26662254	23.11822701	23.26756668	22.75150299	23.52217102
XP_054975368.1;XP_054975369.1	22.60148048	21.66800117	22.3062458	22.28189659	21.94763756	22.67450142	22.86156845	21.42629051	22.94665527	22.22446823	22.32948112	22.09074593	21.84731865	21.83387375	21.66713333	21.59149361	21.02133751	22.31705475	22.08410835	22.05830956	21.54910278	21.79990005	22.23809242	22.18159103
XP_054975376.1	22.80218887	19.95020294	20.14307976	19.76661301	22.01362419	20.89629936	22.35858536	20.07557297	20.03672981	21.68530083	20.32970047	18.13259697	19.04351044	18.86727142	18.97510529	19.7788868	19.17797661	19.81003571	19.88041496	20.18481064	18.79633904	19.71744347	19.5933342	21.93653679
XP_054975406.1;XP_054975407.1	21.69115067	18.18250847	21.46831703	19.854105	19.6438427	22.31188202	22.6102047	22.06394768	21.40831375	20.17072487	20.22211075	18.36969185	18.27375984	20.70074844	21.38837433	19.34448051	20.82026291	19.88159752	19.82366371	19.78312492	21.32256699	19.5484333	20.20060158	18.78144836
XP_054975469.1	18.89099312	18.62732124	19.98759651	20.22360802	19.23250008	19.23224258	19.70591927	20.05470467	18.33149338	19.29136086	20.29131508	21.24968338	19.74811554	19.2949295	18.70505905	19.00305748	24.57103157	19.097332	19.85481644	19.0998764	21.81593132	24.26054955	19.31557655	21.53696823
XP_054975488.1	24.81733894	23.64504433	24.78421593	24.63715935	24.4895916	23.99023056	23.99127007	25.48523712	23.89374733	23.40626335	26.56174088	26.24615669	26.29608917	24.250103	24.24437904	25.20791626	25.09168243	25.22743797	25.71748543	24.57403946	25.12143326	24.57957458	24.43262482	25.06657028
XP_054975562.1	24.41931152	26.46305847	25.29316139	25.29473877	25.93645287	26.47725868	25.63308907	24.87577057	25.34309578	26.48718452	25.85523987	26.23139954	25.66763306	25.71850395	25.19873047	25.30462456	24.32834435	25.02888489	25.00949478	26.16036797	24.74000549	25.94900131	23.40859795	24.84460068
XP_054975568.1	23.96930313	25.05316353	24.79357338	23.77001572	24.76304054	26.86301613	25.70057297	25.37759399	25.57192993	26.78954887	25.19283676	25.36719704	24.95540047	26.29149437	24.0994091	24.61093521	23.0686779	22.11756134	23.04518509	24.15251732	23.77685738	23.94377899	23.98693848	23.06577301
XP_054975590.1;XP_054975583.1;XP_054975589.1;XP_054975588.1;XP_054975587.1;XP_054975585.1;XP_054975584.1;XP_054975586.1	19.50844955	18.42729568	19.31047249	19.23661995	20.68611336	20.84045792	21.45226669	20.29755592	20.79188347	18.34322929	18.72130013	21.09461594	20.99975777	20.9203434	18.27051926	20.07085228	20.63183022	21.46777153	18.89111519	18.7232132	21.68560028	21.42136765	20.98502731	21.74176407
XP_054975686.1	23.80990219	23.62622643	25.11989021	24.62511063	23.98146057	22.57782364	23.73510551	23.86221123	23.32278633	21.36196136	24.06800652	24.13688278	24.32484818	23.51280022	24.55911636	24.14258003	23.95960808	23.50409508	23.7735424	24.15961838	24.64107895	23.93660927	24.67486763	23.79748726
XP_054975689.1;XP_054975691.1;XP_054975690.1;XP_054975688.1	21.32383156	20.13028336	18.87364197	19.76060104	20.69816208	18.52454185	20.63245201	20.54145813	20.62809753	18.52237892	19.96550179	20.18580055	20.83554077	18.28521347	20.21691132	20.83730507	19.69174767	19.98165894	20.44161987	19.05709076	20.13780212	20.00662231	20.25003052	20.88985443
XP_054975713.1;XP_055001479.1;XP_004607756.1	22.44440269	21.59185791	23.56290627	23.073246	21.98276711	22.37610245	22.6402626	22.76854324	23.00302315	21.53701591	21.98300934	21.94581604	22.16662216	23.31589508	21.40056801	20.35896111	20.72425652	22.30677414	21.50445747	21.78783798	22.99175453	20.73686028	22.75548172	22.45660973
XP_054975729.1;XP_054975728.1	22.82692909	19.65146446	23.74949837	23.70007133	23.50833321	21.92074394	22.77675819	23.29991722	23.21043015	22.93003464	22.91077042	23.12808037	23.42828751	22.86338425	23.16221809	22.60544205	23.03395844	22.38792801	22.95009613	22.01185036	22.97688866	22.8731823	24.07447243	23.62511063
XP_054975732.1;XP_054975731.1;XP_054975730.1	23.28658485	23.75419617	23.13730431	24.13265419	22.98348045	22.48775291	23.11222649	23.55859184	22.62339211	22.62972069	23.14124107	23.24674416	23.40548515	22.43055916	23.0444355	21.20401001	22.60148048	19.76873589	18.24748611	21.86740494	22.92607498	23.19389725	22.41048813	22.30028152
XP_054975812.1	24.33456421	24.60455894	25.70635605	25.63964462	25.31665421	25.41631889	25.54436302	25.48864174	25.93134308	25.42671967	25.34614372	25.44745827	25.49850464	25.32130814	24.89323807	24.76339531	24.30215073	24.49289513	24.70582771	24.95273781	24.79956436	24.50524521	25.48760033	25.13222122
XP_054975877.1;XP_054975876.1	20.45251846	18.88497543	21.94052124	19.50773621	21.95691681	22.85701752	19.2462635	19.92809486	20.45944023	19.38531685	21.46133995	20.30433083	22.21756172	20.62859917	19.00945473	21.44667625	21.61436653	22.4667511	22.09019661	21.43094254	21.89408112	18.20305634	22.4124279	18.86767769
XP_054975887.1	25.52740097	24.68923187	24.40626335	24.47153473	24.21475029	25.02314186	24.47797012	24.43777657	23.88539314	23.70640755	24.43701553	24.79193497	24.30688667	23.8314209	24.74509239	24.70646095	24.61515236	24.11012459	24.73742867	24.94288445	24.86452675	25.10445595	24.37457848	24.90779495
XP_054975899.1	20.61916733	18.82960701	22.74137306	23.23664856	22.76924896	20.01699257	21.23379898	19.66197014	20.70969391	20.76986885	20.62863159	22.27540207	21.8190155	21.25511169	21.12798691	22.18161964	24.11283112	20.342453	23.28503227	21.7340107	23.22489548	23.5225296	22.10648537	22.54009438
XP_054975916.1;XP_054975915.1;XP_054975914.1;XP_054975913.1;XP_054975912.1;XP_054975911.1;XP_054975910.1;XP_054975909.1;XP_054975908.1	19.27146721	20.55055809	20.39131546	19.84784889	20.07312012	20.45362473	21.48109055	21.18319702	21.10865784	18.74765396	21.12792397	20.80435753	19.5998764	22.07737732	19.13282967	20.97666168	20.15598679	19.20683479	20.01086235	18.56888771	18.44877434	20.40424919	19.37733078	18.54318237
XP_054975931.1	20.16934586	19.15625572	21.93247032	21.86317635	21.77229309	19.40711594	19.12390137	18.9851265	21.567276	21.24405861	21.34256172	21.58934593	21.74365616	20.54236221	21.82310486	19.027071	20.98572159	19.8846817	21.16269302	19.00494194	21.09248924	21.36426163	21.64684677	21.36618423
XP_054975995.1	26.42660904	25.1240387	26.17169189	26.43289566	25.49899292	25.14518738	25.45004082	25.75261497	25.53528404	24.31395912	26.49185562	26.16457367	26.41159058	25.42930794	26.69205475	26.32477951	25.60966873	25.64938164	26.47934151	25.81707001	26.38447762	26.41425514	26.73182106	26.60780716
XP_054976039.1;XP_054976040.1	21.33701706	20.16300011	19.98870659	19.03474045	20.03281593	21.12319374	22.95450401	22.03707886	21.63027573	21.85273743	22.34948921	22.07613754	20.02851105	21.31307411	20.80317497	19.13279533	22.04015923	20.01644897	20.01495171	18.8001709	20.37060738	18.32754707	20.05245209	20.08848381
XP_054976048.1;XP_054976046.1;XP_054976042.1;XP_054976053.1;XP_054976050.1;XP_054976049.1;XP_054976047.1;XP_054976044.1;XP_054976043.1;XP_054976052.1;XP_054976045.1;XP_054976054.1	24.78361702	23.44404793	25.76473618	25.18393135	24.80911636	23.42098236	24.37112617	24.6995945	24.10932732	23.87558365	24.70361328	25.00714493	25.01788521	24.14094353	24.5994606	25.14082718	24.61997223	24.55724907	25.18154526	26.04439354	25.6823082	25.83966064	26.03384781	26.11753464
XP_054976169.1	20.62578011	19.21482086	20.14482307	21.12918282	20.52888489	19.60840416	19.11335754	21.58806419	19.27717972	19.29787636	19.25528145	19.90389061	19.0067749	18.80392456	20.08550453	20.33140373	19.41930008	19.95329475	20.16433334	19.00823212	20.36623764	20.68756676	19.03170586	20.48187828
XP_054976241.1	21.21098137	20.61730385	22.58410072	22.64675903	21.75987434	21.93178558	21.60526085	22.33486366	21.01311302	21.341259	21.05085754	21.39131546	20.76433754	21.35067558	22.34296799	22.51544952	22.72252846	20.49921227	22.52850342	20.56448746	23.59457207	21.46582985	22.5650692	23.0375824
XP_054976290.1;XP_004600330.1	21.51103783	21.40629005	22.35802078	22.07949448	20.68585777	18.80281448	21.78588295	21.59044266	21.53383446	21.83198166	21.55786705	21.21181297	22.1154995	20.75148201	21.78244781	20.72200775	20.0263443	21.22864342	21.04139709	20.26292992	21.28019714	20.43735695	22.33440018	20.75401306
XP_054976353.1;XP_054976352.1	25.35682678	24.27156067	25.17066193	24.33851242	24.63089752	24.43803024	24.27909279	24.36332512	24.94377899	25.05837631	25.36131859	24.56267357	24.36792946	24.4719677	25.16334724	25.05684853	24.11783218	24.68832588	24.35420609	25.53593636	25.33360863	24.54049683	25.65006638	24.46257591
XP_054976367.1	22.83089828	19.67089462	19.81162262	22.7737236	19.3336525	26.30366707	25.35756493	23.7837677	25.2471714	25.33510971	23.72536087	23.15082932	18.8215065	24.01333427	22.74847603	22.79318619	19.94233894	19.72882462	19.43773079	20.53898048	19.69275093	20.51672363	22.34218025	22.84840775
XP_054976371.1	25.76931	25.20262146	27.3048687	27.46388626	27.41610909	27.0481205	27.91313553	26.70898819	27.31328392	27.93792343	26.96532249	27.55303383	27.88774109	26.7888031	27.28118134	27.68759155	26.01913834	26.74342537	25.93611526	28.89165688	28.50313187	27.12671852	28.11599731	27.55625343
XP_054976411.1	24.63372803	23.6028614	24.0556488	23.3780899	23.35528183	23.66947174	23.60523796	23.70524788	23.77685738	23.46051407	24.05233574	23.17295074	23.63034248	23.22271538	23.33796883	23.60274887	22.53985786	23.23768425	23.41725349	23.75470734	23.15137291	23.8475666	22.74822998	22.19433212
XP_054976471.1;XP_054976472.1;XP_054976474.1	22.51527977	22.09077835	23.52504158	22.68170357	22.25781822	22.3956871	23.13603783	22.95283508	23.25330925	23.05877304	22.74193001	23.0741787	22.98327065	22.70224953	22.46980858	22.78314781	22.34326553	22.33867645	22.86005211	22.57193565	22.25268936	22.23707199	23.83171082	22.6927681
XP_054976480.1	26.10982513	25.62419128	25.48120689	24.74924278	24.54309464	26.71279716	25.75882912	26.29860687	25.95189285	24.9302597	26.11969185	25.84682655	25.8018837	25.79409409	25.72806168	25.02681732	24.70777702	25.5410881	25.34007645	25.40486908	25.84479332	25.64121819	26.0498867	25.74196053
XP_054976501.1	27.69052505	26.92829704	27.57996178	26.74342537	26.78992271	27.57318687	27.84852219	28.03941345	27.39917374	26.52157211	27.5274601	26.98478889	27.83942032	27.10998535	27.08324432	26.80291939	26.6815052	27.53978729	26.9617939	27.60787773	27.44411087	27.24843788	27.38607407	27.41110611
XP_054976528.1;XP_054974942.1	27.10689354	25.41734886	26.98228836	26.15089226	26.15489388	26.3022728	26.42215538	26.12342644	26.40194321	26.50122643	25.89649773	25.98283195	26.45352936	25.44818306	25.9975071	25.59562492	24.39662933	25.77638054	25.70126152	24.98202705	25.55727768	24.7929287	25.25806999	25.82757378
XP_054976588.1;XP_054976587.1	22.95374107	22.50178909	23.52097321	22.94579887	22.41611862	23.01299286	23.29445839	23.10865784	23.5853157	23.10187912	23.36599731	22.9016304	23.31506538	22.64341545	23.042099	22.33916664	21.97445869	22.61728477	22.45294571	22.53041077	22.58005714	22.26473427	23.25753021	22.35404396
XP_054976624.1;XP_054976623.1;XP_054976622.1;XP_054976620.1;XP_012787548.2;XP_054991914.1	21.79050446	21.69132042	21.95244408	21.88311958	19.97049332	19.45027161	21.93268585	22.00288582	21.77402496	20.86891365	21.46632767	19.93589401	24.3631916	19.88439941	22.68790817	19.0242672	21.58724022	18.88596725	20.52640343	18.94423485	19.92089272	19.08318901	21.54872513	21.70687294
XP_054976660.1;XP_054976659.1;XP_054988684.1;XP_054988680.1	20.43857574	19.22258186	21.00292015	20.43318558	19.58008957	17.33182907	23.17435455	20.28342247	17.79854774	17.86707306	19.42266846	18.21432877	18.07357597	18.82115746	21.26487732	20.88278389	19.25971603	20.1639843	19.13591003	20.87402725	26.13531876	21.64200592	20.9221611	20.40727615
XP_054976707.1	19.03494453	19.14092445	21.83726692	22.03858757	21.28855705	20.73735619	21.51677132	21.67024994	21.48035049	21.7715683	21.05655861	22.44389725	21.62346077	18.50233078	21.45498085	20.39303207	19.06218719	19.20400429	20.66535759	19.58154297	21.36345863	18.70962715	19.70844841	21.18706894
XP_054976716.1	19.41110992	19.1869812	21.87919807	23.61560249	22.95340347	20.52917099	19.91244125	21.06427765	21.74894714	20.70413017	22.11088943	22.65628433	21.20967293	21.4691124	21.44929695	22.26166725	24.52581787	21.54335403	23.71973228	22.58918571	22.98405457	23.64779091	21.54745483	23.69848251
XP_054976786.1	26.20204163	24.89841461	26.31741333	25.62887001	25.01788521	25.33596039	25.68455887	24.93174934	25.78932571	26.18523598	25.83209801	25.28263092	24.8275013	24.30291748	25.82053185	25.97105789	24.19700623	25.54548264	26.04743385	24.7940197	24.80818367	25.90389442	25.10577583	25.47007561
XP_054976835.1	21.11572266	22.09093857	21.75759888	22.21726608	20.6618824	20.03423309	21.17273712	21.6991806	21.47536087	18.7546196	21.30195618	21.44849205	20.16876602	21.65600014	19.8680191	20.39152527	24.74693871	20.8802433	21.37135124	19.67905045	21.52501869	20.07221603	22.33177948	22.04942894
XP_054976867.1	22.84594154	22.16705132	24.15205383	23.89550591	23.37623596	23.07350731	23.20629311	22.81344795	23.21047592	21.95727158	22.73543549	24.18063545	23.44657516	22.56360435	23.35353279	23.46836662	23.09622574	23.47010612	23.78636169	23.08294106	24.27653885	23.5532093	23.47271156	24.25529861
XP_055001963.1;XP_054976879.1;XP_054976878.1;XP_054976877.1;XP_054988053.1;XP_054984878.1	22.55510712	20.90404129	22.96810722	22.24979782	22.28864288	22.17934418	22.49933243	22.20496559	22.62863159	22.59000778	21.91994476	22.31118965	22.26885223	21.63205338	21.93247032	21.76016045	21.12483597	21.61862946	22.1540947	21.09339142	21.78552437	21.05039406	22.57701683	21.35051346
XP_054976946.1;XP_054976945.1	22.16870308	22.51818848	21.92527962	21.47333145	20.17876625	22.18307495	22.39926529	21.73098755	22.00703239	21.79625893	21.62417412	21.28833199	19.28534889	19.05891228	21.36975479	21.26756668	21.09571075	21.3298645	21.10520744	21.48473167	20.60367775	19.579319	21.87766266	21.76259422
XP_054996928.1;XP_054976971.1;XP_054976970.1;XP_054976969.1;XP_054976968.1	22.82074928	19.85079384	21.9142971	21.79582405	22.48564148	23.47901917	22.35048676	23.34340096	22.82696724	21.83738136	23.81977654	23.42700768	19.2711792	19.71740341	23.54839706	21.33259773	21.49721527	19.463377	22.87220573	18.80278587	21.79443741	20.92383003	22.11467361	21.89330292
XP_054977016.1	23.64052773	22.71711922	24.20202255	23.60681915	23.75694656	22.59652901	22.90087509	23.32443619	22.75264549	21.86936569	23.0784359	23.58439827	22.94676208	23.22541046	23.72993088	23.77424622	23.40496635	23.33715248	23.14256477	23.88734627	23.77866364	24.09168243	24.40360069	24.85009766
XP_054977172.1	23.42790222	22.99139023	23.85081291	22.85361481	22.33325386	23.24645424	23.11808586	23.11955833	23.48234558	22.51609802	22.5470314	23.22713089	23.65140915	22.37689781	21.62055397	21.92951202	21.70070648	22.03570366	22.26350212	21.36115837	22.31534195	21.62578011	22.13674164	22.10766792
XP_054977174.1	20.05025482	20.58260918	19.86889839	19.48519897	19.81888962	21.355093	19.82755089	21.36629105	21.24260712	18.95979309	20.39015961	20.10251999	19.93264008	20.62033081	19.07771492	19.45713997	19.97371864	19.77666664	19.98213387	19.06859207	20.63112068	20.07440948	19.71002388	18.86042023
XP_054977181.1;XP_054977179.1	24.20523453	25.12088013	24.91122818	23.44164467	24.20813942	24.54821968	25.6725769	25.12537956	25.42687988	24.6047287	25.49155045	24.6296196	25.18895721	25.16890335	24.79615021	24.64509964	24.53320503	24.51340103	24.85243416	23.90288162	24.76040268	24.49038696	24.66008759	24.59860992
XP_054977200.1	22.60329247	20.15338326	22.40361404	23.48296165	23.1102829	23.77986526	21.56337166	23.13772774	21.96243477	22.42308807	20.85916138	22.26550674	23.03493118	22.03680992	21.80416107	21.33527184	23.02013397	22.39511299	22.60589409	18.64179039	22.12019157	21.16250992	21.33679771	20.34386253
XP_054977312.1	23.89272881	22.54665565	23.22216988	22.41542244	24.2469902	22.14758873	22.75307465	22.72317505	22.86232567	21.35820961	22.53041077	21.87728882	22.53397751	21.22358513	22.28943062	22.82036018	22.26163864	19.55170059	22.08206367	22.80840874	23.29529953	21.78124809	23.15367699	23.03291702
XP_054977341.1	19.95936584	20.23233604	20.8617382	21.29159546	21.51426888	18.99696732	20.01067162	19.00657463	19.61381912	19.26094437	20.03509903	20.66942787	21.83194351	19.63830376	20.35056877	19.1062355	21.19472313	21.44182205	21.44303703	21.37591743	20.36666298	21.11318016	21.60313416	22.45981407
XP_054977351.1	24.25060844	23.63433647	24.13860321	23.68784523	23.91305542	24.19084167	24.27653885	24.08229065	24.45876312	24.78860474	24.43720627	23.48713875	24.0413475	23.45676041	23.78905106	23.62075615	23.06368446	23.69572449	23.64251328	23.38653374	22.63582039	23.62622643	23.8961525	22.98309708
XP_054977437.1;XP_054977438.1;XP_054977439.1	21.74193001	19.53989029	21.54453468	21.54349709	22.64787865	21.05198669	22.01974487	21.77100372	22.3924942	21.4616394	21.39796066	22.31373787	22.19397163	21.74378014	22.24403	21.55342102	19.12554741	21.1040554	21.81995201	18.68672562	21.72384071	18.9140625	22.28101921	22.15594864
XP_054977535.1;XP_054977471.1;XP_054977402.1;XP_054977340.1;XP_054977300.1	27.79643631	26.69882584	27.93651962	27.4445858	27.63318634	27.00624466	27.31829262	27.44679451	27.84959602	27.45708847	27.50370026	27.63740921	27.88273621	26.67707443	27.46699905	26.50286674	26.63533401	26.47179794	27.13848495	26.58190155	26.61147118	26.48028183	27.28550911	26.97235107
XP_054996488.1;XP_054977546.1	24.64669228	23.49643517	24.72035789	23.82473755	23.73407173	24.11521339	24.18305969	24.05001068	24.51683235	24.3467865	24.17607498	23.74847603	23.72993088	23.57715416	23.62187386	23.95668602	22.53469086	22.99396706	23.66958046	23.71701431	23.40093422	23.09855652	23.43033028	23.5118351
XP_054977552.1	26.49080086	25.24336243	25.6790638	24.61537743	25.05870628	24.95650864	25.519804	24.59940338	24.88002968	25.02820969	25.2266674	23.94868851	25.38113022	24.06126404	24.19887924	24.67831039	23.88129044	24.22501183	23.85538292	25.02165985	23.65981483	24.10844994	24.31188202	24.1534462
XP_054977563.1	21.75906181	22.085989	22.5421505	21.95634842	18.83501816	21.31074524	21.3598175	22.56999016	21.76733017	21.76874542	23.35420609	18.85372353	18.79163742	19.19164276	22.1163559	21.41059303	20.12224579	20.77539253	21.60806084	20.04984665	20.78819656	20.90462875	19.70991135	21.07391739
XP_054977578.1	20.62818527	19.19141769	19.38455391	22.36722374	21.13069153	22.60293007	21.28517342	19.74591637	20.31874084	19.5528698	22.50864601	23.71826935	20.52248192	19.14210129	20.20347214	23.69689178	19.6525116	22.99703789	23.23698425	21.81448555	22.15366173	21.67331505	19.75614738	22.99696922
XP_054977592.1;XP_054977591.1	22.2860775	20.98697281	23.15096855	21.75217628	20.73545647	21.97424698	22.02380943	20.46113968	22.50341606	21.95804977	20.97833824	21.75262642	22.36554337	21.70615578	21.56425476	22.01263618	19.36211967	19.57805252	22.16333961	21.95695114	21.78552437	22.29538536	19.62100601	21.25908279
XP_054977618.1;XP_012789305.2	20.98098946	19.68720436	20.46093941	20.25072479	20.93956566	20.15375519	21.12388992	21.38858414	18.76824951	18.71202278	20.96345711	20.4355278	20.74755287	19.83830452	21.68978691	20.61477089	19.83434105	20.77555275	20.27446365	20.92860794	20.30429649	20.37234879	21.51816559	19.75733376
XP_054977622.1	21.84402657	19.09055519	21.98953819	19.96544075	22.00819588	21.05695534	21.73048973	22.1809845	22.00610733	20.82601738	22.94769096	22.68204689	22.87041855	22.04839897	22.49501991	22.08631325	22.22084236	19.22237968	22.09722328	18.08044815	21.47328186	21.0887413	21.29260635	21.90642738
XP_054977633.1	23.20445824	22.40911674	23.92804718	23.32030869	23.28587914	23.47395134	23.74755287	24.25096893	23.62444115	23.67572975	23.60602951	23.20043755	23.30966377	22.17599869	23.24110794	22.82158661	22.26716614	22.66566086	22.88291359	22.66127396	22.79270935	21.97861862	22.74299812	22.9221611
XP_054977638.1;XP_054977639.1;XP_054977637.1	22.08092499	21.44596863	22.52384567	22.67715073	22.02813339	21.12867928	21.41188622	21.998209	21.76340485	21.05397606	21.48266602	22.00411987	22.26419067	21.30251312	22.25034904	21.51710892	22.50891304	21.07652855	21.81675339	20.64156532	22.22870064	21.06736565	22.16545677	22.18978691
XP_054977677.1;XP_054977676.1;XP_054977675.1	20.73941803	18.79250336	20.76781654	21.44505882	18.44527817	20.1692543	20.78923035	19.14988899	18.69846916	18.78003883	20.90043259	22.86107635	21.77474785	21.72496414	21.56741524	22.201231	21.8729763	21.74644661	21.55749321	19.91398048	21.66574669	22.54491234	20.66786957	22.36436844
XP_054977679.1	19.83351898	20.25003052	18.59856224	19.77598572	19.67266846	20.38911057	20.21986771	20.59759712	21.42383194	20.77241516	21.74193001	21.04406929	20.8900032	21.49658012	19.21272469	20.28969193	21.67568588	20.79970169	21.32025337	21.17943573	18.73122025	21.42588234	21.69816399	21.39759445
XP_054977709.1;XP_004619303.1	24.02157593	23.40106392	23.98023987	22.25231361	21.11101532	23.22931671	24.52145195	24.68933868	23.69869423	22.17864609	23.69019127	23.37252045	23.87811279	22.48027611	23.22405624	23.33210564	22.26822281	23.22761536	23.53575897	23.16562462	23.56511688	21.50629997	22.37552071	22.40815735
XP_054977710.1;XP_054977705.1;XP_054977701.1	21.77164841	20.44196129	21.60132027	21.99724388	21.70450974	21.61076736	22.03503227	22.1439209	22.29066849	21.19062996	22.23438454	21.52940941	21.52940941	21.91448021	19.20644951	21.50460434	21.35901451	21.77031898	21.71276093	21.84578896	21.67383385	21.7592659	22.56258011	21.95677376
XP_054977797.1;XP_054977798.1	22.27531815	21.85954094	20.68201447	20.6764183	21.04626846	19.44466019	22.27116203	22.71097565	22.61315346	21.42316437	22.02177811	23.11743546	21.66830254	22.13229179	21.39435387	19.21601677	20.25488091	23.84162903	21.58884239	22.28373337	21.8060894	20.66240501	19.57689857	21.60440063
XP_054977815.1	21.23888016	19.61383629	21.85296631	20.83984375	21.20120049	21.48104095	21.08537483	21.67732239	21.48473167	21.26607895	21.52444458	22.35334396	20.8558197	21.29798889	22.16980553	22.96321106	21.90352631	22.27050591	21.82861519	22.23394585	22.64233589	21.54637337	21.35600662	22.99941444
XP_054977817.1	24.96851158	24.43135071	25.14491653	24.91003799	24.47698021	24.96300697	24.74309158	24.65053368	24.23629951	23.19989777	24.77826309	25.18955994	25.47382736	24.77886391	24.66941833	24.73241615	24.9997673	24.5349865	25.25896835	24.83691978	25.36335945	25.97506714	25.53344345	25.58917999
XP_054977825.1;XP_054998719.1;XP_054997751.1	22.90923309	23.34462166	24.33319855	20.66057777	23.92859077	22.54139519	24.99062157	23.79560661	23.26313019	22.43992043	23.81528664	23.33987236	25.22449684	24.09723854	25.24706268	22.76186371	25.87499809	22.20794678	23.34462166	19.58833694	24.24800491	24.08294106	22.23336029	23.0051651
XP_054977875.1;XP_054977874.1	22.78998756	23.77474785	23.53243256	22.85513687	23.22457123	24.74611855	22.47911644	19.18078995	23.524683	25.98067665	24.08180237	22.79090118	23.03143692	22.4962883	23.43809509	19.4554081	22.66548729	22.79776382	23.21617126	24.64350319	22.81278229	22.68142509	22.9102211	22.41126442
XP_054977895.1	23.67766571	23.81899643	24.36746407	23.74775887	23.38534927	23.56383705	24.66519356	24.75526619	24.30507851	23.88101006	24.54945564	23.89818382	24.41015244	23.48603439	23.93472099	23.62711716	22.98064232	23.9330101	23.7165966	23.68987083	23.55765724	23.14469719	24.13563156	23.9370575
XP_054977997.1;XP_054977996.1	22.06759644	22.57012939	21.66031647	21.85961723	22.86474419	21.40213203	22.02495956	22.76482391	22.30284882	18.02723503	22.01532745	21.69939232	18.11483002	21.6125679	21.55819511	21.41131592	22.1624794	22.45440292	21.22340775	21.0139904	21.54495811	19.78791046	22.09821892	21.30284882
XP_054978103.1;XP_004612708.1;XP_004621322.1	23.15028763	22.41333199	23.57392311	23.33333588	22.91223335	23.66427231	24.12368393	23.94913483	23.82919693	23.63699341	22.4126091	23.58978081	23.57218933	23.22776222	22.35917473	18.76615715	21.89988136	23.48578835	23.37716293	23.09966469	19.69376945	22.97288132	23.36559677	22.79901123
XP_054978139.1;XP_054985113.1	22.43198776	18.79166031	19.00805092	20.21031189	19.80826187	22.2246151	20.59330368	21.50130272	21.22087097	19.11589622	21.52778816	22.5575161	19.20600319	22.99798584	21.68174553	21.40940094	22.36522293	20.54388809	20.07366753	20.73007584	22.49704361	20.04444504	20.27458191	22.18942451
XP_054991666.1;XP_054978141.1;XP_055000374.1	25.42149734	24.8560009	24.91734314	25.04614449	25.96529961	25.66779518	26.70371819	26.64306259	25.95446968	24.2540741	25.37095833	25.73187256	26.53249168	25.63209152	25.31734467	25.62828636	24.92998886	25.19876671	25.46846008	23.38020515	24.19347572	25.87776184	25.26538658	24.95894432
XP_054978180.1;XP_054978178.1;XP_004606601.1;XP_054993006.1;XP_054978179.1;XP_054999865.1	22.91561127	21.88367844	22.1109848	21.48664856	20.80088806	22.41740799	22.40921974	22.51782799	22.40929794	21.5328846	21.36634445	22.20547295	22.17535973	21.34781456	21.25153351	21.28675461	20.1499157	21.31981277	21.25753021	20.53886414	21.79665565	22.00932503	20.57163429	22.12477303
XP_054978200.1	24.80074883	24.3196888	25.12703514	25.57911301	24.61059761	24.6352787	25.41844368	25.7090416	25.2815361	23.95295906	25.070261	24.59274864	25.15499115	24.24401665	24.99722672	23.87220573	24.73691177	23.85974884	24.50032997	25.26678085	24.21022224	23.98294067	24.80464363	24.85984421
XP_054978227.1	22.82739449	18.75068855	23.63843155	22.01916695	22.80986214	23.03135109	22.07613754	21.29630852	23.33156013	23.39623642	25.439394	23.90829849	23.23987198	22.95379448	23.78226852	22.62727356	22.08375168	22.75952911	22.13527107	23.28996468	22.08958244	21.36024666	22.49653244	21.74098396
XP_054978235.1	20.63385963	18.99260139	20.47366333	19.58726883	19.34764481	18.77736282	20.0077858	18.35587692	20.02147293	18.50823593	20.04714203	18.70181465	18.52098656	19.34982109	20.23852539	20.65639305	18.96585846	20.07652855	20.63661766	20.09429359	21.61970329	21.05490303	19.97866631	20.83159447
XP_054978369.1	25.29323196	24.77675819	25.90967178	25.13817215	25.41131592	24.57876778	24.48216057	25.18835258	25.0175457	24.11767197	25.03846169	24.75169563	25.07173347	24.29263496	25.0599041	24.28065109	23.88026237	24.2386322	24.32834435	25.06714439	24.60116196	25.03783226	25.38804626	25.15769196
XP_054978372.1;XP_054978371.1;XP_054978370.1	22.43165588	20.66864967	22.22443771	21.90017509	21.78899193	21.82077026	22.6370163	22.5328846	23.1860714	22.57493973	23.07846832	23.3923111	23.62566948	22.57350731	22.70602798	22.66051292	22.57821465	22.9016304	23.01893044	21.66869354	22.68540764	22.79259109	22.93606949	22.62039757
XP_054978429.1	21.77768135	19.26998711	21.81350708	20.28127289	19.02516556	18.82384872	22.16953087	22.13332748	22.53812981	20.93962479	22.2368679	21.44571686	22.23438454	20.05687523	21.87796211	21.01133919	20.59923363	19.64838219	21.77023888	24.21126366	22.52269745	19.15862274	22.32223701	21.86094284
XP_054978548.1	23.48836517	24.84235001	24.5613327	24.64240265	23.76910782	23.70872498	24.81401634	24.64729691	25.08164024	24.6753521	25.25576782	24.70804024	24.32889175	24.83479881	23.72244453	22.84731865	22.90928841	24.13844681	23.92967415	24.15352249	23.37716293	23.35702705	24.27739143	23.85642815
XP_054978666.1;XP_055002772.1;XP_004605416.1	23.77986526	23.82997131	24.33415413	23.68388939	23.60206985	23.64416504	24.18192291	24.04343414	24.23176575	24.70514297	24.30716324	24.23447227	23.83151817	23.0078373	24.4875679	24.36906242	23.35043335	24.03195763	23.92079926	24.14117813	24.04234886	23.86410141	23.94297409	24.121315
XP_054978722.1	22.33489037	22.00082397	22.61252213	22.64689064	22.40644646	21.55276489	22.34445763	22.4886837	22.71206856	22.38616562	22.17770386	22.11349869	22.93712997	21.56150818	22.11889267	21.63913727	22.55069923	21.4994545	21.80848885	21.72579765	22.20296478	22.2676239	22.50816345	22.04676819
XP_054998766.1;XP_054978731.1	22.31326675	20.96190453	22.68882561	20.69489479	21.19496346	21.43979454	21.98227882	22.12316322	21.15856934	19.40884399	22.15881729	22.89171028	22.40319824	22.48716354	22.08281136	19.74009705	20.02770805	21.46891403	19.32074738	21.21566772	22.17764282	20.88690567	20.75205421	21.94845772
XP_054978801.1	19.97707748	21.30557823	22.39709854	22.56390572	21.70049477	21.00990486	19.64702034	21.76587486	21.73529243	20.90749168	21.49706841	21.72612953	21.90763855	20.71774673	21.3372879	21.06217003	21.31633759	20.24736595	20.66916847	21.35498619	21.76287842	22.2773056	22.08060074	22.50753403
XP_054978813.1	22.38015175	19.32687569	21.91002083	21.78775787	20.89208031	20.84743309	21.47555923	21.13639832	22.02059174	20.43474197	21.57339287	21.02607536	20.77932549	21.40015221	20.10129166	19.32685661	21.72920418	20.7368679	20.25232315	20.22812271	22.810215	19.17792511	21.42777443	21.16275597
XP_054978879.1;XP_054978878.1;XP_054978881.1;XP_054978880.1	19.22698975	19.3633709	20.25649452	20.4827652	19.89730453	18.8198967	19.41053772	19.49796867	19.70792198	19.10832596	20.33695602	20.23748016	19.51294899	19.16212273	19.78069305	20.28342247	18.85514832	19.78693581	20.36388588	21.68598557	21.64116859	22.43114662	20.79217339	21.36730385
XP_054978884.1	21.01522446	19.63582039	24.28234863	25.11052132	23.6568737	21.49872398	20.55861473	22.54606628	23.11227417	22.7929287	23.33183289	24.2115593	22.3134613	22.34884071	18.84199142	21.19544411	23.11527824	19.7962513	22.68611336	22.17609024	21.86751938	23.04006004	23.04488564	22.67859077
XP_054978920.1;XP_054978921.1	24.14910889	23.19964409	24.57340431	23.33019257	22.97640038	24.24829292	24.4418335	23.91661263	23.59889221	23.36666298	23.46288681	22.38866425	22.73017883	23.31975746	23.37411308	22.76589584	22.49448204	22.48763084	23.18443871	22.53710938	23.61784554	21.05821037	23.33401871	23.54722023
XP_054978981.1;XP_054977158.1	21.63559914	17.84903908	19.46026039	17.57931519	20.25476646	19.47195244	24.70862007	19.67391968	20.66908264	18.96696663	16.68044281	20.05099106	19.42826653	17.37636375	17.90518761	20.00049973	18.88366318	18.36542511	17.21930122	18.3872757	26.28406143	20.22199249	20.15696716	19.90892982
XP_054984664.1;XP_054979652.1;XP_054978995.1;XP_054996405.1;XP_054996404.1;XP_055003602.1;XP_054992314.1;XP_054994923.1	27.5808239	26.9755249	27.59896469	26.92807007	27.07704163	27.74957466	27.8858223	27.53229904	28.35253906	27.78487778	27.46131134	26.96774292	26.87876701	26.97092628	27.31224632	27.26185799	26.75671768	26.55670738	26.58448601	26.49442101	26.308918	26.60045433	27.20741463	26.90345764
XP_054979050.1	21.29642105	21.31168938	21.78360748	21.16919327	20.08017349	21.45543098	21.57024574	22.0089817	21.55234337	20.77241516	22.97887993	21.24045372	19.55358505	19.46692085	21.00298882	20.8226757	20.58159828	21.74488831	23.33442688	21.03449631	21.14619064	21.70821953	21.72883034	21.82255936
XP_054979063.1;XP_054979064.1	17.72725868	20.42219925	22.58244705	21.29961014	20.39644623	18.9328804	21.4343071	20.76482391	21.75580597	21.81245041	18.97495651	20.69098091	20.31561852	19.39715958	19.87063026	18.90545273	21.16078758	19.56231308	19.22550011	19.21100616	19.65364647	20.92281342	21.09506798	21.55992317
XP_054979160.1	19.88874054	19.67413712	23.11300468	24.37636757	24.08204651	18.42354202	19.02575111	20.33002853	20.39916039	18.54370308	22.23634148	22.99049187	21.39278221	22.67497635	19.98287201	22.58621025	24.94503021	22.08410835	24.34780121	21.37904167	23.48012924	23.92849922	21.9666996	24.49704361
XP_054979165.1;XP_004621070.2;XP_054986329.1;XP_012789896.2;XP_004619205.1;XP_004619206.2;XP_055002749.1;XP_055002748.1;XP_055002747.1	21.67499733	21.01038361	18.69166183	19.89357758	18.47986794	19.25411987	24.91173172	21.13721085	23.69029808	20.39988518	19.36163902	20.09777069	21.21288109	19.21608353	19.54166412	19.18860435	19.24162865	18.50775909	16.62456703	19.65825272	21.67723656	18.12916756	19.1201725	18.49638557
XP_054979183.1	21.67521286	21.5851326	22.18794441	22.51301575	21.7148571	20.99886322	21.71238327	21.85106087	21.94342232	20.37732315	21.74160004	21.89485741	21.94941902	21.33815956	21.65722275	19.37197495	21.78692055	19.32624435	21.40364075	21.60733986	22.58102226	21.57339287	22.36765099	21.91976166
XP_054979217.1	21.94884872	24.46575546	24.33776474	24.67335892	23.55297661	23.84460068	22.64035225	23.11240005	21.77916527	22.97440529	23.26441956	20.01329041	23.30535507	22.99024963	23.05887222	21.19604492	21.94820786	23.34962273	22.06154442	21.68161774	23.6292305	21.29249382	22.57260513	23.07257652
XP_054979232.1;XP_054979221.1;XP_054979243.1;XP_054991609.1	26.20318031	24.89462662	25.98307037	25.50263786	24.53818893	25.69564438	25.98763275	26.19462204	25.865448	25.3025341	25.56191635	25.26824379	25.86568451	25.40139008	24.59519768	24.42316437	24.3761692	24.83465576	25.32433319	24.9568634	24.58348083	24.53142166	25.7589817	24.94270706
XP_054979276.1;XP_054979270.1;XP_054979264.1;XP_054979258.1	23.61661148	18.97619438	23.26040459	21.725214	21.34499931	22.91062355	23.18972588	23.15932465	23.3794117	22.87305069	22.52609253	22.25879669	23.15500641	21.9668045	21.83082199	21.36463547	21.77446747	20.83638	21.9480648	21.37994003	22.14650154	21.39863968	21.41550064	21.95560455
XP_054979268.1;XP_054979269.1;XP_054979267.1	23.2473526	22.60295296	23.42918015	22.62468719	22.14768219	22.39581871	23.06078529	22.62144852	22.91205025	22.92822838	23.04476929	22.14625359	22.80258369	22.64167595	22.44596863	22.01314735	21.91987228	22.26476288	22.07936287	22.87241173	22.28186798	22.30702591	22.90998459	23.23170662
XP_054979271.1;XP_054979273.1;XP_054979272.1	22.07753944	21.01903152	22.20072174	23.27611351	22.30883026	21.35997963	21.71958542	21.84395027	22.79225349	23.10485649	22.96590805	23.39479828	21.86970329	22.25277519	22.3009243	22.79857635	19.16361618	21.60666275	22.08909798	24.24030876	23.29123116	23.37026024	24.59718895	23.40613365
XP_054979336.1;XP_054979335.1	23.21522331	23.0315361	23.76334381	23.94628143	23.09284401	22.84099579	24.32484818	23.89152336	24.12044334	23.28093338	23.90334129	23.30201149	23.49326134	22.88250351	23.42303658	23.21225739	22.94426155	22.98657417	23.52838516	22.83337212	22.59151649	23.1073494	23.60467339	23.59286118
XP_054979424.1	21.86075401	18.71094704	22.67663383	24.68367577	24.38725662	21.80025482	21.33156013	21.65018272	19.77666855	22.19023895	21.94334984	20.19171524	19.17193794	19.58091164	22.35293961	19.93660927	19.97854805	18.37706375	21.24585915	20.06618309	21.88166428	22.33246231	21.36506271	22.36613083
XP_054979466.1;XP_054979465.1	22.82725906	20.39152527	22.37376976	22.52152443	22.63548851	22.57360077	23.01566696	22.74706268	23.07814217	21.80510712	23.41969872	22.74939728	23.08009529	22.46356201	21.75951004	21.67322922	21.97942162	22.30810928	22.57265282	22.44483185	22.00727272	22.1939106	22.35732269	22.17279816
XP_054979556.1;XP_054979555.1	25.57974625	24.74534988	24.81592178	24.97298622	24.58491516	25.38017273	25.84047699	25.52321815	25.83761787	25.93123055	26.14407921	25.45484734	25.52450371	25.65662766	25.26631546	24.66052246	24.56278992	25.01567459	25.34374046	24.81435776	24.16292381	24.82493019	25.54120445	24.84804535
XP_054979585.1;XP_054979584.1	21.98116493	18.8256855	22.60306549	23.88324928	22.82737541	19.43458557	19.79252434	21.83364296	21.65079498	19.29756927	22.39571381	23.43822098	20.29445839	23.55391312	22.00658798	22.04496956	27.145401	22.69234276	24.75333023	22.4298954	24.51382256	27.31863785	21.16606903	24.76086044
XP_054979587.1	26.73337364	26.6904583	27.32457352	28.17707443	28.04030228	26.88331985	26.62936974	27.20582962	26.65321541	26.99905586	27.78762054	27.83285713	27.35110664	27.70358658	27.02390289	27.33875084	28.97694588	27.50544357	28.27790451	27.21641541	27.84332085	28.1842804	27.30547714	28.21419334
XP_054979628.1	24.20441246	22.74230003	25.22464561	25.51370239	24.2591114	23.36466217	23.52432442	24.38633728	24.27497673	24.17424774	24.93188477	24.64482498	24.72260094	23.35312843	24.21697044	24.49795723	25.11668205	23.69434166	25.08946037	24.79208374	24.90094948	25.47809219	24.64647293	25.47295952
XP_054979683.1	28.65430832	27.88180351	28.8882637	28.82847595	28.39627838	28.06861115	28.74117661	28.06162453	27.9871769	28.19577599	28.6511631	29.21808052	29.04369545	28.52327728	29.02736092	29.03036308	28.19159508	28.73731232	28.94257164	28.55189896	28.46458626	28.51020622	29.2586937	28.78877258
XP_054979691.1	23.4719677	22.5735302	24.09740067	24.14685822	23.04096222	22.94856453	23.60184288	23.44265747	23.53658867	23.48357582	23.78096771	23.94984627	24.31658554	24.3329258	23.70303154	23.69646645	24.74154854	23.68880463	23.73034477	24.15236282	23.50724411	24.69726181	23.40002251	24.13953972
XP_054979824.1;XP_054979825.1	23.91897964	23.65458107	23.81391907	24.53564072	24.05961418	23.69093704	23.2990799	24.09466553	23.46998215	22.54458237	23.07414627	23.04858208	23.68570709	23.81147003	23.37252045	23.59980202	23.3730526	22.98737144	23.45651054	23.78925133	23.61874199	23.99204826	23.694767	24.02563477
XP_054979840.1	22.59816551	22.20580101	21.8426075	21.70057869	20.74804497	22.30368423	22.44154358	22.86523628	22.24843788	21.88825798	22.4299469	21.83209801	21.45367432	21.83143997	21.78492546	21.53658867	19.43020821	21.48197746	21.30374146	19.4762516	18.71253014	19.93897438	20.44681358	20.67642593
XP_054979913.1	22.70453072	20.37602425	23.34353638	22.84978294	22.13317108	22.68716049	23.75633621	23.84794998	23.7702179	22.54257584	23.81987381	23.91205025	24.54380226	23.43631554	23.96578407	22.53978729	21.79324532	23.8692894	23.46376038	20.84391212	22.72456932	21.85540199	23.41390038	22.75229836
XP_054979920.1;XP_054979919.1;XP_054979918.1	22.66793442	22.67762375	22.65822601	21.87668991	21.85391808	22.47283554	23.0197773	23.34177399	23.52814674	22.55001831	23.76486397	22.07067871	22.64185143	23.10554314	22.94899178	22.24927711	23.21700096	23.83720779	22.57433891	22.66570282	22.11603928	22.19339943	23.30521584	21.76607704
XP_054979928.1;XP_054979926.1;XP_054979925.1;XP_054979924.1	19.36735153	19.14946556	21.21874619	23.94753075	20.61216354	20.22732162	19.29579926	20.42070007	21.12697983	19.15976334	19.52630806	21.40129852	20.74861908	20.67590141	19.93329811	20.32289696	24.11290932	21.1371479	21.71276093	19.12568092	21.6312542	20.98974609	22.06476974	22.61818123
XP_054980088.1	23.16620827	22.32600021	21.53278923	22.58336639	22.52391815	22.11657906	22.71609306	22.44821358	23.24655533	23.83132362	23.18578529	23.32704353	22.52181053	23.33756065	22.96306992	22.82698822	21.37650108	22.64579201	21.27736282	22.9571991	22.13889885	22.11508751	22.26464844	22.53820038
XP_054980092.1;XP_054992167.1;XP_054983991.1;XP_054977389.1;XP_054977388.1;XP_004620728.1;XP_004620727.1;XP_004620273.1	23.66231728	23.03977585	24.68885803	24.54468727	24.38422966	23.3521862	23.55062866	23.74437523	23.79689407	23.21945381	23.88129044	24.303545	24.09248924	23.07203674	23.50736427	23.45738602	24.73887253	23.27781677	24.08156013	23.40379715	24.6563282	24.16177177	24.15003967	24.64339447
XP_054980229.1;XP_054980228.1	23.10951805	22.00952911	23.09193993	21.9489212	23.04164696	22.27059174	22.70720863	22.55856895	22.73448563	22.12956047	22.1590023	22.89583778	22.67078972	21.63878441	21.72354889	21.58490372	21.1288681	21.69544792	22.12543488	22.91303825	22.19988251	21.86328888	22.02664948	21.61652184
XP_054980231.1	24.35110664	24.91159439	24.79788399	24.31830978	24.37570572	24.94279671	24.197155	24.84622955	24.42815781	24.52372742	25.0260582	24.33340454	24.91191292	24.2990799	24.80651283	24.28911972	23.79649734	24.60455894	24.40522575	23.87530327	23.48222351	23.62209702	24.72390366	23.80901909
XP_054980235.1	18.97743225	18.49191666	21.33013725	22.12328911	21.82034111	20.09584045	18.75237274	19.19075775	20.54679489	19.4893322	20.77338028	21.69344902	18.91411018	19.26611328	18.97840691	19.79191971	23.39702034	19.06533051	22.16824532	20.32168579	22.54717255	22.47226524	20.52497101	22.76297951
XP_054980450.1;XP_054980448.1;XP_054980447.1	19.80096817	20.40740395	22.13442421	20.01625443	19.46491051	22.99564171	19.15764427	23.42419052	23.55882454	19.23994637	21.77924538	18.92463112	23.20632172	20.35141373	21.9693718	18.90134048	22.51465416	17.36690331	23.48995781	20.96091461	19.43420792	22.47122383	19.46334457	19.4388237
XP_054980747.1	20.34169197	19.44788742	20.49179459	19.70969391	19.67907906	19.21735382	19.56896782	20.13408661	21.47985649	21.14332771	21.6912365	20.76676559	19.91812515	20.71221542	20.20717239	20.45492935	19.06432724	19.66264725	20.59423065	19.77556801	18.2742424	19.22123337	21.58384895	19.945261
XP_054980768.1	26.39845657	25.83781052	25.72319984	24.92840958	25.52581787	26.86785316	26.44045639	26.75302315	25.18650246	26.67006683	26.12364388	25.2125988	25.48012924	26.44783592	26.6768055	27.07643127	26.36168671	26.41617393	25.60673523	27.51314545	27.12602997	25.83893967	26.03334427	26.18561363
XP_054980779.1	19.48929977	19.34101677	18.21695709	19.17163658	19.28617668	18.23344421	18.38511276	19.17752647	19.90505409	20.15869331	19.70944595	18.8540535	19.65984154	18.21799088	19.48993874	18.46700096	18.63375092	18.80681419	18.42126846	21.33308983	20.34559631	20.03456306	21.58072472	20.09145546
XP_054980867.1;XP_004616746.1	23.33701706	18.32914162	22.93174934	22.66880035	19.50724792	18.87475967	22.81060791	20.80634308	20.26722717	19.31357002	21.77422523	20.85800171	20.07237053	19.47157478	23.63809967	22.23148727	18.8700161	22.84775925	20.25211334	22.56743813	24.03816795	22.55065346	22.71816444	22.66537857
XP_054980963.1;XP_004611584.2	26.98261452	26.54325676	26.31634331	26.51382256	26.37331772	26.56614685	26.8457737	26.6971035	27.14569283	26.31047821	27.1680603	26.72455406	26.78319359	26.47303772	26.23251534	26.00573158	25.87121773	26.50772858	26.27056313	26.45625877	26.21619415	26.41517448	26.50721359	25.5875206
XP_054980977.1;XP_054980976.1;XP_054980975.1;XP_054980974.1;XP_054980973.1;XP_054980972.1;XP_054980971.1	23.16639137	22.9370575	22.30924797	22.00915337	22.65024757	21.39519119	22.89799881	22.30220795	23.32621956	22.49125671	22.37835503	21.7121315	22.79320717	21.74951935	20.9745636	18.63730812	18.59672928	21.23479462	17.63056374	20.21347427	20.33252525	18.4839344	22.00178528	20.12754631
XP_054980979.1	26.12652206	25.5400238	25.86315727	25.58115578	25.38554764	25.70862007	26.77893829	26.17010689	26.02688026	25.6280632	26.06198502	25.64427376	26.17388535	25.66928291	25.56363297	25.34813881	24.43268967	25.33844566	25.34211349	25.59163666	26.25203514	25.58491516	25.6173687	25.20493507
XP_054981002.1	27.21650887	25.84945297	27.17702675	25.80415154	26.86478615	28.21549034	27.30408478	27.11197472	27.79073143	27.64993095	28.52932358	26.60597229	26.29487991	26.16758347	27.58089638	28.10789108	26.15042686	26.62561226	26.88820648	27.39173698	26.69643974	26.71907997	26.38200378	27.58970833
XP_054981008.1;XP_054981009.1;XP_054981010.1	20.09245872	19.09168816	21.35965729	20.70066261	21.05781555	22.43338966	21.42772484	21.66934204	22.31799316	22.26292992	21.65167236	21.16496658	21.15536118	21.40239143	19.80978394	21.25153351	20.23572922	20.06198883	18.41252708	19.0893116	20.97624397	18.70479584	21.56453514	21.37432671
XP_054981076.1	23.33101273	23.66644096	22.90247726	23.97596359	23.05578041	23.48234558	23.94207954	23.52945709	24.05283356	23.34136772	23.71544456	23.36613083	23.46787071	23.16934586	23.2108326	22.62791824	24.31472015	22.64783478	23.36426163	22.33073997	22.88269043	23.01689148	22.49074173	23.56627846
XP_054981081.1	24.69216156	23.92079926	24.53350258	24.14039803	24.19114304	24.76991463	24.26592255	23.86580276	24.89716911	25.28781891	24.73902702	24.52617645	24.95828056	24.24959564	25.55332756	24.59934807	24.06595421	25.35997963	24.57623291	24.81787491	23.38745499	23.32855034	24.43955421	24.16691208
XP_054981164.1;XP_054985617.1;XP_054983576.1;XP_054980338.1;XP_054980335.1;XP_054980354.1;XP_054985560.1;XP_054980336.1;XP_054985598.1;XP_054980339.1;XP_054981012.1	22.8715477	20.48671532	23.34272385	19.52402496	19.64835548	22.0091877	22.29622459	23.16035652	23.24398613	20.04057884	23.16470528	22.66667938	22.88859177	18.52836037	22.12499428	22.66711235	21.9746685	19.88973999	22.13248062	20.06467819	22.89796257	22.36013985	23.09842873	21.47911644
XP_054981306.1;XP_054981305.1	19.30425453	17.72856522	19.89431763	20.32772827	20.29871559	19.44114113	18.80279922	19.22584152	19.97393227	19.68058586	19.21001434	19.66062927	18.99125862	19.8261261	19.44402122	18.64370728	19.47131348	20.12738228	19.052742	18.74765015	20.08433533	20.97337151	19.73269463	20.0283699
XP_054981316.1;XP_054981315.1	21.28551292	18.11842155	21.9746685	20.47842598	19.07437515	19.20911407	19.4373951	20.25799179	19.9992485	19.76917267	22.16186333	21.55954933	21.33995438	19.5220108	19.29505157	18.516222	20.29882813	19.49713707	18.8413372	24.28326797	22.16901016	19.39982033	22.20481682	21.12811279
XP_054981333.1;XP_054981332.1	24.76501465	23.6996479	24.46157646	24.0214901	24.80675888	24.84066963	25.44192886	24.53052902	24.9641552	24.73686028	23.97219849	24.76461029	24.70329666	23.76233101	23.53445244	23.32154846	23.23883629	24.39519119	24.50966263	23.52121162	23.74611855	23.7038765	24.08488846	22.94701195
XP_054981423.1	24.05424118	23.12142563	23.93057632	22.5340023	21.56774139	25.18706894	24.80296898	23.97840881	23.34123039	24.85913277	23.30924797	21.14830208	22.06253242	25.28029633	24.67589188	24.52091217	22.78562355	22.41245461	22.95677376	22.77205276	24.96631241	21.29714966	24.30243111	24.99886322
XP_054981591.1;XP_054996434.1	22.49203873	21.56281281	22.41030693	22.65193367	22.59404755	21.34759712	21.79709244	21.9868679	22.05989456	21.442379	21.35997963	22.27770233	22.16327667	21.45417595	21.92136192	21.44738197	22.76540947	21.33254433	21.59564209	21.41400337	22.7799263	21.81252861	21.97323227	22.36996841
XP_054981632.1	25.07594109	24.41693115	24.84383583	24.27497673	24.06784248	24.57991982	24.88929749	24.41918373	24.58118439	24.27909279	23.88408852	23.9194355	24.05274963	23.6511898	24.43599892	23.78586388	22.76397324	23.52910042	24.16691208	23.44556427	23.96903801	23.60365486	24.27575874	24.30040741
XP_054981636.1;XP_054981635.1	22.55069923	20.16656113	19.68002892	20.39717674	19.17377853	21.38311005	21.44682693	22.7215271	21.38932037	20.1250248	19.7900753	20.92976379	21.98991966	20.6132431	21.57703972	20.07130051	19.46929169	19.56627655	21.930233	21.10155678	20.40488815	20.32102585	24.26499176	20.09905434
XP_054981663.1	20.43002319	20.68123245	20.45352364	19.59737968	19.13456535	20.16729546	21.69213104	22.01297569	22.55922127	21.20317268	21.08160782	19.44344139	21.09313393	20.97610283	22.3199234	21.84949684	20.44212532	20.64983177	20.18531609	19.48724747	23.60025597	21.84041977	22.38963509	22.26464844
XP_054981737.1;XP_054981736.1;XP_054981735.1	20.91378593	20.08717537	22.35708237	22.00884628	21.2937851	21.52764511	21.92784882	22.23306847	22.59859848	21.36335182	21.64636421	21.4002552	21.24962425	20.89504242	21.47303391	19.47964859	23.78726006	20.75906181	21.43837357	19.34871101	21.69068146	22.03116608	21.67534256	22.31332207
XP_054981782.1;XP_054981781.1;XP_054981780.1;XP_054981779.1;XP_054981778.1;XP_054981777.1;XP_054981776.1;XP_054981775.1	23.03347015	22.94125557	21.93470383	22.00051498	22.1119709	23.07079315	23.23771477	23.40600395	22.73214722	22.66442299	23.16304779	23.47716713	23.30187225	23.17554283	22.649086	22.28104782	21.95620728	22.71487808	21.65132141	22.739645	23.01127052	22.29958344	22.54521751	22.58877373
XP_054981847.1	22.47993088	22.42670059	23.58760643	23.44480705	23.52587891	22.97839165	22.9963131	22.8879776	23.212183	23.08328056	23.43402672	23.74673462	23.30702591	23.26699448	23.08777046	23.76324272	23.97430038	23.1458168	23.94637108	23.12295723	23.68560028	23.93903351	23.84919167	24.11941528
XP_054981946.1;XP_054981947.1;XP_054981943.1	21.62880898	21.3698616	22.03969193	21.66144753	21.8541851	21.11362457	22.01311302	20.03595734	23.05882263	22.52343941	22.13207245	18.78802109	22.18122673	21.20036316	21.90558434	19.06552315	21.28251839	20.95567513	19.50756645	20.61044312	21.84926796	20.9998951	23.00555992	21.70577621
XP_054981990.1;XP_054981989.1	23.83970833	22.91863441	24.11354637	23.51797295	23.39689064	23.23537827	24.01290894	24.07504272	23.94243813	23.15924835	24.04918098	23.50470161	23.51002502	23.06017494	23.38968849	22.97209358	23.11874962	23.35555077	23.317276	23.59786987	24.12123489	23.28714943	23.91159439	24.12368393
XP_054981995.1	21.92506218	20.52745438	22.79893112	22.35603333	22.07470131	20.62774086	21.45633507	21.48905182	21.9412384	20.56699753	21.66700363	22.01382828	22.48328209	20.98641777	20.98252296	20.69055367	23.57045364	20.84804535	22.0921669	21.11025047	22.93552971	22.9446907	22.55154419	23.73169136
XP_054982024.1;XP_012789165.2	21.634758	23.00214767	23.91515541	23.50057411	23.30841446	23.33101273	22.95342064	23.92324829	23.45236778	23.03103256	24.01273727	23.14119339	23.40028191	23.08345985	22.76447868	22.36482239	23.49874878	23.7522583	23.46637726	23.35702705	23.8439312	23.11063385	23.2896843	23.70229149
XP_054982036.1	22.73417473	21.6259594	22.08967972	20.49159813	21.08154297	22.35528183	22.4283886	22.83290863	22.6833744	20.62381744	22.64037323	22.38527107	22.60837746	19.77207565	22.85827065	20.97994423	21.16674423	21.53107643	21.63014221	20.93156815	21.19766617	21.23456001	22.27264404	21.96733284
XP_054982104.1;XP_054982253.1;XP_054977227.1	20.55852127	18.46372414	22.11638832	24.48185349	23.79441643	18.75538254	19.47187424	19.82051277	21.39916039	19.06846046	21.09899139	21.00250816	18.64230537	21.49804306	19.92038727	21.950737	24.06710434	21.62849808	23.76941109	18.47959137	22.44695282	22.66795731	21.57906723	23.51111031
XP_054982198.1;XP_054982197.1	23.77605438	22.27033615	24.09184265	24.61341095	24.74144554	23.06075287	23.5370636	23.71187782	23.02869034	23.30257034	24.14320374	24.29565048	23.84833145	23.87914085	23.94761848	24.52545929	25.58147049	24.42380714	25.06188202	23.92442703	24.75261497	24.72904778	24.47438431	25.32206345
XP_054982206.1;XP_054982208.1;XP_054982207.1	21.26487732	19.87813568	22.25790405	21.57265282	21.68127441	22.13520813	22.14033508	22.63927078	22.38540268	21.32520485	22.97603226	22.47795677	22.53281403	21.57888222	21.77964592	21.32196045	21.43165588	21.25810623	20.93876457	21.33336258	19.74310493	19.82480621	22.19934464	20.6894455
XP_054982297.1	24.59650612	24.77208138	23.11306953	24.70022964	24.21385956	24.36946297	24.88460159	25.32168579	24.78925133	23.68527985	24.91711426	24.04184914	24.51851273	25.03770828	24.26083565	23.21617126	24.48806	23.92650986	24.09498596	23.02710533	23.9916153	24.84455299	24.42290878	23.16738701
XP_054982328.1	24.7039814	24.07626724	25.05961418	24.71497345	24.77137756	24.4968605	24.42226791	24.59747314	24.06447411	24.24023438	23.61526489	23.92849922	24.02850533	24.05208588	23.60885048	24.60873795	24.42668724	23.92306709	23.68120956	24.65069771	25.3893261	24.4484024	24.37722969	24.98189545
XP_054982337.1;XP_054982336.1;XP_004609553.1	22.40774345	19.04786491	23.17960167	21.76364899	22.64414215	19.10924339	21.32728958	21.48831749	21.16698837	22.17682076	22.91301918	21.94628143	21.79740906	20.2014389	22.41379738	21.6497879	21.23718834	22.4471302	22.08932304	21.694767	22.80250549	22.81522942	21.29243851	23.25018883
XP_054982365.1;XP_054982363.1;XP_054982362.1	20.83579826	20.57607079	19.42206764	20.46408081	17.87240982	22.59493637	20.10367203	20.28237724	21.41622162	21.13451958	21.8644619	21.22664452	19.32685471	18.65877151	22.61479378	21.51672363	21.94788742	21.42618942	21.55833435	22.26212692	19.06676102	22.46518135	21.87458992	22.27551651
XP_054982430.1;XP_054982431.1	27.57945824	26.60865402	26.97661781	26.26733398	26.12291336	27.40365028	27.85709381	27.57564163	27.89313316	27.48983574	28.33849716	27.44015503	27.1834774	26.84350014	27.41972923	26.98760986	27.08972359	26.74201202	27.44426918	26.3047123	26.4751873	26.80550385	27.42846298	26.76812363
XP_054982433.1	23.52444458	20.17499352	22.58060837	21.57348442	21.41967201	20.62319183	23.41053963	22.30866432	21.4783268	21.41926003	22.77824211	21.27047729	21.8337574	21.44075775	22.52054024	22.35353279	19.77020264	22.21590424	22.04523659	21.99220467	22.58939171	21.08841896	22.28613281	21.8542614
XP_054982434.1	23.59923363	22.42283249	24.10637474	22.93192863	22.38958359	22.46530724	23.14381027	22.59996033	22.63765717	22.84532928	23.6468029	22.77918434	23.85367203	22.39393425	22.65099335	22.74663162	21.6306324	22.43435669	22.52936172	22.46652603	22.33794212	21.30546761	23.52229118	22.70138168
XP_054982435.1	24.1021347	23.81626511	22.85106087	23.58600426	23.96040344	25.23786736	24.6724968	25.3393631	23.38376808	25.58875084	24.34610939	22.73803711	22.9799614	23.69232178	24.99649429	25.17276001	24.01324844	24.22927284	23.73438263	25.20303154	25.71761513	23.68912506	23.76951218	25.07985115
XP_054982441.1;XP_054982440.1	19.33481026	19.62903786	20.36038399	19.54708672	19.99895096	19.75570869	19.67446899	18.8005085	19.35522652	18.78568077	19.9688797	20.60132027	19.93108559	18.81095695	21.62109184	20.96020889	20.49766159	19.39465714	19.78281593	20.68611336	21.91746902	19.82626534	20.55247116	20.39089584
XP_054987160.1;XP_054987159.1;XP_054987158.1;XP_054982450.1;XP_054987157.1;XP_054992690.1;XP_054998882.1;XP_054983666.1	21.19904518	21.96084404	21.97886276	21.62787437	21.80998039	21.29955482	22.74162102	22.68058777	20.77023888	19.94563866	21.84987831	23.6531601	21.72496414	22.09316635	22.5124855	22.56560326	22.96687508	22.00665665	22.68801498	20.89674377	22.68433762	24.28149986	21.33549118	22.68234634
XP_054982473.1;XP_054982472.1;XP_054982471.1	23.75276947	23.19264793	23.96455193	23.36573029	23.10808372	23.28841591	23.86391258	23.95562172	24.0432682	23.30326653	24.9769249	23.71816444	23.92306709	23.77605438	23.72161102	23.51388359	22.91128349	23.24218559	23.6118927	22.88453484	23.42239571	23.63544464	24.26384735	23.71082878
XP_054982488.1;XP_054982487.1	21.66288185	19.61453247	21.07051468	21.52635574	21.98763275	21.18694878	21.02032089	21.59368324	20.44701004	21.03617287	21.35256386	21.37697792	21.09093857	22.02992058	21.140522	22.00624466	22.03955841	21.87102127	22.32937241	23.286726	22.34247971	22.79893112	20.79598236	23.60896492
XP_054982513.1;XP_054982512.1;XP_054982511.1;XP_054982510.1;XP_054982508.1;XP_054982509.1;XP_054982507.1;XP_054982506.1	21.78120804	21.59932518	21.25793266	21.22887802	19.78726768	20.88166428	20.55702591	20.14518166	20.87462807	18.31711006	19.71839905	20.81425095	21.13157082	19.10220718	21.63045311	20.7487011	19.43455887	20.43389893	20.84842682	19.74537468	20.43094254	20.73958206	21.57195854	20.35530853
XP_054982580.1	21.78620338	18.33153534	22.0437355	21.90584183	22.22999191	21.40493965	21.7288723	21.5785141	21.14768219	20.61710548	21.20979118	21.53226662	21.45000267	20.56527328	20.91334724	19.9320488	21.52367783	21.94116592	20.47723961	22.16557884	22.70575523	21.51864624	22.40387344	21.81612778
XP_054982581.1	22.37273407	22.79689407	22.1886692	20.94635201	21.9902668	22.67529869	21.80668068	20.93214607	21.35638237	21.14569283	20.87485313	21.18277168	21.53587723	20.50377846	20.94813538	18.6462822	20.46761703	20.5118103	20.68970108	20.65935898	21.54971313	21.67551422	20.54264641	21.94831467
XP_054982617.1;XP_054982616.1;XP_054982614.1;XP_054982613.1	20.98085022	18.75533867	20.06131363	18.13160324	18.61095619	21.35310173	20.34071541	21.80727005	21.28268814	19.28165054	19.83568001	22.1133709	20.00737	19.4678688	18.99258995	19.89014816	18.7131424	20.96592522	19.88490677	19.05632591	21.92477226	19.4705658	19.15648651	20.6167469
XP_054982622.1;XP_054982623.1;XP_054975403.1;XP_004616402.1	21.95833397	20.6844883	23.94494057	24.08172226	24.17782402	21.10399246	20.65831184	20.9368248	20.28116035	22.2102375	21.76579475	23.6866703	22.87087059	21.9633522	21.85859299	22.97805977	24.44322586	21.17888832	23.69678497	22.80070877	24.19023895	24.96785164	23.29963875	23.52683258
XP_054982632.1	22.98205376	22.15742874	23.57784653	23.99438095	23.67648315	21.741436	22.83547401	23.32567024	23.60082245	23.48099136	23.74816895	24.07021904	22.96479797	23.26842308	23.39519119	23.05979538	23.71753693	23.24170494	23.27554512	23.31920624	23.29963875	24.08033943	23.04977798	23.66698265
XP_054982644.1;XP_054982643.1;XP_054982642.1;XP_054982641.1;XP_054982640.1;XP_054982645.1;XP_054982639.1;XP_054982638.1;XP_054982636.1;XP_054982635.1	21.03543472	18.77338028	21.74160004	22.59217834	21.93790245	20.56579018	21.11724472	21.93196487	20.90485001	20.0775547	21.49228287	21.06342125	21.21620178	20.95418549	21.20042229	21.00429153	20.3012867	20.24469757	20.31930161	19.36359596	20.32200432	21.15437317	21.60317993	21.27503395
XP_054982707.1	21.46123886	19.54496765	18.14300537	20.18918228	20.90961838	22.44204903	25.04855728	22.46906281	23.20952415	21.36970139	20.09725571	21.85266113	21.37475014	20.65097046	19.68493271	20.57579422	20.6395359	18.61198235	18.09434509	18.95903397	26.09093475	23.95091438	21.08420563	22.13495827
XP_054982788.1;XP_054982787.1	21.87335014	21.4379158	21.92904091	21.03415871	19.99920654	21.338377	22.00847054	20.55618477	21.17389679	21.01181602	20.69387436	20.49852943	19.65690041	20.16361618	22.35345078	22.19367027	19.81707954	20.43766212	21.84364319	20.72874832	21.85616302	20.68987083	20.07587624	21.56797218
XP_054982834.1	20.35214806	18.2224102	22.02425003	22.341856	18.84981346	19.08893013	21.6550827	22.42439651	22.63014221	18.70529366	23.20663452	21.99154663	23.22696877	18.81232452	22.93992996	21.12249947	19.7580986	22.74999046	19.82541084	19.56839561	19.21453857	21.92157936	23.29109001	22.09093857
XP_054982846.1;XP_054996749.1;XP_054996747.1;XP_054996746.1;XP_054996748.1;XP_054996745.1;XP_054996744.1;XP_054996742.1;XP_054996741.1;XP_054996740.1;XP_054996739.1;XP_054996738.1	22.39876938	21.78516579	19.81903076	22.23341942	20.77796173	23.62566948	19.09132767	22.41622162	21.79495239	21.7542572	22.39743805	23.03279877	23.03305054	21.50237083	21.95322609	22.88485336	22.27733421	23.21053505	23.52480316	23.79282951	23.00728989	22.65184784	24.26241302	23.95251465
XP_054982847.1	21.28240585	19.15686798	21.15196037	21.85429955	21.51323128	21.05304909	19.71282196	20.96775627	19.39926338	18.93795013	19.15552902	19.91078949	18.98568153	19.55505753	20.39519119	21.45728683	20.14823532	19.35622406	19.39050674	21.24388504	22.23587608	22.46051407	21.7426281	22.14317322
XP_054982859.1;XP_054982858.1;XP_054982857.1	23.4368248	24.03598976	24.43160629	24.64488029	25.073246	23.57554054	23.5323143	24.06348801	24.07030106	22.84563637	24.4124794	24.07234764	24.09160042	23.70123482	23.86957169	23.90407753	25.48477554	23.99291229	24.1848011	23.7654705	22.75529671	23.34813881	24.0284214	24.49759293
XP_054982928.1	23.06361961	21.27877998	23.28248978	23.02262497	23.33810616	20.44808769	19.36084747	22.0600605	21.79629898	20.65464592	20.78348732	22.23204422	21.39189148	21.27531815	23.56383705	18.95398521	24.23447227	20.58113861	23.05949974	20.36570358	23.2055912	22.74199104	22.86917686	23.66557312
XP_054982938.1;XP_054982937.1	24.92175102	24.35171318	24.45801353	23.83759308	24.28135872	24.59297562	24.80326462	24.79148865	24.45412636	24.48302269	24.35676003	24.16897964	24.40236664	24.1722641	24.31513405	24.1139431	23.45813751	24.34231758	24.15275002	24.06208801	23.79995918	23.67260361	24.01316452	23.93183899
XP_054983023.1;XP_054991218.1;XP_054991217.1;XP_054991215.1	24.4549427	22.34648895	24.83691978	24.57305717	24.59057999	24.76471138	24.89721489	25.69088364	24.79089165	23.45563316	24.74806595	25.46634674	25.01180077	22.62015152	23.34028053	24.31368256	25.04681015	23.13226128	24.84455299	24.82900238	25.31451225	24.75791359	25.63333893	25.51794243
XP_054983114.1	23.81019592	21.8304348	23.79114151	21.96522141	22.89650345	22.91321945	23.79213333	23.42572784	23.96868706	24.03229332	24.38666534	24.08707428	23.79193497	23.53136253	23.47901917	22.50127792	22.56613922	23.36853027	22.64956856	22.4123764	23.14900017	23.2054863	24.39185333	23.02403069
XP_054983162.1	23.43885612	23.48885536	22.93414497	22.24757004	22.66657066	23.6521759	23.97421265	24.16576385	23.48000526	22.47481728	24.69721031	23.27824211	23.95730591	23.64987564	22.47333145	21.63325119	23.54297638	23.93768692	24.21393394	21.63174248	21.98405457	22.33998108	23.29010582	21.8513279
XP_054983178.1	18.80932045	19.4889183	18.51144981	19.92870712	19.41482925	19.39533806	20.60582733	19.67597008	18.4436512	19.05402565	20.13608551	20.98808289	18.39814758	19.17451859	17.20084953	18.86520195	17.1001339	18.46992493	19.59764099	18.8695755	20.06802177	18.64272881	20.53715706	19.69615173
XP_054983197.1	23.36479568	21.1985054	22.93838692	21.76627922	21.30106354	21.34294128	22.61364746	21.50605774	21.79669571	18.13007355	22.13536453	21.67727852	21.96112823	18.72742844	20.91786957	21.38453293	19.44827271	21.25827789	21.24231529	20.07770157	20.95317078	21.32931709	21.32317162	21.33145142
XP_054983226.1;XP_054983225.1;XP_054983224.1	25.05961418	23.94485283	24.92913246	24.00152779	23.87370682	24.0390892	23.31215858	23.45738602	24.25320816	24.10669327	24.22626305	24.11949539	24.01520729	22.93962479	25.22332001	25.05320549	23.47506523	24.43179703	24.27689362	24.97548103	24.81870461	24.94333267	24.75882912	24.76430702
XP_054983231.1	22.07241249	18.47559166	23.70176315	22.49208832	22.7120266	21.36356544	21.62987518	22.75283051	22.16606903	21.22934723	23.68795204	22.77378273	22.86432838	22.2651062	23.18984604	21.71586227	21.80072975	21.46891403	22.44609451	22.52099609	22.6622963	22.62867546	22.7824688	21.90485001
XP_054983267.1	23.29249382	19.87888336	22.06108284	20.94628143	20.95240784	21.51050758	22.25095558	21.11616707	21.26745224	22.22299576	22.04710197	20.96578407	21.12540245	19.34523582	23.00761414	21.23555374	22.67275429	21.75893974	21.77023888	20.90859222	20.06880951	20.69310951	21.44500923	21.22140312
XP_054983346.1;XP_054993846.1;XP_054993844.1;XP_054993845.1;XP_054993843.1;XP_004614318.2	24.40418625	24.45167732	26.06402206	24.86994934	25.14437103	24.64344978	24.70967293	24.46269989	25.18211365	25.55704308	25.48591232	25.09442329	25.91743279	25.46693802	25.64270592	26.87771416	25.72116661	26.57042503	26.86112213	26.87161827	27.6857872	26.26581573	24.89915276	26.81004906
XP_054983452.1	24.21859741	25.47886467	24.5366478	25.04197311	24.5964489	24.68287086	25.67152405	25.95102501	25.56851196	24.71250916	26.38689613	23.51532745	24.12699509	19.74969864	25.12206459	24.25147629	23.52587891	24.07993317	24.51111031	20.17923927	20.199049	24.6041069	25.02453613	24.0674324
XP_054983562.1;XP_054983561.1	20.26325226	18.83971977	19.11629295	19.69934273	21.27230263	20.60385895	21.28500557	21.71875	21.86453629	19.25092506	21.86733055	19.13166046	18.63721848	19.61825371	20.2853241	19.83285904	18.94857788	20.55739975	19.36952019	18.52013016	18.06060028	19.92390251	20.24249077	21.06131363
XP_054983574.1;XP_054982577.1;XP_054982579.1;XP_054984880.1;XP_054984879.1	22.19300842	21.15288925	23.20179939	20.74861908	22.99889755	21.53269386	21.94055748	22.15505219	22.22258186	20.75645828	21.39937019	23.26513481	21.55627823	21.09093857	22.3235836	20.10508919	21.82683182	18.9651413	20.39790916	19.31983566	23.85281372	20.12918282	22.14867592	21.0222187
XP_054983591.1	23.32676888	21.6768055	22.87041855	22.12704277	22.67570877	21.79129982	22.02732468	22.53580666	23.02825165	23.18087769	23.82395935	22.55576324	22.39477158	22.55285835	21.94788742	21.03624153	22.55471039	22.2320137	22.59438896	20.54670143	19.75341225	22.19406128	22.53079033	23.47506523
XP_054983597.1	22.88892555	20.9330101	20.15313721	19.65570259	18.82634354	21.51797295	23.2026062	22.71324348	23.24814796	21.39665413	21.59700775	22.91874313	22.69655228	22.75000954	23.4379673	20.65011597	21.32608223	22.58872795	22.24907494	21.46503258	22.08634567	21.38553429	22.09090805	21.49145126
XP_054983605.1;XP_054982411.1;XP_054982410.1;XP_054982409.1;XP_054982408.1;XP_054982407.1;XP_054982406.1;XP_054982405.1;XP_054982404.1	26.37095833	25.65839958	26.38200378	25.85785294	25.89272881	26.66614342	26.62589073	26.65294075	27.11743546	26.22901726	26.49794197	26.03603172	26.19319344	25.97600555	25.53073692	25.10824966	25.19381332	26.01216316	25.85083771	25.01188469	25.46357346	25.93793488	25.71334839	26.210186
XP_054983638.1	25.6284256	25.72790718	24.59023666	25.11802864	25.90951157	26.20973969	25.49673843	25.61720085	25.14398193	26.27163315	25.26735115	24.74627304	24.89628983	25.2115593	25.2154541	26.221735	24.35494423	24.81919098	25.11989021	25.93140984	26.42334175	24.5676136	25.08760071	27.23954391
XP_054983667.1;CON__P01045-1;CON__Q2KJ62;CON__P01044-1	25.6340313	24.62694931	25.18691826	24.19873047	25.19272232	25.49173355	24.28630257	24.4998436	24.98502731	25.89451027	23.89263535	24.33640289	24.21341515	24.03305054	24.32608223	24.96044731	24.69439507	24.84646797	24.25601959	26.32175446	24.9295826	24.89087486	24.84833145	25.125103
XP_054983675.1;XP_054983674.1	24.47630119	24.31748199	25.45666695	24.21637917	23.75908279	24.57968903	24.85846901	25.1059742	25.051754	23.81411362	24.43498039	24.71575928	25.2235775	24.42809486	24.78691101	23.96146393	23.6300087	24.09635544	24.303545	23.34082413	23.0206089	23.37185669	23.97079468	24.34800339
XP_054983715.1;XP_054977055.1	28.2363987	27.64787292	28.15826988	27.74258995	27.55252075	27.58111191	28.21655464	28.00988007	27.65519524	27.48246956	27.55859184	27.31544495	27.63048172	27.00517464	27.1502533	26.72364235	26.5903511	26.7507267	26.94010925	25.91248512	26.73169136	26.1331234	26.83328056	26.74098396
XP_054983757.1	24.39591026	24.14055443	24.64932632	24.04176521	23.23975372	24.08318329	24.14094353	24.21497154	24.2303009	22.72550583	24.55326843	24.41731834	23.84460068	23.54651451	24.09780121	24.07365608	22.91825294	23.82754898	23.38495445	24.04159737	23.38653374	24.32943916	23.66535759	23.5161705
XP_054983818.1	22.64739609	21.22405624	21.64987564	21.91877937	21.52869415	22.20230675	22.37459183	22.60691071	22.80441666	22.32707024	22.73551941	21.91721535	21.34992027	21.7614994	21.74988747	21.21815491	21.42301178	21.21305847	21.92806625	21.36927605	20.68773842	21.31644821	20.86536789	20.24852562
XP_054983835.1	20.52046967	20.5945034	20.98891449	19.61225319	20.56913185	21.02776337	20.8016777	20.68654251	20.18628311	19.87257004	20.91757965	20.57791519	21.56871414	20.75727272	20.24794579	20.9217968	20.87657738	17.89886284	21.47447014	20.08147812	20.4636364	20.46523094	20.37358284	21.0545063
XP_054983896.1;XP_054980558.1;CON__H-INV:HIT000015463;XP_054988230.1;XP_054988231.1;CON__A2A5Y0;CON__Q92764;XP_054988449.1;CON__Q14532;CON__A2AB72;CON__O76015;CON__O76013;XP_004608819.2;CON__O76014;CON__REFSEQ:XP_986630	24.44688988	25.22986031	26.35612106	27.85845757	26.74381065	25.06233406	25.27912712	26.92761803	26.27047348	25.33395004	27.18328857	26.16589737	26.02185059	26.30317879	27.55281448	26.69272041	29.3554821	26.16296196	26.18059731	25.25864601	28.20694733	27.66519356	26.94960213	27.65006638
XP_054983925.1;XP_054983926.1	25.03682709	23.69795227	24.11195564	22.98139191	24.66746902	23.57080078	23.73531151	24.55186081	23.75256348	23.44783592	24.44455338	24.06463814	24.11290932	23.38824272	25.82546425	22.97821617	25.80572701	23.64107895	23.42943573	23.61245537	23.42777443	23.49032593	23.54757309	23.91788864
XP_054983928.1	23.13037682	21.15103149	23.44063187	24.68442345	23.58646202	22.17350006	23.62354851	23.07605553	23.1889267	21.7112484	23.16842842	23.96402168	23.83557129	21.75450325	23.1337986	23.55964279	24.07936287	23.30340576	24.04593468	24.61834908	23.84814072	24.80346107	23.29010582	23.91305542
XP_054984047.1	25.32577324	24.24778748	24.00812721	22.98709488	25.51968384	25.88625336	24.10477638	24.77077293	24.5266552	24.92506218	23.70788383	23.59434319	24.37895012	23.49203873	24.01954079	24.09924698	25.71306038	24.68163872	24.12392044	24.9522934	24.43993378	24.11060143	24.81396675	25.00731468
XP_054984106.1	18.9071064	19.77523041	21.19382095	20.77362251	20.80286026	18.83393669	19.74622536	21.06012535	21.18779373	21.29294395	19.35634041	20.92527962	21.17955589	20.7503376	21.36565018	21.94177628	20.89208031	20.62203026	21.53274155	19.43382454	20.836689	20.95943069	20.92665482	20.77667809
XP_054984113.1;XP_054984112.1;XP_054977606.1;XP_012790092.2	23.55438232	23.32909775	23.01964188	23.32882309	23.42624092	23.18008804	23.39767265	23.174263	23.27270126	19.7345314	23.29628181	23.47938919	23.84354782	23.51292038	22.79532814	22.50208092	22.09857368	24.50935936	22.50736427	25.91993523	23.67098427	24.3561554	22.72004509	23.33401871
XP_054984125.1;XP_054984124.1;XP_054984123.1	20.83476067	20.87627792	19.77749634	19.66810989	19.08395576	21.05304909	21.31418037	20.99209976	21.06104851	21.3114109	21.75139999	19.94135284	18.93671417	20.73677826	20.31759262	18.43667984	18.80278778	20.8994751	20.05199051	20.56216049	20.2067585	18.87073135	19.08421516	19.35118294
XP_054984130.1	20.02944946	18.74801636	20.39403915	21.77039909	22.10562325	19.10233498	20.74079514	20.41347122	19.9030571	18.62833405	20.99272346	18.79116249	18.72987366	18.75668144	20.36612129	19.52173805	19.42134476	19.91005135	19.61395264	18.79824829	19.88395309	18.65956688	20.53554916	21.36639786
XP_054984147.1;XP_054984146.1;XP_054984145.1	24.32580757	24.63992119	26.54045105	25.38271332	25.41728592	23.65206528	24.4236145	24.78636169	25.08557701	24.70303154	28.17821503	26.63381004	26.97421265	26.43890381	27.74271774	26.1744194	25.67527199	26.47773743	26.12778282	24.7137146	24.91250801	24.3631916	27.86761665	25.63134193
XP_054984148.1	19.74159431	18.30032921	21.2268219	20.31933975	20.13996124	18.69887543	19.73861313	19.64598656	19.55545616	19.79325104	21.54547691	20.6336937	21.30440903	19.65986061	21.72217369	21.47891998	18.83528137	20.32058525	20.18628311	19.32531548	20.51088333	20.31515694	22.23987198	19.5889492
XP_054984154.1;XP_054984153.1	25.94498634	25.420084	26.10393524	26.57931519	25.55762863	25.95907593	25.37335014	26.59761429	26.00919533	26.20024681	26.4652729	25.87112427	26.05645561	25.64317322	25.67890167	25.11616707	26.11237335	26.66383743	25.24651909	26.51965332	25.66033173	27.51960945	25.98480988	25.60277748
XP_054984179.1;XP_054984178.1;XP_054984177.1;XP_054984176.1;XP_054984175.1	18.67313385	17.88935661	21.44944954	21.29849243	19.77742577	18.63471603	21.03247833	21.23186874	22.26745224	21.48222351	20.74238205	21.40919495	21.85235786	21.23847198	21.43063545	19.61512947	20.17913246	21.0158062	20.37050056	18.72100639	20.80483055	19.10591888	23.62109184	20.37665939
XP_054984212.1	26.48483658	26.15863609	26.15267181	26.50824165	24.87914085	27.18215179	26.27787018	26.60949898	26.40605354	26.41651154	24.21445274	24.99985313	24.97513199	25.68241692	24.6037674	25.69781876	24.06890869	25.116642	24.51550865	25.43415451	24.69513893	23.75948906	26.20458031	24.94216919
XP_054984223.1;XP_054984221.1;XP_054984222.1;XP_054984224.1	20.66092491	19.13325119	19.53850174	21.21424484	22.25055122	20.08065796	19.44124222	21.94663811	20.50920296	19.09192085	20.90087509	19.28011894	20.52133179	19.19968605	22.00662231	19.67104149	22.41441727	19.1592598	21.80124283	18.55568123	20.2873745	22.86139679	21.22098923	22.79623985
XP_054984300.1	19.63818932	18.85159111	20.68473434	19.82630348	20.58287621	19.74181938	21.17931366	20.22623253	19.72954369	19.41543198	19.41273308	18.47484589	19.87461662	19.49511719	20.18887711	19.6589222	19.52949524	18.39974022	20.29589462	19.66308022	20.39508629	18.84247971	19.04390717	20.20559883
XP_054984303.1	22.8615303	22.10094833	23.22511482	22.76870537	22.629076	23.23368263	22.6788063	22.50951767	22.66099167	21.71170998	22.69074631	24.61492729	22.54377937	22.98306274	23.01641464	23.81303787	23.83662987	22.78216743	21.5121479	21.53050613	21.92019844	21.91126442	23.28149986	23.13638306
XP_054984316.1	25.38469124	25.7817688	25.70972443	25.09780121	26.29913139	26.61918831	26.2111702	26.06484413	26.97596359	28.22462654	25.49804878	26.09575081	25.9055233	26.45027733	26.50077057	27.03590584	25.52951622	26.01405907	25.30904007	27.10659409	25.57770157	25.72413826	26.70120811	26.16649055
XP_054984322.1;XP_054984321.1;XP_004618132.1	24.02580452	24.42726326	23.85243416	22.64932632	21.83699608	24.01418686	23.89393234	24.4307766	23.48456001	23.43885612	23.62265587	20.3804493	23.63400459	23.16908646	23.27980042	23.32841301	23.11020279	22.69748497	23.64713287	23.28911972	23.19892502	18.93782425	23.21623039	22.87346458
XP_054984383.1	19.63426208	18.87167168	19.46744537	23.91278267	20.23526192	18.54525185	20.53914833	18.97183037	21.24591637	20.17021942	19.8134613	19.3670063	19.4943943	20.3998909	18.7052269	19.71961594	20.91909599	20.37209511	20.67865562	20.52640343	20.30084801	19.82289314	20.53846741	20.77587318
XP_054984384.1	19.95302963	19.35024261	19.24039459	19.17364693	19.29135704	24.25068092	20.00826454	21.19856453	21.65057755	19.6067524	19.40945244	18.813591	19.56553841	20.3318882	20.86610222	21.56202126	19.78567505	21.60584831	18.58716011	20.11565399	19.46693993	19.71051788	20.44960022	20.43562889
XP_054984433.1	22.57533264	24.48609543	22.47122383	22.95196342	22.92656517	22.60614204	22.90822601	22.56062126	23.16149521	22.85796738	23.44417381	23.31975746	23.49509239	22.87895393	22.6469574	22.52480316	23.38416481	23.23219109	23.81293869	22.30852509	22.79774475	22.80626678	23.02749252	22.60783577
XP_054984476.1;XP_054984475.1;XP_054984474.1;XP_054984473.1;XP_054984472.1	21.38152695	22.43948936	19.89566422	22.70670319	22.20296478	18.8477478	19.23478508	19.58746338	20.08449745	19.06912422	18.70139503	19.41402054	18.80008698	18.80718613	19.6699295	19.39102173	19.37217903	18.8341198	19.32165718	20.56144714	20.19485855	17.15804482	20.19931984	20.24221992
XP_054984483.1	23.34732819	23.74160004	25.21874619	24.86410141	24.6531601	23.98927879	23.45161438	24.04251671	23.78266716	23.9197979	24.44771004	24.62644958	24.27433586	24.04076195	24.09087563	23.92822838	23.43999672	21.46931267	22.63988876	24.05945015	24.08780289	22.96954727	24.18850327	22.67063904
XP_054984542.1;XP_054984541.1	23.36626434	23.10679054	23.28065109	22.79507065	23.36466217	22.17596817	21.68183136	23.14071083	22.64055061	23.38574409	22.32270432	22.38226509	22.09972954	22.81056786	23.01677132	23.34190941	21.79157829	22.61259079	22.79471397	23.78735924	22.57793808	22.76969337	22.58765221	21.39015961
XP_054984609.1;XP_004605789.2;XP_054996042.1;XP_054996041.1;XP_054996040.1;XP_054996039.1;XP_054996038.1;XP_054996037.1;XP_054995438.1;XP_054995439.1;XP_054977529.1;XP_054977528.1;XP_004620964.3;XP_004611702.1	23.75185013	22.82909966	24.41183281	23.89938354	23.3997612	22.96816063	24.2456131	24.47821617	24.19618034	20.59532356	23.96728134	23.6601429	23.91131973	23.71208954	24.01137352	23.21069717	23.73158836	23.74190903	23.42175293	22.9699173	23.78596306	23.40145493	23.87333298	23.6145916
XP_054984623.1	22.27957344	21.51744461	18.36672592	22.0697937	21.18004227	19.78377342	21.42131615	21.6371479	20.68556976	18.83552551	22.00720406	20.77828217	21.91637611	19.61275864	21.25470734	20.86310005	19.269804	22.52508926	21.95485878	20.23888016	20.55487442	22.28900719	20.66761017	20.22646904
XP_054984748.1;XP_054984747.1;XP_054984746.1	22.08935547	21.90752792	24.10868835	24.56917953	24.14965248	23.22537994	22.18298531	23.41079903	22.97750092	21.39660263	22.36241531	23.14559937	22.53995132	22.17852402	22.42803001	23.27781677	23.84536743	23.15363121	23.53148079	23.25034904	23.14219093	23.67669868	23.15625763	24.5133419
XP_054984770.1;XP_054984769.1;XP_054984768.1	24.2666378	23.92813873	24.53177834	23.75755692	23.919981	24.15259552	23.88072968	24.29459953	24.17980003	23.92660141	24.13179016	23.9607563	23.92886162	23.3924427	23.76688576	23.61616325	22.94467354	23.65414429	23.89180183	23.68933868	23.10972595	23.64152145	23.10495186	23.48701668
XP_054984823.1	19.87623978	20.08251762	20.60295296	20.87387657	20.95226669	19.4688797	20.14544487	20.22293663	20.2974472	20.98953819	21.20329285	20.32432556	20.77096367	19.49714279	21.06342125	20.01807976	20.57302284	20.74123001	20.36837006	21.10001755	20.92998123	18.87594986	21.36206818	20.62693977
XP_054984886.1	22.32838631	20.19916153	18.58538055	19.97295189	20.7069149	21.46662521	20.16708374	20.23479462	19.16069603	19.41760826	21.97070694	20.33461761	20.28011894	19.80957603	19.06640244	19.36016083	19.95427895	19.52638435	19.36279106	19.7393055	19.31149483	18.83298111	19.94925308	20.21264267
XP_054984899.1;XP_004621990.2;XP_054985578.1;XP_054983255.1;XP_054984887.1;XP_004618106.1;XP_054983256.1;XP_054984901.1;XP_054985951.1;XP_054984900.1;XP_054983254.1;XP_054983258.1;XP_054983257.1;XP_012791271.2;XP_012791262.1;XP_004621943.3;XP_012791272.2;XP_054983245.1;XP_054983246.1;XP_054984888.1;XP_004621953.2;XP_004622313.2;XP_054984904.1;XP_054981371.1	30.66050911	29.30362892	30.95067215	30.3675518	29.89049911	29.74009895	30.68227577	30.12804794	29.35382271	29.46035385	30.18671608	30.44193649	30.6114006	30.20664597	29.79338455	29.71066475	29.17614746	30.00195885	29.8716774	28.86026382	29.73623276	28.86088562	29.13955879	29.22763634
XP_054984923.1	19.48019981	18.89796638	20.96515083	20.6425209	19.38315392	18.71076965	20.66544342	21.20967293	21.66244698	21.9516983	22.98485374	22.73580742	21.55982971	19.679039	21.75274849	21.90877533	20.78795624	21.47763634	21.34028053	22.96345711	22.82289124	21.93005371	22.45146179	21.61512947
XP_054984967.1	21.41240311	21.62707329	22.03429413	19.61777496	21.92513466	20.96141052	21.64134407	22.06605148	21.61108208	21.64724159	21.45055771	21.43267632	21.89763069	21.17108917	21.57879066	20.63706017	20.8060112	19.97820091	20.78124809	19.16974258	20.90624428	19.93718338	20.93279457	20.88382721
XP_054984994.1	20.0880146	20.54818726	19.26024628	19.23703957	20.69132042	18.86598396	18.75280571	19.72245789	19.34298515	20.21277046	20.06749725	20.64420891	18.93294525	19.19795418	19.42507935	19.18115044	20.71389389	20.57015228	20.92998123	19.21760941	21.126791	22.24481392	20.11629295	21.79431725
XP_054985062.1	20.05642509	18.66097832	18.65217972	20.16665649	18.50897408	18.75919342	24.82798576	21.45778847	19.13513374	21.16870308	19.60461807	21.33875847	18.66275215	21.65656853	18.80653	19.98458862	19.4267292	18.30516243	20.19135857	19.81365776	20.64297485	20.03912163	19.03877449	18.31698799
XP_054985064.1;XP_054984766.1;XP_054999549.1	25.51481628	25.15019417	26.02326775	25.09478569	24.81938553	25.36496162	25.76086044	25.66652107	25.4168663	25.34116364	25.82157707	25.22471809	25.27792358	24.64883423	25.5644474	24.75638771	24.27597046	24.70998764	24.79024506	24.70377159	25.27611351	24.03035927	25.34796906	24.82026291
XP_054985074.1;XP_054985073.1	22.11562729	18.31773949	22.47199249	23.41196251	23.12145615	22.06516457	22.4589901	22.66916847	21.59213257	21.77968597	20.62765121	23.11532593	21.81421089	22.74939728	22.03042603	22.65451622	22.69089508	23.527668	20.92542458	24.03170586	23.31824112	22.58012581	23.40496635	22.96988106
XP_054985077.1;CON__Q3KUS7	23.24532318	22.09629059	23.10086823	22.73696327	23.03093147	23.18898582	23.44581795	22.51797295	23.12336731	24.15753746	22.552248	22.3529129	23.18555832	21.89100456	22.87145424	23.94279671	23.19458771	22.8980732	23.01901436	23.84842682	23.42572784	23.01762199	23.94511986	24.07496262
XP_054985092.1;XP_054983581.1	28.06378555	26.45926476	27.50461006	27.15392876	26.39635086	27.34231758	27.16720009	26.9648819	27.59469986	27.38137817	27.42254066	27.04635239	27.09123802	26.7881813	27.53066254	27.18650246	27.02030373	27.26418686	27.50551796	27.06886673	26.80833054	27.18357086	26.45774651	27.56296349
XP_054985164.1	21.41488075	19.90056229	23.04178238	22.39490318	19.86598206	19.69525146	21.98189545	21.59158516	22.20827293	21.9543972	22.2520237	22.10661316	18.72301102	21.22246552	22.46118927	22.15656662	20.1133709	21.4367485	21.61360168	20.87312508	22.20284462	22.49230766	22.58201218	21.83672714
XP_054995740.1;XP_054985184.1;XP_054977905.1;XP_054987924.1	25.65288734	24.94748497	26.02354431	25.45547485	24.90540886	24.64047241	26.08084869	26.01099014	25.16127205	24.03565407	25.57230568	25.43227577	26.49251366	25.39852142	25.57369232	24.83932495	24.71727562	25.4879055	25.28936768	24.64905357	25.42136765	25.09944916	25.58106995	25.28054428
XP_054985241.1;XP_054985240.1	19.21049309	19.61854744	20.63502312	21.7065773	21.67361832	19.53072357	20.52535248	19.54007339	19.62989044	19.57036018	18.7349453	18.30728722	19.10422897	20.57173347	18.93018723	19.57118034	22.18386269	21.69298172	21.1133709	19.57025146	19.85910034	21.98568726	20.4873848	21.66674423
XP_054985326.1;XP_012790616.2	23.25522614	23.3742466	23.73055267	23.13291931	23.50579071	23.13508224	22.8322525	22.96437454	23.49081612	23.35622215	23.31658554	22.89528275	23.34394455	22.51176262	22.93504524	23.27355385	22.10040283	22.49389648	22.79024506	23.19264793	22.2399292	23.10822678	22.79841805	22.54938507
XP_054985368.1	24.64019775	24.45701027	25.1801796	24.67179489	24.84551048	24.32354164	24.44297409	24.62103462	24.80901909	24.27433586	24.72998238	23.90893936	24.73184776	23.95969582	24.32209778	24.00821304	23.38850594	24.54439354	23.93111801	24.36626434	23.64482498	24.19565392	24.97294235	24.26549339
XP_054985459.1;XP_054985449.1;XP_054985500.1;XP_054985384.1	21.68517303	21.31340599	21.8425312	20.43593407	19.62530518	18.55116653	22.67443657	22.2462368	22.58228683	21.18525505	23.35716248	22.02478981	22.56474495	22.65429688	21.84387398	21.77322006	20.97288132	21.8736515	22.31354332	20.35530853	21.90205383	20.51479912	22.30916405	22.16937637
XP_054985443.1	26.89804459	27.64526367	25.70416641	26.05308151	26.88959885	26.11684036	26.18752289	26.94782066	26.21495247	26.20553207	26.74046898	26.97585297	26.97945595	27.75442696	26.17980003	26.33131981	26.86502266	26.49915886	25.44654274	25.25781822	25.76582527	25.45613289	26.66207314	26.51190948
XP_054985445.1;XP_055001532.1;XP_054984637.1	26.00180817	24.96969795	25.30138397	25.58356667	25.12028503	25.79921722	25.84687424	25.38386726	26.33756065	25.72465897	25.55794907	25.68088913	25.85721207	25.6118927	25.48508263	25.13198662	24.1769886	25.4039917	25.40285301	24.6105423	23.09200478	24.9142437	25.50857353	24.27191734
XP_054985451.1	19.78116226	18.8311882	19.52194023	21.51662636	21.6938324	19.85816765	18.39986229	19.70063019	19.63928032	19.53243256	19.72162628	20.63555527	19.77851295	19.73593521	18.85621834	19.8213253	21.55529594	19.1550827	21.65333557	21.15022659	20.93955421	22.11689568	20.23801231	22.16361618
XP_054985508.1;XP_054985507.1;XP_054985506.1	23.12267303	22.27929115	21.18040657	21.95030975	20.44902992	21.77543259	23.11897278	21.28257561	22.56097221	18.43315315	20.67609024	19.95236588	21.25112915	19.52207375	21.88907433	21.1382122	18.84531784	21.43094254	22.17462921	18.64697647	21.58815575	19.25078392	19.54689598	20.69532013
XP_054985520.1;XP_054985567.1;XP_054985619.1	19.09464836	20.71638107	22.14367104	20.228302	19.76122093	22.05364418	22.33306313	21.66700363	19.69862175	19.28994751	21.97938538	21.61584854	20.09720421	20.97035599	20.7333889	21.61813545	18.38806152	18.79278374	19.24766922	19.36685181	20.26711082	19.47170448	21.45281982	18.73984528
XP_054985531.1;XP_054985532.1;XP_054985530.1;XP_054985529.1	24.45600891	23.71460533	24.40723801	24.39342499	24.15220833	23.93391037	24.85998535	24.72301865	24.62047577	23.41196251	24.7951107	24.76622963	25.31868935	24.56465149	24.27191734	22.67790222	23.32443619	23.85167122	23.18848801	24.13131905	24.49521446	24.01835251	24.37987518	24.03984261
XP_054988833.1;XP_054985745.1;XP_054985744.1;XP_055003362.1	25.38502121	25.06142807	25.6041069	24.67658997	24.28263092	25.06254005	25.77989197	26.46821213	25.46787071	24.30228996	25.50430679	25.72681618	26.6458149	25.33868408	25.17184448	24.66524887	24.37438011	25.23582458	25.39211464	24.53427505	24.63372803	23.74847603	25.13766479	24.29600143
XP_054985755.1;XP_004614001.1	23.61380386	22.00655365	24.36198807	19.418787	20.37103271	23.48750687	23.23654747	23.15590286	22.9203434	22.38616562	24.03674316	24.09313393	23.63045311	22.98572159	22.67940712	22.82195663	20.98196602	21.27007866	24.21385956	19.02310371	23.40236664	20.33083725	22.70944023	23.02330208
XP_054985936.1;XP_054985933.1;XP_054985932.1;XP_054985937.1;XP_054985928.1;XP_054985939.1;XP_054985926.1;XP_054985927.1;XP_054985919.1;XP_054985920.1;XP_054985921.1;XP_054985915.1;XP_054985916.1;XP_054985917.1;XP_054985918.1;XP_054985935.1;XP_054985922.1;XP_054985923.1;XP_054985924.1;XP_054985934.1;XP_054985929.1;XP_054985930.1;XP_054985931.1;XP_054985925.1	22.75389099	21.80884171	22.24504662	22.35831642	22.67990112	18.40665817	18.80433273	22.49797058	19.02597046	23.56290627	18.58454514	19.75348282	20.391716	22.04756737	21.91867065	21.72529793	19.61740875	19.31835556	24.98988533	19.63928413	21.76235199	22.22814369	22.05129051	21.74324417
XP_054985990.1	24.90545464	22.95048714	24.39662933	24.99027443	23.75246239	24.48855019	24.32244301	24.25140381	24.69439507	24.67406082	24.62360573	23.97867012	23.81166649	24.25551414	23.77283669	23.56720734	23.89198685	23.36158562	24.16261673	24.95872307	23.89115334	23.32827568	23.80754471	24.6413002
XP_054986043.1	24.22228813	23.45926476	23.68656349	24.17653084	23.59274864	24.06126404	24.48000526	24.66871452	24.88757896	23.08229065	24.40944099	23.64526367	24.28947258	24.60862541	23.0484314	22.99688148	22.32099724	23.35420609	22.35261726	22.91954422	22.70345497	23.34502792	23.6145916	23.06383324
XP_054986047.1;XP_054986048.1;XP_054986046.1;XP_054986045.1;XP_054986044.1	19.24212646	19.59692574	18.71792984	20.46592903	19.9963131	19.08398056	19.30840874	19.10714531	21.86359215	21.04306793	19.2359314	19.64654732	19.28302574	19.72112274	20.52807999	20.17792702	18.99681473	18.81115723	19.57415771	19.88916397	19.86936569	19.40236473	20.11754417	19.83286285
XP_054986081.1;XP_054986080.1	24.06652832	23.72275734	23.23968124	22.90936089	23.88306236	23.09960175	23.34272385	23.61200523	23.31354332	22.67624664	23.90380096	23.41196251	23.83200073	22.2401619	24.34807014	24.17888832	23.5847435	24.26813698	23.87445831	23.00800705	23.9738636	22.62238884	23.88827515	23.13199425
XP_054986113.1	24.16138649	23.39962959	23.26585007	22.26436234	22.32624817	22.17800713	22.8997879	22.41825676	22.78308868	21.96027946	21.53359795	21.97589302	20.12515068	21.86268425	20.96930313	22.99881172	20.60259056	22.18881989	21.72146416	21.58559227	22.99795151	21.84272385	23.04516983	22.14749527
XP_054986280.1;XP_054986271.1;XP_054986264.1;XP_054986256.1;XP_054986249.1	21.81354713	20.28219414	21.29972267	21.59249687	21.63187599	21.80136108	22.07949448	21.76595688	21.64094734	21.77996635	19.16606522	21.2559185	21.4934082	21.20401001	20.98711205	19.4143219	18.58209229	21.28031158	18.9103756	19.78001022	21.75816727	21.64535141	21.28189659	21.85437584
XP_054986368.1	22.22087097	21.09558296	21.63564301	22.15486717	22.10932732	22.1022625	22.15403366	22.27141953	22.70072746	21.66864967	22.42296028	21.87425232	22.09274673	21.66448975	22.08748055	21.77739906	22.37663269	22.45671082	22.36113167	21.88632393	22.23890877	21.71217346	21.90451813	22.09979248
XP_054986405.1;XP_012787293.1;XP_004611137.1	22.75615311	23.5743866	21.70484734	22.15031815	21.54769135	22.78598404	24.13633537	22.54115868	23.13389206	22.82088661	23.1600647	23.3698616	23.44366837	23.73345184	23.24430656	22.6587925	22.22293663	22.72100639	22.63129807	22.89107895	22.04603577	22.51002502	23.11326027	22.02282906
XP_054986440.1	27.92484665	26.81127357	27.66098595	27.29008865	26.66492271	26.83569145	27.01605797	26.79104042	27.11971283	27.105896	27.41755867	27.40924644	27.44711113	27.20964622	28.28947258	28.1763134	26.95980644	26.99269676	27.88238716	27.5760746	27.737957	27.56238174	27.58017731	28.36444473
XP_054986452.1;XP_054990426.1;XP_004603876.2	28.93038368	28.3286438	29.0326252	29.21678543	28.79915619	28.08557701	28.80301094	28.5516777	28.15773964	27.63740921	28.77523804	28.88684082	28.89359665	28.29754066	29.00474548	28.33368492	29.03149414	28.3340683	28.75528526	28.70137405	29.60576057	28.84433746	28.89671707	29.1725502
XP_054986524.1;XP_054986523.1;XP_054986522.1;XP_054986521.1;XP_054986520.1;XP_054986519.1;XP_054986517.1;XP_054986516.1;XP_054986515.1;XP_054986514.1;XP_054986513.1	19.02803802	21.17983437	23.49862671	23.98294067	23.57218933	23.74406624	19.19674683	24.50282097	22.59839249	19.64680481	22.61587143	22.86785698	23.50809097	19.59243202	19.78100777	23.51123238	19.55360603	18.93681526	20.00321007	23.22542381	22.66479301	23.19875908	24.79352379	23.36439514
XP_054986562.1;XP_054986561.1;XP_054986560.1;XP_054986559.1;XP_054986558.1;XP_054986557.1	24.83571625	24.65490913	25.88254929	25.30173302	24.9866333	23.82793808	23.97771072	24.86187935	24.41196251	24.235569	24.28326797	24.55742264	24.86126518	24.04426956	24.78211784	24.95091438	24.04009247	24.28616142	24.12896156	24.60433388	24.61138725	25.11913872	24.9700489	25.38439369
XP_054986580.1;XP_054986578.1;XP_054986579.1	21.98537445	19.59036827	20.77297783	20.96845818	20.92310333	20.54736137	21.58957481	18.6679554	20.66049004	18.52144623	22.41066933	20.62711716	21.22370338	20.08277702	19.83892059	19.24729156	19.78311539	20.69098091	21.44050407	20.69973183	20.24968338	20.29905128	18.08361244	20.4846344
XP_054986650.1	20.37179947	19.89490891	20.14058495	21.73520851	21.45803833	18.98436546	18.71274948	20.70902061	19.93962479	18.90640259	20.28635979	21.6794281	20.39393425	20.88255882	19.48416138	20.7436142	23.12194633	19.998106	21.16060257	19.46913338	21.29726028	21.49706841	20.93581772	22.24562645
XP_054986759.1;XP_054986757.1;XP_054986756.1;XP_054986755.1;XP_054986754.1;XP_054986753.1;XP_054986752.1;XP_054986751.1;XP_054986750.1;XP_054986749.1;XP_054998108.1;XP_054986760.1;XP_012789887.2	24.93660927	24.3013134	25.15576363	24.16622353	24.05042648	24.7424736	24.41815376	24.75816727	24.59985733	24.9519825	24.33769608	24.4187336	24.47109985	24.82313347	24.62605858	24.06011009	23.48062134	23.97771072	23.95100403	23.20816994	24.26413345	23.83325577	24.32168579	24.50911903
XP_054986784.1	26.29563332	26.21752548	26.12018776	25.2505722	25.49481773	26.03825188	26.35336494	26.00296593	26.24247169	26.07173347	26.78081703	26.34742928	26.16589737	26.08399582	26.53898811	26.5153141	25.75562286	26.47049522	26.56088066	25.96084404	25.92874718	25.9323349	26.49081612	26.21510124
XP_054986791.1;XP_054992378.1;XP_054992377.1	23.44783592	20.76636124	23.14315796	22.21833229	22.01127052	22.11870193	23.74221802	22.59739304	22.86459351	21.77096367	22.45490456	22.38690186	22.83838272	21.80727005	22.13567734	21.19358063	20.62738419	21.20973206	21.37729454	21.1903286	21.67409134	21.5483036	21.68461609	21.06427765
XP_054986794.1	21.80341148	20.82842255	22.90538216	22.50930023	22.44172096	21.13106728	18.97103119	22.49247932	22.4990654	22.16591644	21.98933029	22.59201813	22.03664398	18.69235611	22.12496185	21.78084755	22.20248604	19.21331406	18.22385788	21.81299782	22.16723442	22.26224136	23.04972839	22.82902145
XP_054987010.1	25.54633713	24.70777702	25.98291969	25.84644318	25.57853699	24.4225235	24.64488029	25.08812714	25.27632523	24.61694717	25.31108475	25.10469627	25.3651619	24.55303383	25.56127548	25.52901077	25.23271751	25.37046051	25.0888958	25.56561089	25.50975227	25.83857918	25.88641548	26.06868362
XP_054987022.1;XP_054987021.1;XP_054987020.1	19.36074066	17.89745522	21.21969032	19.39932823	20.98898506	19.52397537	19.6251564	18.7969017	21.603405	18.30634689	20.29457092	19.48589134	20.19856453	19.77744865	20.10222626	20.92549706	19.02423668	18.78311348	20.01399803	20.32531357	17.55149841	19.91687965	21.08505058	21.91604805
XP_054987106.1;XP_054987107.1;XP_054987105.1	23.83557129	23.63344955	24.38824272	24.00247383	23.70851517	23.24616432	23.85899162	24.10892868	23.98015404	23.80695534	24.46382332	23.88054276	24.19685555	23.72150612	24.53534317	24.13194656	24.00169945	23.83826637	23.66795731	24.2849617	24.3923111	24.54598427	24.49411583	24.11338615
XP_054987166.1;XP_054987164.1;XP_054987163.1;XP_004619065.1	27.66254807	26.78356743	28.32915688	27.12109756	28.45599365	25.95925331	27.81225395	26.69617462	27.73628044	26.08662987	27.44498062	27.81824112	27.89319229	27.06445313	27.92603493	27.40421867	28.20083618	26.76483727	26.95892143	27.81921577	28.78247452	28.46777725	28.32902908	27.75741768
XP_054987194.1;XP_054987196.1;REV__XP_055003246.1;REV__XP_012787459.2;REV__XP_055003234.1;REV__XP_055003232.1;REV__XP_055003233.1;REV__XP_012787457.2;REV__XP_004601367.1;REV__XP_054975959.1;REV__XP_004601368.1;REV__XP_012787458.2;REV__XP_055003237.1;REV__XP_055003236.1;REV__XP_055003245.1;REV__XP_012787461.2;REV__XP_012787462.2;REV__XP_055003241.1;REV__XP_055003242.1;REV__XP_012787466.1;REV__XP_055003243.1;REV__XP_055003244.1;REV__XP_055003230.1	26.37124062	26.09299278	26.8942337	26.85590553	26.4985199	26.26669121	26.40684891	26.98065567	26.70951462	26.56041527	27.16442108	26.82590103	26.91923141	26.80599594	26.83942032	26.75366211	27.19826126	26.61006355	27.21020317	26.80661201	26.47613144	26.8426609	26.80378151	26.53483963
XP_054987241.1	25.20702171	24.17417145	24.75409508	24.10173416	23.71408272	23.68378258	23.55062866	23.14505577	23.87923431	24.19106674	23.6531601	23.43440819	23.83479881	23.31741333	24.08383369	23.50154495	22.37206841	22.5681591	23.13447189	23.26956558	23.82745361	22.66938591	22.16928482	23.68002892
XP_054987308.1;XP_054987307.1	22.33226967	19.34078026	21.81624413	20.95034599	22.53945541	23.56325531	23.57680893	23.49570274	23.27298546	23.59957504	24.86405563	24.05332947	24.93530655	24.15290451	23.02764511	22.72519493	23.2639904	24.07977104	24.10669327	22.97685432	22.89024353	23.59821129	24.06874466	23.49032593
XP_055002946.1;XP_054987374.1	23.82425117	19.51530457	23.05865669	23.14346886	21.81088257	23.83845901	25.48250008	23.41660881	24.29312706	24.54209137	24.53688431	24.61509705	23.0408783	22.9412384	24.88166428	25.46799469	24.23403358	24.1059742	25.71122169	24.76283836	25.1021347	21.99355125	23.96146393	25.10425568
XP_054987387.1	21.47229004	19.98923302	21.05278206	20.7374382	20.68294716	21.30273628	21.80962753	22.05298233	21.54141808	20.33832359	21.06460571	21.43002319	21.00161362	20.7195034	21.60751915	20.43928719	20.95191002	18.30767059	20.85976791	19.54942513	20.9443512	21.22493935	20.74065399	21.22640991
XP_054987424.1;XP_054987423.1;XP_054987422.1	19.56570053	18.7502594	19.71102142	21.90510559	21.59573364	19.15144348	18.1256218	18.86845398	19.17915535	18.27045441	21.03099823	19.86601639	19.30387497	19.65918732	20.19639015	20.48973846	23.28898048	19.22877121	21.68880463	18.84205627	19.71269226	21.8704567	20.9142971	20.85239601
XP_054987426.1	24.39695549	22.89422798	25.21952057	22.79835701	23.42354965	23.5932045	24.46743584	23.92333984	24.78216743	18.3858242	24.12052345	24.01239586	23.87502098	23.61941338	23.50627518	22.16741753	22.93504524	23.71198273	23.67346764	22.14273643	23.10709381	23.46538162	23.42278099	23.11456299
XP_054987459.1	21.97746658	22.05936623	23.32099724	22.47701836	23.46538162	22.49384689	22.88779259	23.58279228	23.40976334	23.43542671	22.9770813	23.06848145	22.64420891	23.64262199	22.78508568	23.06956291	22.46016502	23.11063385	22.62834167	23.08877373	22.75164604	22.97510529	22.99932861	23.23805046
XP_054987461.1	24.04618454	23.02120209	21.69059563	23.20402527	21.98314857	23.69911766	23.53990555	23.9745636	24.39401436	23.68880463	23.96525574	23.5086956	23.31257439	23.16347694	22.96001434	21.97277641	22.22896576	22.5657196	22.27602768	22.61916733	21.97865295	22.70347595	22.67059517	22.3678112
XP_054987486.1;XP_054987485.1;XP_054987487.1	23.17067719	22.30190086	23.55777359	23.6421814	22.77990532	22.21611214	23.67605209	23.24254799	23.17192841	22.15276527	22.75918388	23.03234482	23.28855705	22.49777412	22.64392281	22.70545959	22.52092552	22.37331772	22.87410164	22.98946953	24.02825165	23.1978302	23.09584045	23.34867859
XP_054987503.1	23.48934555	21.70564842	23.65326881	22.68361092	22.55311584	21.00525093	21.58769798	21.25885391	22.14220619	21.34624481	22.0887413	22.38413811	22.45498085	23.25312233	22.04606819	21.90349007	22.52293587	21.49472618	22.23608017	22.15860176	23.24529266	23.98267937	22.38173676	23.0318222
XP_054995659.1;XP_054995658.1;XP_054991964.1;XP_054987570.1	21.52902794	19.15369987	21.14743423	20.73297501	20.73896217	19.51493454	21.56346512	21.48000526	20.55112267	19.67579651	19.98055649	19.71384048	20.90514374	19.38990021	18.72281647	19.45641136	19.24050522	20.32673073	20.26714706	19.26732063	20.75231552	19.71331978	21.0124321	19.80822182
XP_054987616.1	20.80781937	19.16214561	20.99030113	20.72117233	20.42439651	18.49331284	18.82716942	21.58214951	21.1933403	19.5611248	20.88173866	20.94120216	21.70767212	20.09558296	20.06565857	21.02059174	24.27213097	20.26865196	21.0263443	20.02445221	21.00319481	20.84022713	21.46538162	22.26014709
XP_054987643.1;XP_054987642.1	20.27002144	21.51734924	22.18040657	22.32994652	22.6367054	20.49658012	21.57408524	22.8874588	21.69089508	18.72722244	20.82865334	23.28729057	22.66377258	21.20854187	21.01331711	20.20311356	20.69200325	21.0010643	20.95155525	20.13595963	19.15178299	21.17237091	22.68769455	21.94109535
XP_054987677.1;XP_054987676.1	22.54139519	21.94181061	22.9338932	19.00444603	19.13703346	23.42290878	24.83595657	25.14608192	21.82923508	22.35627556	24.45888901	24.2766819	23.62287903	19.97857475	22.25767517	21.00990486	18.82806396	23.83807373	21.74451828	22.31763458	21.60132027	20.12942696	21.23794746	19.9536171
XP_054987781.1	27.35758209	27.03726768	27.13379097	27.13936424	26.88110352	27.69012451	27.20918083	26.77781105	26.91923141	27.5539856	25.98706818	26.49052429	26.16342354	26.19025803	26.18415833	26.62086868	25.27792358	26.02261162	25.81865501	26.91364861	27.51818275	26.20599747	27.21900368	26.50436783
XP_054987850.1;XP_054987849.1	19.78886414	19.65763855	19.99363518	19.4659481	20.14073563	20.58416939	20.27093315	20.12880516	20.51026535	19.8735466	20.32245636	18.60799789	19.49819946	19.89644051	19.0177269	20.0571003	19.26085854	19.49433899	19.7843914	19.56289864	19.47386169	18.02400589	19.44287491	19.73869324
XP_054987870.1	21.59591484	18.15195465	22.57269859	21.5439682	19.97960472	18.29810143	19.7196064	20.47924232	21.40468025	21.33216095	20.85559273	20.9099102	21.04313469	20.54783249	20.79850388	19.60508156	19.16267776	19.68021393	19.19337273	18.84747505	20.10597229	18.66296005	19.84395218	21.11845016
XP_054987871.1;XP_054987872.1	18.79236603	19.98568726	20.89326668	20.81103897	21.23175049	19.65991783	20.04318619	21.14270592	20.48174667	18.96880913	19.86713409	21.67749405	19.67205811	20.60747528	21.20305443	18.9025116	21.85604858	18.42704201	19.34934044	18.0219574	22.06417847	21.82873154	20.64438438	22.00881195
XP_054987885.1	19.54986	23.81088257	22.57925224	24.80818367	19.37594986	23.45851326	23.48222351	19.26005173	25.16000175	23.09804344	23.15924835	23.43491745	24.05887222	21.63635254	24.02622604	20.14424706	19.1592083	19.40377617	20.95780182	23.39962959	27.03160095	19.78147125	23.87811279	26.32945633
XP_054987912.1	24.55923462	23.87605286	24.4596405	24.03347015	23.92886162	24.1273098	24.4373951	24.49038696	23.69232178	23.42687988	24.86216354	24.63006401	25.13445663	24.10517502	24.63660622	24.58514404	24.7506752	24.56121635	24.46432114	24.75077629	24.70888329	24.62644958	24.50093842	24.96587181
XP_054987922.1	21.68782425	22.52492142	22.19168472	19.94153023	19.09194565	21.29367447	21.9557457	22.13664818	20.90404129	20.56513977	22.01328278	21.79495239	19.23812103	21.62867546	21.79574394	21.70505905	21.50992775	22.45025444	21.52673721	22.26046181	22.01821709	22.26313019	22.1398983	23.27270126
XP_054988011.1;XP_054988010.1	18.05696869	18.53617859	19.22956467	19.78028488	21.33924675	21.40717316	22.49061966	21.92842674	22.01512146	21.50368118	21.51296806	22.57650948	23.08564949	21.83630371	21.98325348	21.72691917	21.51734924	21.41105843	21.76696777	21.08530998	21.48064613	21.70960808	21.55739975	20.51103783
XP_054988058.1	22.08686447	22.62992096	23.80282021	23.7449913	23.13252831	21.83922768	22.95766068	23.15628815	23.29137039	22.08864403	23.00302315	22.51515961	22.85077477	22.40343285	22.98323631	22.80420113	23.64383507	22.63568878	23.09775352	21.90943527	22.66364288	23.25095558	23.64152145	22.59548187
XP_054988152.1	28.89235306	28.38063431	29.03351784	28.42650414	28.549366	27.64807892	28.03574753	28.35300255	28.20862389	27.66295624	28.31185722	28.17131042	28.54995346	27.84284019	28.26306725	28.08365059	27.26454544	28.03956985	27.37310219	27.68083382	27.81586075	27.88890266	28.38665009	28.71813202
XP_054988182.1	25.25763893	24.90508842	25.21948433	25.61231422	25.59194946	24.58955193	24.77766037	25.34894943	25.61652756	24.4518013	25.65261269	26.24096298	25.55897141	25.34766579	23.99748611	24.16913223	24.51267815	24.65108109	25.15981102	25.48502159	24.23761177	24.91811562	25.29354668	24.24713516
XP_054988228.1;XP_055003292.1	21.83953667	22.76224899	23.05007744	22.11041069	19.54670143	20.74098396	18.51543617	20.53602028	19.46183968	18.92633629	18.37232971	19.88885307	18.67138481	19.90921974	18.64761925	20.92700005	18.6353817	19.04268265	19.25679398	20.69939232	23.30577278	19.2907753	20.28816223	18.70377541
XP_054988254.1	22.26401901	20.40613365	19.97771072	21.53876877	19.62554741	21.39341164	19.81113243	21.4642849	21.15573311	21.49833488	21.91469955	22.66579056	22.12858391	21.65587044	22.30072784	21.25983047	21.81604958	21.92824745	21.93994713	21.6750412	22.22208214	21.13188553	23.56581306	21.75490952
XP_054988289.1;XP_054988290.1;XP_004621114.1	23.55754089	23.04937935	24.20717239	23.68453026	23.19490433	23.33946419	23.98936462	23.96780777	23.90738297	24.35319519	23.40418625	23.94574547	23.73376083	22.65455818	23.55309296	23.81489563	23.68228149	23.14379501	23.93210983	23.53433418	24.23578835	22.80996132	23.98858643	24.10964584
XP_054988345.1	19.56250954	19.4601326	19.224823	19.02980232	19.6715374	19.64448929	21.39315033	19.29712677	19.69940948	19.45308876	20.08848381	19.76329803	19.73968315	18.98603249	18.35854149	19.23924446	18.06635094	19.39714241	20.10473633	19.10225868	19.65681076	20.24300385	20.67481422	19.50359726
XP_054988392.1	21.99444962	20.51267815	18.65872765	18.57122231	19.99655914	18.37360001	19.54772186	21.58182716	20.5926342	19.5509243	20.53269386	21.32394028	21.07855034	19.93815041	22.9930172	22.69106483	18.40575027	19.56178856	21.32630157	18.1524334	20.17554474	20.26464844	21.28200912	21.19952393
XP_054988421.1	19.74698257	18.19845963	21.59304428	21.97550774	20.0009613	19.00828934	20.5467968	21.25488091	20.9565258	20.56625557	20.50804138	20.26870537	19.67811584	18.99103546	20.3361454	18.47035599	20.69803619	18.79898453	19.34016991	20.67225075	20.53269386	21.27514648	21.11737251	19.33577347
XP_054988502.1	19.33929634	18.14367485	20.99700356	22.51991653	20.65307236	19.18604088	20.58490372	19.07890701	19.32921219	19.75916672	18.58448982	21.02181244	20.72667122	18.7288208	19.24330711	20.16876602	19.62474632	18.89131165	20.75074577	20.49638557	18.89216232	20.60521507	21.84777832	19.82961464
XP_054988523.1;XP_054988524.1	24.58903694	23.90618896	22.51854897	23.54957199	23.14779091	24.05804634	23.92904091	23.03328514	24.15560913	23.55555153	24.00735855	22.89504242	23.97412491	24.10141373	23.04328346	23.3474617	19.04033852	23.25216866	23.39492989	22.1380558	19.51375008	23.74036598	24.28008461	21.50300217
XP_054988563.1	19.19752693	18.87349129	22.83740044	19.98620224	20.02955437	20.17160416	22.91768837	22.43817139	23.12109184	22.7664814	22.28460884	22.58749199	23.77625465	22.51826096	23.34651566	21.68619919	21.68645668	21.67461014	18.38222885	20.15890312	20.25492287	19.45175743	19.12643433	19.63696098
XP_054988619.1	23.81763077	23.58118439	21.67663383	22.072052	22.02367401	23.58691978	23.35863876	22.99064636	23.10642242	22.0941658	22.6067524	23.77695847	23.54415703	23.87051392	22.78526497	23.1909771	22.50927544	22.92428207	22.50552559	21.89463615	23.61739731	22.78116798	21.88907433	22.20591927
XP_054988643.1;XP_054988642.1	20.35272408	20.83992004	21.19760513	20.85041237	18.68670654	20.78540421	22.41108322	20.30752563	20.32912827	19.17569542	21.96289253	18.75623703	21.36431503	21.02783012	21.77454758	18.47607231	19.74607849	19.22425461	20.45462799	19.00786018	23.36051559	20.57200432	19.81697655	19.51643372
XP_054988648.1;XP_054991368.1	21.4713974	21.79014587	23.15681267	23.40444565	23.44657516	22.03848648	22.06592178	22.73415565	23.05455589	18.84579659	22.63451385	22.79201508	22.13389206	22.33142281	22.12439346	21.58132172	22.30502129	21.93987656	22.18404388	21.54443932	23.20593452	23.21375656	23.69943428	23.86665154
XP_054988659.1	25.09876633	24.87839317	24.60178566	24.04618454	25.63870621	25.84737587	25.14596558	25.33864975	24.20888329	25.55549431	24.56267357	24.25918388	24.90834427	24.92759514	24.32134247	24.21208	23.81889915	23.67874146	23.96613693	22.91250801	24.25688362	23.91122818	25.34962273	24.34780121
XP_054988745.1;XP_054988746.1	23.02320099	22.9392128	23.6421814	22.8331604	23.2886982	23.05341339	23.63367271	23.2504921	23.38350487	23.06959724	24.23081398	22.90641022	22.8296032	23.01770782	23.82890511	22.68656349	22.40701675	23.11722946	22.6198616	22.57528687	22.88905525	21.874403	24.3452301	23.29670143
XP_054988760.1	21.84942055	18.84488869	22.52006149	19.78562927	21.63307381	23.3066082	21.53857994	18.1042614	22.31246376	18.59965134	23.04550171	22.5637207	19.19036865	22.40906525	22.61443329	23.20536804	19.62856483	22.50622749	19.18979073	21.56897926	22.76089096	22.34497261	23.0218792	22.64792252
XP_054988790.1;XP_054988789.1;XP_054988794.1;XP_054988793.1;XP_054988792.1	25.46849251	24.40717316	25.42825508	25.23531342	24.90596008	24.17394257	24.79634857	25.33647156	24.76582527	24.30619049	24.45795059	24.77996635	25.66044235	24.24641037	25.16050339	24.41841125	24.14616013	24.24365234	24.06332207	24.92256927	25.40265846	25.20127487	25.76860428	25.02487564
XP_054988840.1	20.42131615	21.35519981	22.09006691	24.41196251	20.04300117	20.93481064	18.70016479	22.54710197	20.68131828	20.65499687	20.54321289	22.3394928	21.72471619	19.65620232	20.62147522	20.6103611	22.60084534	20.41617012	20.90153885	20.62435341	23.23502731	22.34686661	21.77864265	23.21822739
XP_054988913.1;XP_054986244.1;XP_054986239.1	23.83489609	22.7947731	22.59518623	22.32635689	22.93885422	24.13476944	23.47654915	22.26502037	21.64825249	23.46039009	22.00675964	22.10699654	18.63298607	22.22090149	20.82283211	21.87094498	20.26968002	19.75758171	21.95258713	22.10235977	21.69153404	20.37028694	22.30103493	20.92513466
XP_054988921.1;XP_012790365.2	24.29845047	23.08584404	25.29094887	26.44132805	25.72236633	23.40820885	23.83769035	23.93992996	23.81254768	24.35555077	25.11465836	25.3972168	24.72920418	24.73236465	25.08796501	25.15796089	26.7888031	25.60331535	25.91868401	25.92544746	25.77228355	26.68431664	25.53993416	26.52653503
XP_054988958.1;XP_054988959.1;XP_054988960.1	21.11426163	19.48335457	21.11971664	19.3944416	20.31047249	21.94817162	22.36415482	18.34577751	22.16152573	19.79011726	19.56929398	20.53701019	19.78015327	18.6897583	20.22954369	20.19640541	18.20449066	18.17446327	19.89800835	19.20920753	19.4794693	21.02039146	22.01784325	19.75949287
XP_054989005.1;XP_054989004.1	25.96615791	26.04568481	26.7875576	26.06800652	25.7644577	26.18974876	26.4107666	26.47052574	26.54195786	26.20849228	26.26200104	26.55572891	26.83291817	26.35531425	26.24930763	26.16754532	26.65731049	26.40299988	26.16831017	25.96413231	25.94290733	26.31642914	26.85162354	26.87150002
XP_054989019.1	26.1801033	25.5561676	25.30026627	25.25317192	25.81413841	26.39086914	25.69606781	26.19540977	25.57074356	25.87963295	25.84627724	24.91725159	25.2266674	25.32227135	25.24898148	25.21600914	24.82721138	24.95144844	24.70123482	25.70951462	25.04026031	25.11052132	26.28467941	25.59670639
XP_054989027.1;XP_054989025.1;XP_054989026.1;XP_054975411.1;XP_054975410.1;XP_004607447.1	22.57867622	19.98523521	22.38015175	24.82847023	23.27568626	19.74922371	20.79835701	21.49526405	20.7455864	20.75686646	22.50944519	23.5021534	23.04781723	22.09812355	21.55945587	23.02825165	24.81919098	22.17420197	24.11115837	21.91685104	23.46625328	24.06315804	22.43061066	24.28128815
XP_054989035.1;XP_054999354.1	26.3279686	25.45004082	26.36419487	26.27540207	25.79892159	26.34090805	26.63920403	26.3471241	26.44652748	25.878088	26.30982018	26.3679142	26.53018761	26.04161835	26.14887619	25.60303116	25.18215179	26.03644943	25.70144653	25.5484848	26.06724739	25.63089752	25.58155823	25.85429001
XP_054989036.1	18.07038879	20.04072762	21.94245529	21.28754425	21.20556259	21.11254311	21.05880547	21.88702965	21.79296875	21.55852127	20.84682083	20.97729111	21.55688667	20.93797493	22.03798485	20.42213821	19.35262489	18.80964661	18.39386368	20.9924469	21.2110405	19.03526688	19.86852074	21.20782661
XP_054997174.1;XP_054989037.1	25.15977097	25.14141273	25.75910759	24.35299301	25.1250248	25.61313057	25.52880096	25.16484261	25.32642555	25.69389153	25.41866875	24.61582565	24.69635963	25.14934158	24.40067291	24.24822044	24.47227859	24.63383865	24.82745361	24.46656418	24.33108139	22.84970665	24.07936287	24.08033943
XP_054989072.1	21.17072296	19.00942612	20.92752266	21.13689804	19.92010307	21.01058769	21.22381973	21.21323776	22.10495186	21.89674377	20.95737648	18.80093193	21.08050346	19.54584694	19.01669693	20.90675926	19.03966141	19.43431664	20.84513855	17.98589897	18.80819321	20.5490551	21.21193123	20.89059639
XP_054989076.1;XP_054989077.1	25.80084801	25.35114098	26.70740891	26.80439758	26.11993027	25.71805954	26.36826324	26.41841125	26.54898453	25.56144905	26.24296188	26.5929184	27.03023148	26.1570549	26.01565361	25.87222862	25.93597984	26.19760513	26.25517273	25.87422371	26.26786995	26.19636726	26.40125847	26.51448631
XP_054989104.1;XP_054989103.1	23.92488098	24.11783218	18.86011314	23.85936928	23.71030235	23.82084656	23.86504745	24.13750839	24.16177177	23.64196205	23.52683258	19.25950813	23.4434166	23.5161705	20.16875076	23.06095123	19.23593903	23.52097321	23.71229935	19.8726387	23.97351265	23.5323143	19.992033	19.35663986
XP_054989156.1;XP_054986237.1	21.04293442	19.69419289	22.24251938	21.05457306	22.20565033	19.20433426	18.3560791	21.15103149	21.43303299	20.15697289	19.90308952	19.59479713	19.16184425	20.54051208	19.73854637	20.65866089	18.75091934	18.4582386	19.40405083	20.36013985	21.2707634	20.17818832	22.06407928	20.53326416
XP_054989180.1	26.99873352	25.64803886	27.0524807	25.4054203	25.59954643	26.68725777	27.02569962	27.46590996	26.08960342	25.70714569	26.00701523	25.65997887	25.33592606	25.29119492	26.64622688	25.94596863	25.67182159	25.16438293	25.42053413	26.06377602	26.3471241	25.23648071	26.84290123	25.65305138
XP_054989195.1;XP_054983527.1	26.87970161	26.6895256	27.11227417	26.56547928	26.2216053	26.98576546	27.41538429	27.52005768	27.11187553	26.13029861	27.22995186	26.86183357	27.56514549	27.0905323	26.81933784	26.26307678	26.15944481	26.5796032	26.6412735	26.55776024	26.28015518	26.26171494	26.38301086	26.53738976
XP_054989254.1	19.15686798	18.09867287	21.12830162	20.75000954	18.62680817	20.52430153	20.75180817	22.04136276	21.52960014	20.70244026	21.15065956	20.80238724	21.31975746	21.16472054	21.10147095	20.18725014	18.70141983	20.04992867	20.34970474	19.85329437	19.66199493	19.94377899	21.60064125	18.75864601
XP_054989255.1	22.33524513	21.49218559	23.19696045	23.25479507	22.05645943	22.30226326	22.45375061	22.35700035	21.13043976	19.18537712	21.77884483	22.18216705	21.84555817	21.11591148	21.93822479	22.332407	22.47555923	20.81604958	22.47669601	22.1169281	22.77247429	22.2924099	22.35544205	23.23831177
XP_054989286.1;XP_054989288.1;XP_055000206.1	23.36706352	20.15610313	23.23978424	23.66275215	20.32289696	22.32006073	23.44215012	23.35016251	22.93506241	21.79237175	23.11971664	21.13533401	21.79467392	21.24632263	22.41805077	21.81612778	22.20794678	20.47872162	22.69055367	18.68964767	22.71636581	20.36153221	19.84415054	24.01945496
XP_054989287.1	25.42271614	24.88297081	25.98023987	26.31300735	25.60862541	25.10912704	25.37746048	25.63383865	25.54971886	25.17195892	25.83781052	26.17615128	26.04710197	26.234272	25.98986435	25.44606972	26.25959778	25.75712585	26.37119102	25.44449043	26.23640823	26.02383995	26.39710236	26.32378387
XP_054989294.1	21.45563316	22.03798485	22.01811409	23.22314262	22.32328224	21.89463615	21.82784081	22.42861938	21.90683174	21.35955048	22.25182152	22.40415955	22.36147881	21.97945595	22.44760895	22.80618858	22.55947876	21.66522598	22.80181503	22.07841873	22.53658867	22.89131927	22.95707512	23.05511856
XP_054989357.1;XP_054989356.1	21.6975708	19.79670334	19.78367424	19.94894981	20.24458313	18.80875015	19.48902702	23.38929367	19.05683136	18.57393074	21.90503311	22.47340584	23.03642464	21.43344116	21.74640656	20.49110985	25.2035923	22.3361454	21.42413902	19.02586937	22.76581383	21.21845055	22.45588303	22.09609795
XP_054989534.1	19.65895844	20.31351662	21.691576	20.56987381	19.98287201	19.52169609	21.03106499	20.88732719	21.33483696	20.75678444	22.09773827	20.41514015	20.37591743	20.50445747	20.68790817	18.99576569	20.96361732	20.36964798	20.07665825	18.82423592	19.29180908	19.93103409	21.20556259	20.77096367
XP_054989574.1	24.80217934	24.70609283	25.20426369	25.17039299	25.0914402	24.69551086	25.20108795	25.08913803	25.23498344	23.98320198	25.44572258	25.49359703	25.85899162	25.12245941	25.12008858	25.03846169	24.74868011	24.87445831	25.78001595	24.56569672	25.32988548	25.54294777	24.92827415	25.69194984
XP_054989585.1	18.49246597	18.1158371	20.63706017	21.70493126	21.98018837	20.69234276	20.36080551	20.00418091	19.69053268	18.86528206	19.76793671	22.50644493	19.41603661	18.92206955	20.39100075	21.11254311	23.23774338	20.57966614	22.5394783	19.4427433	21.78500557	21.88457298	20.85445213	21.82950592
XP_054989609.1	28.64975929	27.89983177	28.83424568	27.41264153	27.7980442	28.64670753	29.88280869	29.39611435	29.1788311	28.87314415	29.91584396	29.06535339	28.45912361	28.23040962	28.99552917	28.25457764	28.48296928	28.0591507	29.37023544	27.35136032	28.42890167	27.86390114	29.23532677	28.84843254
XP_054989635.1;XP_054989634.1	23.50675964	22.55044174	24.65387154	24.21193123	22.91897964	22.21741486	23.05017662	23.32374763	23.9380455	22.9760685	23.57484818	23.9045372	23.69614792	23.33973694	24.30605125	23.94717407	23.89263535	25.01873398	23.5961647	24.39584541	24.12352562	23.74919128	24.46039009	23.48591232
XP_054989641.1;XP_054989640.1;XP_054989642.1	18.3314476	19.5657196	20.89836884	20.85733986	21.07502747	20.73024178	22.35796738	21.18259048	21.05920219	20.81503296	20.9142971	21.26836586	21.54198456	20.68268967	20.95318985	18.85774803	21.02370834	19.53960228	21.40893555	21.07985115	21.31501007	20.37708282	21.55702591	21.48468399
XP_054989698.1;XP_054989697.1;XP_054989695.1;XP_054989694.1;XP_054989693.1	25.73626709	24.58422661	25.58620453	25.43348503	24.65294075	26.10599518	24.18434715	25.07712364	23.9865036	24.28630257	25.06151009	24.4085331	25.34807014	24.62360573	25.19050217	24.90490341	24.96040344	24.91988945	24.85443306	25.22607994	25.47187424	24.49722672	25.06274605	25.79902077
XP_054989740.1	20.88069344	21.00812721	21.05702209	21.09268188	21.53440475	21.62961006	21.49857903	21.50392532	22.10287094	21.35466194	22.11289406	20.80899811	21.37962341	21.39157677	21.68495941	21.46662521	21.74155998	20.24597549	21.50314903	20.63776779	20.17925262	21.66022873	20.0796566	19.46223831
XP_054989777.1;XP_054989775.1;XP_004615716.1	24.35231972	23.80734825	24.18850327	24.14483833	24.69747543	24.56639481	24.58623314	24.69306755	24.4379673	25.1040554	25.10836983	24.92962837	24.54657364	24.52892113	23.96358109	24.40911674	25.22751236	24.40008736	25.43083954	24.61621857	24.23022652	24.69821739	24.78371811	24.2493782
XP_054989850.1;XP_012787553.2	23.97561264	24.46811867	25.08820724	24.91602135	24.80020523	24.11783218	24.76238251	25.18601227	24.73070717	24.34000778	25.34948921	24.93818092	24.77519989	25.56244087	25.26517105	24.29235458	25.1313591	24.22714424	24.77449799	23.36519623	24.3755722	24.79158783	25.43281746	24.2932663
XP_054989881.1	21.20603943	19.98121834	21.96662903	19.46142197	21.34033394	20.59194946	20.52401352	21.60616493	20.03818512	20.70935631	21.91305542	22.9633522	21.86627388	21.6296978	21.80388451	21.04733467	21.44581795	21.17157745	21.21779823	19.79291725	19.8127327	19.94257545	20.23397446	21.19616508
XP_054989895.1	21.6842308	20.52735901	21.42762184	20.28782463	20.40301704	21.48473167	21.69459724	21.72625542	22.37830162	21.42531776	21.86902618	21.10488701	20.91217804	21.84153366	20.65744019	20.47585678	19.80921936	20.80923462	20.15400314	19.3044529	19.05425453	21.22022247	20.12110901	19.69657707
XP_054989901.1	20.17613411	19.80464172	19.54336357	21.59941483	23.44745827	20.93034172	20.69005013	20.35337067	19.22574425	19.27206802	19.13588142	20.38595581	19.79700089	19.38309288	19.64923477	20.33984566	23.6129055	18.70025826	19.8106575	21.47422218	21.74595451	20.387743	20.54924393	21.38284492
XP_054990148.1;XP_054997419.1	22.66081619	22.87305069	22.73376083	22.76143837	20.67788124	22.49194145	21.92683601	23.12797165	22.00771713	21.51979828	22.95032692	22.68564415	23.25695419	21.96511459	22.68874168	23.11949539	23.39191818	22.28596497	23.25034904	23.62399483	23.18647957	22.09625816	22.89580154	23.36733055
XP_054990151.1;XP_054990150.1;CON__Q3T052	23.96859932	22.55463982	24.1882019	23.40781975	23.44808769	23.79798126	23.77233315	23.66427231	23.34190941	23.8727684	23.02970123	22.91420555	23.33756065	21.34212685	23.34719276	23.88669586	22.03342056	22.48059654	22.74790192	23.68965912	24.35056877	23.15095329	23.66925621	23.89587402
XP_054990153.1;CON__Q0V8M9	24.17790031	23.02688599	23.83537865	23.35124207	23.29347801	22.43750954	22.41637611	22.9254055	23.29010582	22.36442184	20.81182289	21.92292213	20.55093384	17.69148064	22.32676888	23.73293495	22.2268219	22.89130211	22.10964584	23.41956902	23.01631355	23.33073997	24.29614067	23.88892555
XP_054990279.1;XP_054990272.1;XP_054990261.1;XP_054990253.1	19.33795357	18.45799828	21.9338398	21.36932945	21.64002037	21.48217392	21.3240509	21.56741524	21.62836456	20.88226128	21.65696144	22.10872078	21.87342644	22.13911819	21.41441727	20.12653732	23.18983078	22.21880531	23.39858627	22.24493027	22.64365768	23.28234863	21.38136673	22.42593384
XP_054990296.1;XP_054990295.1;XP_054990294.1;XP_054990292.1;XP_054990291.1;XP_054990290.1;XP_054990289.1;XP_054990288.1;XP_054990286.1	22.98659134	22.37392807	23.73210526	23.43771362	23.33878517	22.17599869	24.67066002	23.54179573	24.46157646	23.96208191	23.72733498	23.61930084	23.67938614	23.70882988	23.36559677	21.76603699	21.93019676	21.05840874	21.65652466	19.96098518	21.6132431	20.88613701	23.84335518	21.63604164
XP_054990300.1;XP_004602169.1	21.22858429	18.56521416	21.74861908	21.29490852	20.87177277	21.20806503	21.31804848	22.00188828	20.27962685	20.21466064	20.49784851	19.83420563	19.63226318	20.26533508	19.44223213	21.7735424	21.99676132	19.52817154	19.26673317	19.27309036	22.87265587	21.30385208	20.93574715	22.89413643
XP_054990338.1	23.07139778	18.19873238	23.49350548	21.63511276	22.44700432	22.31406975	22.21658516	22.42777443	22.87327576	22.76350594	23.09287643	21.76283836	21.97400284	21.48502731	22.97076035	23.08713913	21.14873695	21.81807899	22.49008179	22.66057777	21.12047577	22.16913223	21.98290634	21.68637085
XP_054990339.1;XP_054990914.1	24.14429283	23.89393234	23.53278923	23.29656029	23.62934303	23.50700188	23.16829109	24.0929718	23.1024704	22.19691467	25.26373863	24.30883026	23.88557816	24.7506237	22.84325981	22.84278107	25.94891167	24.22765923	25.58691978	23.95659828	23.82289124	24.73179626	23.43351746	23.69019127
XP_054990346.1	22.35968399	22.32997322	22.5493145	22.72916222	22.80933189	23.35904121	23.36185455	23.29557991	22.86638641	22.45126152	23.45387459	24.44997787	23.82143211	23.52540016	22.64337158	23.25234222	23.09516335	23.22126961	23.61963654	23.19066048	23.29375839	23.16340065	23.88054276	23.55683899
XP_054990363.1	23.88119698	21.02573776	24.32642555	24.73013687	22.71158409	21.72371674	20.98898506	22.04623604	20.3264122	20.32410622	22.93187523	23.29768181	23.1846199	20.91371346	22.61925697	23.10520744	22.99408722	21.28788185	24.43491745	23.40574455	23.86504745	23.65447235	24.00949478	23.50639725
XP_054990485.1;XP_054990478.1;XP_054990472.1	20.32322693	21.85931396	21.26688004	21.61360168	21.96091461	19.52285576	21.0940361	20.9514122	21.01365852	19.9096756	20.60467339	21.13495827	21.10181427	19.50245857	18.58486938	21.54802132	21.87511444	21.57855988	22.22169876	20.65298462	22.00905037	21.68820763	21.68097496	20.22881889
XP_054990647.1;XP_054990646.1;XP_054990645.1	23.49399376	22.85025978	24.2677803	23.65283203	24.48129845	23.40807915	22.96298218	23.09452057	22.47100067	20.78188705	23.26284409	23.48419189	24.14172363	23.14270592	23.3448925	23.20755959	22.68446732	23.26270103	23.61918831	23.91988945	24.11862373	23.35231972	22.60016441	23.43758583
XP_054990815.1	21.85559273	21.94270706	22.04710197	22.35568428	21.49541092	21.50867081	21.84410286	22.29933167	22.01678848	21.87470245	22.32330894	21.98200035	22.08602142	21.97239113	22.25787544	21.64816475	21.58118439	21.50125313	21.75123596	21.61135292	21.7678566	22.26421928	21.87777519	21.98367119
XP_054990853.1;XP_054990844.1;XP_054990839.1;XP_054990829.1;XP_054990823.1;XP_054990816.1	20.1892395	22.58313751	21.12691689	21.01420212	22.95990753	22.33407211	22.23905563	21.93218231	21.75319672	21.67891312	23.05266762	21.92281342	22.73311996	19.81899071	22.58875084	19.0383358	22.23818016	19.25489807	22.01290894	23.51340103	22.50008774	22.86504745	21.92186928	21.44662476
XP_054990906.1;XP_054990903.1;XP_054990901.1;XP_054990898.1;XP_054990897.1;XP_054990896.1;XP_054990907.1;XP_054990905.1;XP_054990904.1;XP_054990902.1;XP_054990899.1	23.37663269	22.87301254	23.45763779	23.39126205	22.76926994	23.07125092	23.40366554	23.53718185	23.48025131	23.23467636	23.55672264	23.27923393	23.50530624	22.87968254	23.58886528	22.61272621	22.38926697	22.84991646	22.66286087	22.57396889	22.74170303	23.02355576	23.33046532	23.06012535
XP_054991022.1	26.79079247	25.44897079	25.7204361	25.24760628	25.8150177	26.49034119	25.78770828	25.93584442	25.99948692	24.81806946	25.2454319	25.08832932	24.37477684	25.10097313	26.59960175	25.41815376	24.359375	25.25889587	24.33367729	25.11112022	26.93382072	23.50675964	25.94062424	24.73536301
XP_054991066.1;XP_054991065.1	26.73311615	26.04697609	26.87185287	25.59425735	25.89880562	26.7471447	26.97945595	26.97268105	26.51416969	25.52007294	26.60978127	27.00453186	27.75601768	26.6173687	26.76407814	25.88082314	25.34553528	25.97081757	26.27806473	25.51989365	26.16903687	25.59815407	26.38824272	26.47120857
XP_054991127.1;XP_054974255.1	23.47963524	22.75476837	24.33244705	24.89716911	24.26320267	22.59486771	22.72563171	23.57045364	22.9907856	23.45838928	24.18161964	24.5736351	23.58394051	23.87483406	24.22140312	24.52754974	25.51195526	23.78895187	25.11941528	23.72858238	25.02267647	25.31858635	24.11688042	25.25814247
XP_054991141.1;XP_054991134.1	24.49887085	23.9862442	24.08098984	23.95242691	24.38258171	24.49734879	24.27817154	24.1298275	24.03498268	24.33333588	24.3471241	24.51316071	23.69551086	22.84034348	24.70635605	25.58196068	23.60444641	24.2437973	24.60354042	25.18959808	24.97438812	24.31208992	24.57080078	25.09006691
XP_054991139.1	22.18216705	19.55306435	18.36577225	19.60032463	18.68487358	19.12268639	19.05010223	19.88527489	21.01324844	21.75217628	18.3926754	21.01399803	19.18272209	19.86791611	23.4921608	23.79282951	18.47459602	22.18897057	21.94970512	22.5950489	22.30443764	19.19264603	20.93156815	22.71962738
XP_054991153.1	23.97026825	23.23688316	24.44852829	24.0539093	23.60240936	23.30702591	24.43917274	24.43898201	24.21378517	23.45801353	25.06138802	24.23293686	24.93939209	24.54480553	24.55701447	24.27547455	23.12951279	24.16522598	24.2714901	23.40197563	23.56104088	24.83764076	23.87745667	24.18033028
XP_054991214.1;XP_054991213.1;XP_054991212.1	18.67180252	20.31196594	21.42419052	21.06940079	19.10372543	18.42130852	18.6690979	19.05152512	19.54969406	18.35405731	18.32068825	19.06237602	19.24688148	19.24539566	19.02447701	21.74595451	19.87629128	19.95225334	21.69820595	21.70180511	20.39487648	21.31351662	20.98287201	22.13389206
XP_054991247.1;XP_054979157.1;XP_054979156.1;XP_012790120.2;XP_054979155.1	21.6296978	19.09769249	23.16244698	20.28002739	18.09155846	20.00580025	18.87897301	16.71370888	17.90183258	21.52735901	21.40259933	22.46510696	20.5405674	21.92965508	24.76177406	25.82599831	22.08238792	22.36861038	21.95301247	24.7113018	24.6814785	24.48314667	24.66746902	23.67476082
XP_054991256.1	23.08597374	22.49679947	23.83431816	23.33279037	19.07074165	22.94765472	23.68249702	24.04759979	23.68720436	22.50106049	22.43568039	23.04129601	23.0500946	23.04240036	23.18111992	21.77039909	22.5013504	22.37334442	22.93948174	22.97987366	23.58187294	24.12123489	24.07830429	23.19038963
XP_054991268.1	21.12603378	20.04084396	22.14883041	21.31854439	19.784729	20.92172432	21.29507637	21.22746849	20.8707943	20.90851784	21.49989319	20.13069153	21.11476898	20.59868813	21.58279228	21.69548988	20.62702751	19.93401909	21.17237091	20.20955276	21.87904739	19.30617142	21.64548492	20.90013885
XP_054991300.1	24.89031792	24.617733	25.64806557	25.61977768	25.39276886	24.05117416	23.78496552	24.74123955	24.8089695	24.25860977	24.70972443	24.59599495	25.02428436	24.11846542	25.21652603	24.64036369	24.72951508	24.31499672	24.47975922	24.21630478	24.537714	25.02047348	25.61363602	25.38343811
XP_054991321.1;XP_054986951.1;XP_054997149.1;XP_054986950.1;XP_054986949.1;XP_054991322.1	22.09226227	21.32493019	22.35525513	22.2382679	20.06484032	21.29529953	21.93264961	21.41591263	19.96796227	18.60894585	22.72190285	22.51830864	22.43099403	22.72017097	23.16284752	22.76078987	22.1043129	22.3720417	23.31423569	21.83711243	21.67959976	18.23297882	22.44957542	19.94095039
XP_054991451.1	23.19464874	19.10415649	23.55999184	22.61292839	22.27292824	22.41671181	23.73789215	21.47719193	22.87614632	22.95856285	23.31547928	23.2187748	23.2349987	22.02353859	23.40833855	22.77241516	22.20743942	22.51219559	23.40353584	22.99268723	22.06437492	21.57883644	22.18915176	22.32838631
XP_054991475.1;XP_054991474.1;XP_054991473.1;XP_054991472.1	19.23980904	20.72733498	19.28956223	20.05031586	19.30449867	20.70150948	18.52578354	19.51080704	20.39853477	18.29524422	19.23189163	18.8254776	17.82997322	20.43522263	19.2449913	19.21160507	18.37644386	19.40170479	19.4266243	19.07069016	19.39378738	19.68694305	20.39634705	18.33152962
XP_054991479.1	20.83753586	18.96674728	20.89148712	18.99750519	19.70704651	20.69208717	21.77189064	21.24027824	21.41622162	18.1146946	22.27827072	21.49511719	21.2206955	21.00484085	20.62676048	19.01177979	20.30948067	20.64103508	20.25235939	18.84188271	20.20422173	19.51023293	20.76887131	19.2664814
XP_054991483.1;XP_054991477.1;XP_004615794.1;XP_004619359.1;XP_004618313.2	24.2359333	24.23761177	24.20650101	23.92886162	23.7634449	24.45538139	24.2898941	24.5400238	24.24532318	23.97875786	24.18759727	23.67616081	24.40665436	24.38099861	24.05067635	23.43109512	23.11787987	23.61009216	22.9049778	23.26140976	23.25364113	23.43657112	23.59707451	23.49155045
XP_054991496.1	20.19327927	19.83312798	19.87652206	19.86354828	20.18337822	19.90314293	20.43948936	20.46618271	19.08473969	19.44493866	21.76328278	19.05353928	19.29003143	22.40660095	21.74775887	21.5389576	19.93043327	22.07493019	20.56540298	18.17082024	20.12025261	19.08944321	21.73541641	19.97239113
XP_054991513.1	21.71049118	22.5837574	23.30883026	22.5447464	21.38879585	22.25378609	22.32523155	20.95602989	22.31628227	21.61355782	23.9916153	23.87876701	23.70260811	22.36658287	24.2700634	23.53480911	20.42572784	23.42329407	23.13760185	21.38316154	22.54493523	21.61930084	23.54886627	23.12033272
XP_054991544.1	29.20307732	28.42634392	28.22986031	28.9294529	28.44974899	28.55362129	29.18789482	28.62919617	28.65642357	28.6390667	28.0074749	28.23306465	28.36448669	29.44701195	28.27834892	28.22779655	27.92337418	27.92682648	28.90138626	28.26405334	28.22232437	28.91678429	28.01110649	28.1677742
XP_054991603.1;XP_054991602.1	23.93021584	24.35917473	24.63903809	25.34975815	24.01435661	24.13625717	24.25046349	24.55788994	24.35655785	23.46475792	24.73758316	23.86721611	25.06980896	23.6112175	23.84575081	23.63112068	25.56796074	23.82289124	24.05324745	23.7072506	22.88894463	27.84176064	22.80286026	24.03766632
XP_054991653.1	27.59099388	27.48439217	28.36786461	28.66139412	27.93190575	27.76856613	27.83074379	28.52028275	27.61104774	27.68839264	28.6961422	28.18631363	28.60942841	28.36461067	28.25750351	28.29596519	29.07938385	28.33470917	28.58502197	28.07699203	28.83355141	28.63072395	28.42930031	28.67670441
XP_054991657.1;XP_054991656.1;XP_004606270.2;XP_012787609.2	25.54919052	26.0456028	26.27641487	25.59106445	25.61175156	25.64861488	26.05938721	26.49946404	26.05146408	25.59571075	26.24094582	26.56280327	26.66261673	26.19899178	27.04978371	26.62477684	25.65072441	26.37177277	25.95690727	25.85314751	25.75913429	25.55092239	27.10339546	25.76698685
XP_054991711.1;XP_054991710.1	21.42787743	19.46127701	21.0674324	22.98622513	18.51424408	18.73287964	19.2586937	18.96133232	21.07535362	19.11519051	21.26333046	21.47862434	19.81644058	21.41606712	20.39487648	20.1649704	21.62965393	19.11903763	21.81299782	22.823843	22.11037827	21.46453285	22.39259911	22.72257042
XP_054991717.1;XP_054991716.1;XP_054991715.1;XP_054987652.1;XP_054987651.1	23.32429886	23.44164467	23.31409836	23.31354332	22.56671906	22.44833946	22.78198814	21.93736458	18.90953445	22.19189453	22.69095802	22.45239258	22.73607635	23.11030006	22.16161728	21.80668068	22.31343269	22.94193649	22.8111763	22.8226757	22.28875542	23.34759712	23.1894989	22.58201218
XP_054991737.1;XP_054991746.1;XP_012788785.2	18.45499039	20.88181305	23.09211731	24.05771637	23.25378609	22.92629242	22.10884857	22.84557724	21.84433365	22.30799866	22.99679565	23.62644958	22.81952286	23.23028564	22.37151146	22.84666824	25.25569534	23.41170502	24.60297585	22.53364563	24.36979485	24.21400833	23.02896118	24.71140671
XP_054991769.1	24.54244614	24.19602966	23.98450661	23.88334274	23.83508873	23.22740936	24.57427025	23.9603138	24.66963387	23.50494385	23.43275261	24.71732903	23.82065201	23.1906147	24.07332802	23.93445015	23.80282021	23.82386208	24.07569695	23.22348213	23.56500053	24.73272705	24.07920074	23.65927124
XP_054991771.1	22.46893883	18.18021774	22.71227837	22.6275177	22.05374336	21.4498024	22.36557007	19.78796196	22.33267975	19.25224686	22.65551949	22.31107903	21.98252296	21.03261375	22.03640747	21.40940094	21.3318882	21.10974121	19.65511703	19.40392303	19.53977585	18.77784348	22.39840508	21.60132027
XP_054991912.1	22.02353859	22.5487957	21.99645233	21.32630157	21.05893707	22.56267357	22.59652901	21.56472015	21.39487648	21.62774086	22.44068146	19.42432404	21.73252106	21.64147758	21.46218872	19.24208069	19.97146225	18.45200157	21.30424118	21.29266357	21.51537704	21.15967941	22.622612	21.11667442
XP_054991925.1;XP_054991923.1;XP_054985564.1;XP_054985563.1;XP_054984446.1;XP_054999143.1;XP_054998947.1;XP_054997081.1;XP_054996043.1;XP_054992730.1;XP_054992468.1;XP_054989355.1	25.15753746	24.50300217	25.32488251	25.21411896	24.83638954	24.65780067	25.78384209	25.45167732	24.82269669	24.1770649	25.03305054	24.94868851	25.58543205	25.41070175	25.72507477	25.37351608	23.88222313	25.26463509	25.07475853	24.41222191	24.79223251	24.76819992	25.6719017	25.00345993
XP_054991926.1	25.0760231	23.2903862	25.46170235	24.75674438	24.5836544	24.96172714	25.0945034	25.57770157	25.29911423	24.86584854	24.12242126	24.90531731	25.25266647	25.12119484	23.8839016	23.73376083	23.74447823	24.222435	24.46157646	23.58634758	24.00247383	23.32319832	24.85152817	23.81938553
XP_054991954.1;XP_054991953.1;XP_054991952.1	21.7542572	21.52745438	20.58993912	20.56885338	21.33510971	22.73927307	22.02201462	23.10304832	22.56711388	21.97736168	23.38139343	22.85741615	22.47132301	21.96852875	22.0826149	21.10437584	21.27617073	22.20970154	22.99009323	21.32251167	22.70362282	21.45317268	23.21917343	21.41931152
XP_054992080.1;XP_054992079.1;XP_054992078.1;XP_054992077.1	20.30830383	20.54018784	20.96986389	18.92821693	18.54224777	21.76842117	20.55964279	21.12653732	21.05636024	21.29899597	20.15881729	19.59045219	19.81658936	21.6395359	20.28680992	19.47731972	20.13733673	19.75461769	19.63617134	18.66751862	19.56237984	20.00111198	20.60286903	20.80293846
XP_054992093.1;XP_054998096.1	26.41823387	25.28376198	26.60144615	26.2577095	26.52399635	25.34221458	25.74052048	26.03686905	25.47787666	25.74750328	26.83146858	27.33304596	26.72806168	26.29054451	25.93660927	26.18805122	26.21599007	25.78181839	26.17571449	26.40135765	26.70516968	26.79897118	26.11362457	26.28876877
XP_054992112.1	19.15184975	17.78034973	21.06394768	21.76995659	22.12867928	20.15294456	18.68881989	19.11794281	20.27514648	18.42093086	22.28232002	23.56801987	21.17822075	22.31312943	21.16367722	20.90028572	23.36519623	20.18277168	24.11719704	18.7417469	20.85490799	22.26396179	20.7202549	22.92891502
XP_054992117.1	22.45991516	22.14077187	22.96557236	23.55496788	21.78735924	22.94431686	22.83389282	22.90115166	22.77725983	22.45786285	22.673769	22.37967682	23.07721329	22.37374306	22.32646751	22.57837677	24.97048759	22.33786011	22.911026	22.20532227	22.15341377	21.56318474	22.2382679	22.34483719
XP_054992149.1	19.7765007	19.49777222	19.66765785	19.43645668	20.19540024	19.6060524	19.06236267	19.25826645	20.20215797	21.81987381	18.34010696	22.00823021	21.94295692	19.65454292	19.68193436	20.93200111	23.11518288	19.85510635	20.96986389	20.16656113	19.89671326	19.76232719	21.79784393	19.24525833
XP_054992159.1	19.0601387	19.73032379	19.75280952	20.2787838	18.54764175	20.86506653	23.75327873	21.71200562	21.91126442	20.96035004	22.14938927	21.89282227	22.24004555	22.19961357	21.51513672	21.12161446	18.94348335	20.38648224	21.15924835	21.84643936	19.35987091	21.79499245	20.78380775	20.53763199
XP_054992194.1	19.25097847	16.52071381	18.62601662	21.13213539	19.28886032	19.38199615	19.94883728	19.53193092	18.42795944	19.09324646	19.36431503	21.58412361	22.58694267	18.56973267	19.14201164	20.28780556	20.10239029	19.91235352	20.86642456	19.07561493	21.13764954	18.82547379	20.17718506	20.30930328
XP_054992207.1	21.09274673	18.7293911	23.02440262	19.75543213	19.74241447	21.34386253	22.41887474	22.51373863	19.15229797	19.7922821	21.50280762	21.83174896	19.91157913	19.21984863	21.85764313	19.71889305	19.76783562	21.24806213	20.75678444	21.15721321	20.60204697	18.456707	20.18954849	20.92658234
XP_054992213.1;XP_054992212.1;XP_054992211.1;XP_054992210.1;XP_054992209.1	20.68731117	18.02577972	20.74509239	21.25718498	20.30641365	20.5231514	18.47092819	20.48640251	21.0253315	18.92552567	21.06500053	19.72360992	19.29835701	19.96578407	19.45458221	20.62341881	18.03019333	19.81307602	19.18780136	18.98920059	19.019804	18.72853851	20.51621628	19.44768143
XP_054992245.1	22.72219467	19.20642281	22.45487976	23.98511505	21.29238319	23.36238861	22.01729965	21.26670837	22.0197773	22.66951561	22.74720573	20.75784302	19.67341995	21.09145546	23.36359215	23.533741	24.14724731	20.91670418	23.39715195	19.17469597	24.25039101	23.26298714	23.57056999	24.32189178
XP_054992276.1;XP_054992277.1;XP_004605917.1	25.80658722	26.97333717	25.5790844	26.03663826	25.56392479	25.69643974	26.57744217	26.41551399	26.66492271	25.8179245	26.67519188	25.88126755	25.70464134	26.69192314	25.68131828	25.04664421	25.56651115	25.58823586	25.67155075	25.58540154	24.82885742	25.13723564	25.95497894	25.25774574
XP_054992303.1;XP_054992302.1;XP_054992301.1;XP_054992300.1;XP_054992299.1;XP_054992298.1;XP_054992297.1	19.35970306	18.75681877	18.79461861	20.88106537	21.24278069	20.75082779	20.52771568	19.48052025	21.37660599	17.75077248	20.63661766	19.13699913	21.46353722	19.72642326	21.00607491	19.80617714	20.3303566	20.07969475	20.1461792	20.3521862	20.234869	20.66735077	21.17675972	20.68619919
XP_054992428.1	18.90900612	17.84024811	19.40099525	22.66583443	22.97694206	22.70284081	21.73620033	23.57807732	18.83485413	19.52059937	23.52671432	22.47738838	22.15795326	19.63422394	22.01116943	19.92321777	21.95850945	19.34776497	21.94138145	18.75741768	22.33041191	22.49282074	22.77247429	21.90539932
XP_054992441.1	19.88632202	19.12158585	20.69183159	20.39519119	20.71087074	19.70524406	20.0625	20.77426529	21.73690224	18.25195122	18.3152771	19.79450798	20.09645844	19.94439888	19.15183067	19.29840469	20.40872765	19.60822868	21.0920372	18.97089386	21.13069153	21.19454193	20.95638466	21.17785454
XP_054992444.1	24.81772804	23.96278763	23.90407753	23.1458168	23.49935722	22.97496605	24.42617607	23.60297585	23.77786064	23.24394417	24.2588253	23.07897377	23.53136253	22.67643929	23.01181602	22.28697968	22.35718918	21.84968758	22.9460125	21.18894196	22.57249069	20.99838066	21.93969727	22.09464836
XP_054992482.1	22.35517311	21.62564659	22.84230042	21.90950775	21.8548317	22.19784546	21.97750092	22.35229301	22.40030861	21.88807106	22.422575	21.80341148	21.31931686	21.28427124	21.80825233	21.28002739	18.76730537	21.39136696	20.34868622	21.5036335	19.94171143	20.04631805	22.00782013	19.19190788
XP_054992497.1	18.87028313	20.06118202	20.77563286	22.44493294	21.73367882	19.58222198	19.85743713	19.70654297	18.98942757	17.95446968	18.9900856	20.6952343	20.01588249	19.81238747	19.22281265	19.50646019	22.09889412	19.30774689	21.34559631	18.19243813	19.88048363	21.64855957	20.62685013	20.25211143
XP_054992503.1;XP_054992502.1;XP_054992501.1;XP_054992500.1;XP_054993235.1	21.57070732	23.16363144	23.0915699	24.08836937	24.00152779	23.70091629	24.41589928	24.76506615	23.61548996	24.46668816	24.83773804	24.05225182	24.67675209	24.43771362	24.55315208	20.49296761	25.07451248	24.4047718	24.08642769	22.06144524	22.85540199	21.89670563	23.6292305	22.80548096
XP_054992567.1	24.16138649	23.11454773	24.55818367	23.15903282	22.91025925	24.14631462	24.30764961	24.21096611	24.59029388	24.20179939	24.58216095	23.21676445	23.74211502	24.24858284	23.81626511	23.39309692	22.93552971	23.0549202	23.69890594	23.53124428	23.0180645	23.19583511	23.04555321	23.76910782
XP_054992595.1	23.38600731	23.04543495	24.09103584	24.31430435	24.12959099	22.99496841	22.98888016	24.05316353	23.52814674	22.84664917	23.26313019	23.83961296	23.95322609	23.13628769	23.58909416	23.5135231	23.86381912	22.94672775	23.61582565	23.53599548	23.75399208	24.85685539	23.87773705	24.38363647
XP_054992638.1	25.25461388	24.40256119	25.93582344	25.88378525	25.10912704	25.2624855	25.39832687	25.73897552	25.20590401	24.78860474	26.17723465	26.40589142	26.16311646	25.86315727	25.69564438	25.85112381	25.40291786	25.6624794	25.80000877	25.92890549	25.72704887	25.95038033	25.97960854	25.85152817
XP_054992683.1	18.75346184	21.46448326	21.93239784	22.60027695	19.99580383	22.44440269	19.78748512	21.87646484	18.98856354	20.36837578	18.37301826	19.3563652	21.63254166	18.84790421	18.21396065	18.50360489	23.47060394	20.94413757	20.44659042	22.08053589	21.0043602	22.92361259	19.44106483	21.8643856
XP_054992728.1	19.02362823	19.7381134	22.52231407	22.10264778	21.84758568	22.2342968	22.12597084	22.19231606	21.95383072	22.78522491	20.86551857	21.54170227	21.63249588	21.65600014	22.21614265	22.76522827	21.50697708	20.89133835	21.25649452	22.87755013	21.95688057	21.58600426	22.91843414	22.00751114
XP_054992806.1;XP_054992805.1;XP_054992804.1	20.58536148	18.2328186	22.11388016	20.75172615	20.48453522	19.27982521	20.63325119	20.63988876	18.27470016	21.81151009	21.68483162	21.45332336	21.81979561	20.00799179	21.76461983	21.85045052	19.38824272	21.44217682	21.37268066	18.96110153	20.41956902	20.15003967	21.80238724	20.76336479
XP_054992841.1;XP_054992842.1;XP_004605081.1	22.73200226	21.78040695	23.14901733	22.94950867	23.56848335	22.03422737	22.67325211	22.29294395	22.54373169	22.29069519	22.20149994	22.89570808	22.73111153	22.25462151	22.36332512	23.09892654	22.09332657	22.29384232	22.0010643	21.92383003	23.56453514	22.03882217	23.43834877	21.93592644
XP_054992874.1	24.55590439	23.7673912	24.54598427	24.79491234	23.94324303	24.27554512	24.5828495	25.00139999	24.93463135	24.72951508	24.76789665	24.95779228	24.97333717	24.31796646	24.20456314	23.82531929	24.27873802	24.11925697	24.4708519	23.94082642	24.72499657	23.8038063	24.48209953	24.47072792
XP_054992965.1;XP_054992966.1	22.54557228	21.66501045	21.25758743	20.02137184	21.29977798	18.60975647	22.40421295	23.2591114	23.93346024	21.96229362	22.76920891	22.4522419	22.66983986	24.53296852	21.97931671	20.97764015	22.92819214	21.25124359	21.80671883	21.48821831	18.88592148	20.44465446	19.36863136	21.17961693
XP_054993265.1;XP_054993251.1;XP_054993101.1;XP_054992968.1;XP_054993215.1;XP_054993151.1;XP_054993032.1;XP_054992932.1;XP_054993257.1;XP_054993136.1;XP_054993141.1;XP_054993140.1;XP_054993138.1;XP_054993137.1;XP_054993143.1;XP_054993135.1;XP_054993134.1;XP_054993142.1;XP_054993144.1;XP_054993133.1	21.37501526	18.75146866	21.90231133	21.58710289	22.77207184	21.67848396	20.67435074	22.61874199	22.32633018	19.86863708	22.34272385	22.26221275	22.21305847	22.419981	20.99955177	21.0745697	22.98254013	21.83961296	22.62093544	20.01181412	21.70733643	22.11108017	22.11654663	22.06111526
XP_054992981.1;XP_054988641.1	24.05142212	24.70181656	24.65190125	24.12636566	24.12234116	24.74293709	24.91661263	25.41202736	24.80931282	24.79009628	25.33272171	24.222435	24.95531273	25.27792358	24.81068611	24.2642765	24.54933739	24.24278069	25.83968544	23.66394615	24.04476929	24.83402824	25.11810875	24.86386681
XP_054993001.1	22.6559124	18.34871292	23.79104042	22.35544205	20.39498138	23.03851891	22.44680214	21.69357681	23.03866959	22.33489037	22.57082367	23.34570503	22.86504745	22.47008133	21.98610497	21.83132362	24.87023163	22.0165844	22.79598236	22.62800789	23.40158463	22.02218437	22.35097313	23.36759758
XP_054993034.1	18.2453022	19.05075264	19.79652214	20.37166977	20.74081802	19.71798706	19.76463509	18.78167915	19.56504822	18.47574615	20.22940636	20.1309433	19.89262962	18.83765793	18.96772766	19.1509819	25.24045372	19.19805145	22.60514832	18.6317234	19.80858994	18.83818245	18.89782143	21.67689133
XP_054993052.1;XP_054993051.1	20.97833824	19.31851196	21.546278	20.58398628	19.48216438	17.85061646	20.81197929	20.44818878	21.2237606	20.16888809	19.84303856	20.34329033	20.42900276	18.50680161	19.04356766	19.80591393	20.53326416	18.83489418	20.55187416	19.75629425	18.99097824	18.52588081	20.87011719	20.98530579
XP_054993059.1	25.41448212	23.9221611	24.97915077	25.23428917	24.2714901	24.48523712	24.41344833	24.74365616	24.58055115	23.92605782	24.66709137	25.17073822	24.48148346	24.42579269	24.49466515	24.15437317	24.23622513	23.20573997	24.50875473	23.40509605	24.19430161	24.65201187	24.70139313	24.66166496
XP_054993130.1	19.36592484	19.87581253	18.81706429	20.28172684	22.42100906	19.89465714	19.32932091	19.56873894	20.33486938	19.91803551	20.79748726	20.6850872	19.8458271	19.7228775	20.13774681	19.98690224	22.02492523	19.7483902	20.28410149	19.6882	21.6240406	18.80545807	18.37960625	20.42961502
XP_054993131.1	28.66319275	27.63471031	28.21447182	28.67650414	28.35691071	28.30386734	28.27270889	28.1740284	27.68779182	28.18721008	27.85162354	28.25894165	28.38956451	28.15966606	28.44217491	28.31630898	28.5060482	28.42538452	28.81790543	28.00555038	28.11366463	28.67542648	28.06625175	28.7265358
XP_054997768.1;XP_054993220.1	30.01451683	29.67715836	29.6596756	28.79463959	29.18146515	29.89577866	29.79727173	29.60944748	29.83057785	29.09184265	29.50284767	29.13601685	29.06270599	28.56296349	28.77385521	29.01233292	28.49895477	28.82234955	28.85638046	28.85096741	29.17935371	29.03025818	28.84938812	29.23979378
XP_054993249.1	19.64579201	18.3370285	22.20925522	22.21035576	21.62840843	22.82289124	21.42864418	19.91917992	22.12984276	21.37930679	22.48736	22.25375557	21.97648811	21.41544914	19.15636826	22.57697105	21.61009216	21.3954525	22.37634087	20.25741577	21.78392792	22.10702896	21.63759041	22.15770721
XP_054993270.1	23.22947884	23.37875175	23.33919334	21.68187523	23.08634567	23.1434536	22.94761848	23.51556969	22.84433365	22.77472878	22.8132534	22.12155151	23.27739143	22.36842346	22.55431175	22.39160347	21.75698853	23.09061623	21.94374466	25.20441246	21.94599533	23.07329559	22.98884583	22.58446884
XP_054993290.1;XP_054999545.1	23.85927582	25.11755371	24.43478966	23.92840958	23.42751884	26.78081703	24.67847252	25.0098362	24.88087082	25.01920128	25.3973465	24.7112484	24.62304688	24.79575539	24.43783951	23.73500252	24.07553291	24.31305885	24.29438972	23.96322823	23.74663162	23.58233261	24.96763229	24.22059059
XP_054993389.1	25.71751213	24.82876015	25.6163311	24.69455528	25.97257042	25.02778816	24.11020279	24.36659622	25.01932907	25.88142967	25.87166405	25.65001297	25.06385803	25.27511787	25.69609451	26.5926342	25.02208328	24.60110474	25.7427578	26.59931946	26.32336998	26.23293686	27.06435013	26.27017212
XP_054993395.1;XP_004606087.1	24.75261497	24.56313896	25.24158096	25.0826149	24.84943008	24.29270554	24.86580276	24.98633003	24.70482635	24.12210464	24.7929287	24.92569542	25.23877907	24.90784073	24.76060677	24.4942379	23.9961071	24.36759758	24.11091995	24.20947838	24.64652824	24.32971382	25.19921684	24.58566093
XP_054993466.1;XP_004611494.1	22.12082291	18.89972687	22.00391388	20.20955276	22.43872833	22.40828705	23.18918228	22.55159187	22.93355179	24.68490601	17.6556263	21.59623337	20.24135399	18.57771683	21.03617287	22.4603653	19.66463852	20.95451736	18.90453339	22.4413147	24.09732056	21.08492088	22.78318787	21.50784874
XP_054993501.1	23.15904808	22.84018898	23.74683571	23.14017868	22.71525574	22.95808601	23.29516029	23.31188202	23.81743622	23.32292366	23.3436718	22.92419243	23.11026764	22.88380814	22.41776848	21.66951561	21.85494614	22.52919579	22.96386337	21.52430153	21.66890907	21.80408287	21.79697227	21.9746685
XP_054993506.1;XP_054993505.1	22.57292938	22.50792122	23.20500946	23.1972599	22.99548531	21.67551422	23.23052025	22.52816963	22.04533577	21.6473732	22.8462677	22.75660133	22.739048	22.16705132	23.21289635	22.3808136	22.36767769	22.27844048	23.13310814	22.06447411	23.42444801	22.68959427	22.90760231	23.44922256
XP_054993568.1;XP_054993567.1	26.16677856	26.03071594	25.30016327	25.66511345	25.41112328	26.51621628	26.35171318	26.94234848	26.92456436	26.61722755	26.96554184	26.30973244	25.94924545	25.23220444	26.26794052	25.98860741	25.50327492	26.60201263	26.19676208	26.66993141	25.69702339	26.68351364	25.28139305	26.1803875
XP_054993572.1;XP_054993571.1;XP_054993570.1	25.2275486	24.20575523	24.59957504	24.89545822	24.46699905	25.0921669	25.24869156	25.47568321	24.82556152	24.78446579	25.0146122	24.89970589	24.80577469	24.8490963	24.67454529	24.67658997	24.74719429	24.73469162	24.96736908	25.11350632	24.921978	24.91237068	25.04664421	25.14941978
XP_054993576.1;XP_054999090.1	23.84325981	23.9057312	23.58978081	23.00927353	23.5308857	23.7358284	23.80577469	24.02791405	24.24807549	23.4225235	24.83999634	23.92506218	23.96534348	24.04635239	23.48062134	22.54009438	23.28686714	23.5086956	23.13847733	22.75814819	22.30284882	23.3249855	22.99555397	23.75317764
XP_054993593.1	22.61085701	22.72257042	23.16495132	23.63289642	23.07313156	22.59247398	22.57038307	23.24509048	23.18655586	21.7214222	22.81027412	23.41751099	23.72140121	22.57447815	22.9800148	23.85176659	23.26899338	23.48283768	23.54863167	23.54851341	23.70461464	24.07683754	24.11481667	23.45901489
XP_054993629.1;XP_054993628.1;XP_054993611.1;XP_054993612.1;XP_054993613.1;XP_054993614.1;XP_054993616.1;XP_054993617.1;XP_054993618.1;XP_054993619.1;XP_054993620.1;XP_054993621.1;XP_054993622.1;XP_054993623.1;XP_054993630.1;XP_054993624.1;XP_054993625.1;XP_054993626.1;XP_054993627.1;XP_054993610.1	22.06220245	18.42860603	21.50232315	21.90584183	19.70472336	21.73413467	22.27491951	22.45452881	22.43494225	20.20609856	21.11553192	21.45332336	22.13285828	20.6794281	20.61548996	18.51795769	19.19649124	17.94654655	19.48099899	19.42088127	19.75722885	20.82656097	21.13088036	21.25770378
XP_054993634.1;XP_054993633.1;XP_054993636.1;XP_054993635.1;XP_054993632.1	19.87912178	18.85565376	18.9707737	19.50782013	20.12196541	18.2917614	19.95205307	20.47733879	19.48427963	19.88121414	18.93660545	18.37022781	19.27692032	18.9954052	19.2610302	19.50647736	19.17959404	19.8922863	19.18255424	19.55552864	20.26215363	19.25161552	20.02796555	18.69024849
XP_054993812.1;XP_054993813.1	23.3066082	22.66769791	24.22044373	23.17212677	23.0524025	23.10110855	23.15654945	23.03442764	23.54155922	23.42572784	23.13483238	23.44783592	23.03379059	22.7027359	23.38389969	22.66698265	22.50283241	22.59014511	22.86748123	22.36222839	23.15427971	22.05920219	23.39505959	23.04169846
XP_054993842.1;XP_054993851.1	22.58657646	22.76011848	23.48456001	22.56999016	22.59023666	21.24033737	22.71665955	22.74347115	22.38611221	19.65274429	22.39325333	22.77326012	23.55835724	20.17675591	23.25053596	22.07290268	21.93840599	20.7012558	21.60222816	20.54538345	23.23602104	22.53228951	22.68513107	23.22485161
XP_054993873.1	23.13775826	21.65000725	22.35441971	22.5470562	21.10712433	22.63924789	22.97058487	22.65346527	22.78172874	21.4127636	21.77015686	22.40392685	22.14811707	21.0975132	21.40582275	22.02965164	22.08735085	22.89607811	19.88928604	22.58348083	21.46951103	22.61658859	22.20940399	22.02438545
XP_054993926.1;XP_054993925.1;XP_054993924.1;XP_004605358.2	27.95227051	27.25223351	28.55189896	28.19324112	27.80544281	27.69564438	28.17987633	28.02347946	28.47344017	27.85168266	28.22536278	27.90196228	28.05563736	28.0511322	28.14836311	27.70938301	27.82499123	27.85845757	28.00512123	27.64855957	27.83833885	27.8080864	28.63238907	27.87343788
XP_054994050.1;XP_054974804.1	25.86851311	23.76991463	24.6365509	25.41763878	24.61414146	25.67959976	26.02030373	25.19035149	25.03334427	25.15240097	23.82240486	24.46357346	25.42294121	23.99213409	24.61829376	24.62939835	26.97847366	26.03808403	24.68201447	25.98641777	23.7055645	24.70477295	23.92895126	25.0415554
XP_054994091.1	19.97575188	19.70615578	21.80707359	20.69898796	21.38790131	21.19075012	18.70138168	20.46143913	20.68183136	18.22335243	19.71231651	19.13018799	21.54938507	20.0030365	20.22529221	18.77578545	19.1931324	18.6262455	20.58600426	19.81450844	20.01205444	18.57200432	20.20000267	20.60467339
XP_054994214.1	28.65068436	28.40149498	28.54874229	27.87009048	27.99738884	28.57927895	29.10141754	29.14474487	28.4215374	28.13349724	28.63675117	28.16925621	28.80270386	27.95138168	28.66864777	28.10819054	27.72149277	27.86714554	28.22025108	27.35228729	27.97120094	27.81249809	28.07433891	28.17954254
XP_054994254.1;XP_054994225.1;XP_054994218.1;XP_054994250.1;XP_054994240.1;REV__XP_054997591.1;REV__XP_054974466.1;REV__XP_054997594.1;REV__XP_054997593.1;REV__XP_054974473.1;REV__XP_054997592.1;REV__XP_054974465.1;REV__XP_054997589.1;REV__XP_054974458.1;REV__XP_054974464.1;REV__XP_054974463.1;REV__XP_054974462.1;REV__XP_054974461.1;REV__XP_054974459.1;REV__XP_004602758.1;REV__XP_004602759.1;REV__XP_054974467.1;REV__XP_054997597.1;REV__XP_004602760.1;REV__XP_054997599.1;REV__XP_004602764.1;REV__XP_054974472.1;REV__XP_054997598.1;REV__XP_054997588.1;REV__XP_054974469.1;REV__XP_054974470.1;REV__XP_054974471.1;REV__XP_054974474.1;REV__XP_054997600.1;REV__XP_054974468.1;REV__XP_054997596.1;REV__XP_054997595.1;REV__XP_054974460.1	23.93552971	24.22604179	24.40613365	23.72348595	24.0405941	23.35930824	24.00855446	23.96780777	24.09402084	23.26184082	23.67206383	23.65283203	23.83797836	22.60293007	23.51159286	23.46799469	21.97140884	22.84571266	23.05601311	23.31879234	24.20620346	23.08073044	24.0513401	23.30577278
XP_054994334.1;XP_054994333.1;XP_054994332.1;XP_054994331.1	21.99551964	18.64959526	21.78692055	17.88360214	20.03495216	22.57158852	21.61171341	19.96656036	22.05138969	18.49181747	20.83992004	18.85105705	22.46181488	18.87004662	20.84552002	19.32398796	19.21031761	20.8225975	18.79571533	20.05623245	18.96241188	18.97221756	20.78635979	19.46190071
XP_054994495.1	19.25049591	18.79411316	19.51655006	19.83364105	20.45622253	20.84972572	22.27781677	20.90844536	20.48492813	18.83909225	20.40567398	19.63010216	19.11123276	17.93493843	19.24027252	18.50275803	19.21453094	20.28658676	19.59362221	19.34178162	19.48466301	18.5813427	19.02823257	19.13690758
XP_054994591.1;XP_054994590.1	21.91291046	19.45837021	22.42303658	22.36356544	22.17685127	21.85079384	21.93930244	22.20248604	22.20472717	22.12256241	22.48588753	22.19730568	22.46689987	21.73082161	23.0877552	22.27378273	21.92364883	21.89148712	22.52783585	23.09656334	22.35828972	22.55171013	22.13354683	21.25193787
XP_054994670.1	25.62212563	25.15387154	25.26820946	25.1752758	24.58543205	25.16057968	26.05457306	26.01267433	25.45177078	25.1273098	26.12685776	25.8183136	26.11598778	25.90864182	25.75419617	26.50065041	26.27497673	26.36497879	26.3746109	25.5053978	26.30904007	26.05106926	25.8771286	25.85333824
XP_054994673.1;XP_054994672.1	20.29782104	18.9648056	21.01726532	19.51117325	18.60866928	18.93082619	20.96218681	20.61692619	20.73363686	19.4623394	18.51375771	20.48168182	20.93077469	19.24850845	19.24271011	19.32423401	18.97277451	19.41023636	19.58164406	17.65462875	19.73912048	19.8956871	20.23004913	20.30973053
XP_054994696.1;XP_012789010.2	24.6568737	23.94351196	24.61464691	24.0960331	23.941185	24.8813839	24.91497231	25.03544426	24.97779846	25.16453552	25.10609436	25.07386017	24.71560097	24.42476845	25.25497437	24.97954369	23.69178963	24.38337326	24.33626747	24.33142281	23.50675964	23.76809883	24.93467522	24.05730247
XP_054994722.1	23.89726067	24.14957428	25.27287865	26.28637314	25.85965538	24.46282578	24.55379677	25.1007328	24.98111153	24.4361248	25.65023232	25.98713303	25.75569916	25.31070518	24.42930794	24.97578812	26.75161934	24.92587662	26.21623039	25.15228462	25.32587624	26.56569672	26.0594902	25.98333168
XP_054994773.1	28.53682518	28.10024071	29.52194977	30.28416443	29.99131775	28.50763702	28.60279083	29.49199677	28.3799324	28.42694473	29.18366623	29.76652908	29.11030769	29.15337372	28.98980331	29.23020363	31.14089966	29.11391258	30.26315689	29.08410645	29.96389008	30.77258301	29.69731903	30.28658867
XP_054994790.1;XP_054995037.1;XP_054995036.1	21.62916374	19.85720253	23.7803669	25.04697609	24.15158844	21.80895996	21.27747536	23.22196388	21.47040558	21.88892555	22.88054276	23.59160805	22.96698189	21.11527824	23.33388138	23.84249306	25.49145889	23.1518364	24.70614433	22.57902145	24.45657158	24.19925499	23.34380722	24.8771286
XP_054994868.1	21.71326447	21.71657562	22.41514015	21.99507141	21.65813828	21.67719269	22.23713112	22.68978691	23.4342804	23.06223679	22.82359123	22.51799774	22.97604942	22.9312973	22.53585434	21.58989525	21.49101067	21.63807678	22.13564682	20.79875374	21.18803596	21.3807869	23.36279106	21.81409454
XP_054994900.1	21.5148468	18.48203659	20.8856163	20.91706848	21.33832359	20.91830635	21.47427177	20.08798981	21.30963707	21.55135727	18.86861038	21.6671772	20.84314537	20.78524399	21.30134201	19.5231266	21.51470184	18.91059113	18.61937141	20.14954758	20.6971035	19.59393311	20.11978912	19.78245163
XP_054994929.1;XP_004610928.2	23.00581741	21.13964844	23.80114365	22.16127968	23.87895393	23.86881828	22.92889786	23.03530121	23.80656242	24.60608482	24.80508614	24.21534157	25.14129448	24.70630264	25.34509468	24.54680824	23.88334274	23.15568542	23.94064713	23.39008141	22.63260651	22.58886528	24.07300186	22.9543438
XP_054994931.1	24.36826324	24.43548965	24.38824272	24.47926521	24.76086044	24.58657646	25.15402603	25.16764069	24.24074554	24.25731468	24.59417343	24.48099136	25.12793922	24.86617851	24.37623596	23.80754471	23.99222183	25.0322094	24.46917534	24.89277458	24.78491592	24.74375916	24.92243195	25.04647636
XP_054994947.1;XP_054994948.1	20.47238922	20.59541321	21.33248901	18.1012249	20.04766464	19.453022	20.69845963	20.53497505	19.43367195	20.25054932	20.77959824	19.29140854	21.74201202	20.32619286	20.5228653	18.62732315	19.2840538	18.07140923	20.20889854	19.09394646	20.4724884	19.7610817	20.12696648	19.95859146
XP_054994957.1	22.1699276	18.45447922	19.11647034	25.56514549	18.95222473	20.88688087	18.51709175	18.50432205	21.44667625	18.74430466	18.62588692	20.21750259	20.46951103	19.35024643	19.0090847	19.14364815	19.74036407	19.24649048	19.91628075	18.5891819	20.02667427	19.95705223	20.8303566	19.95986366
XP_054994961.1;XP_004620761.2;XP_004613825.1;XP_054979263.1;XP_055001888.1;XP_004604569.2	23.20791626	23.16064835	24.66161156	25.11802864	24.39780426	23.32072258	23.58152962	23.73334885	23.09638786	23.06825256	23.88418198	24.39943504	23.50397301	23.20503998	23.27611351	23.87745667	25.12790108	23.57565498	24.44461632	23.0150547	24.57796097	24.824543	23.86778259	24.80217934
XP_054994972.1	22.18204498	22.50443459	22.25312233	22.59643745	22.32843971	21.46956062	22.23841476	22.85429955	23.05611229	20.52420425	22.98731995	21.91655922	22.06920242	21.94195366	21.66409874	21.49692154	22.13523865	21.61288261	22.65628433	21.46826744	21.33238029	22.28926086	22.67286301	22.16481209
XP_054994985.1;XP_054994984.1;XP_054994983.1;XP_054994982.1;XP_054994981.1;XP_054994980.1;XP_054994979.1;XP_054994978.1	22.30365753	21.20895767	22.64980888	23.31644821	21.64094734	23.01857376	23.68131828	23.07439041	23.09061623	22.47617722	21.88043022	21.51210022	22.73952103	22.46196365	21.5632782	20.31229782	19.85780334	22.70351791	20.48866081	23.37928009	21.1599865	20.82919693	21.15573311	20.83560944
XP_054995027.1;XP_054995019.1	19.46158981	20.01930237	19.04559708	20.33606529	18.94646645	21.51936531	20.66674423	20.03550339	19.48437881	18.85417366	20.82252121	19.05893326	19.94792175	20.3709259	19.89718628	18.25814819	19.44698334	19.3362751	19.50090408	18.82393646	19.43050385	19.77861595	20.48663521	21.13921165
XP_054995035.1	20.38184357	20.35584641	20.51835823	20.49394608	20.8796463	20.16656113	19.95730591	20.25868034	20.4488945	20.31118965	20.44546318	20.87979507	20.7059021	19.83732033	20.33319855	19.42441559	18.49189186	19.37431335	19.54946899	20.23139763	20.78358841	20.42961502	20.30574608	19.41625404
XP_054995051.1;XP_054995050.1;XP_054995049.1	19.32496834	20.64930534	19.70051003	21.35901451	20.49648285	18.87452888	20.84605598	20.90080261	21.61369324	21.6132431	21.09210205	19.10641289	19.62433052	19.96618462	19.32833481	19.80906296	21.30117416	18.89830971	19.82533836	18.38741875	19.85745239	19.24126434	21.36420822	19.47925949
XP_054995080.1;XP_054995079.1;XP_054995077.1;XP_054995078.1	22.80972481	22.24153137	24.15961838	23.66676521	23.3528595	23.04863167	23.41131592	23.86485863	23.25364113	23.1713028	23.6449337	23.46051407	23.14949799	22.4391346	23.58943748	23.49374962	23.06406403	23.14724731	23.79362297	23.9647274	23.74427223	24.18510437	23.65600014	24.12604904
XP_054995084.1;XP_054995083.1	21.67925644	21.08277702	21.57320786	21.48020172	19.32222748	21.75319672	21.94105911	22.46592903	22.18945503	19.32326698	21.76441765	21.74611855	21.83749771	19.9282608	21.12306786	20.62122536	20.68773842	21.47407341	18.70111656	21.39796066	19.14044189	21.0633564	22.1901474	22.03157043
XP_054995160.1	23.31589508	23.08793259	24.46637726	23.92152405	23.55940819	23.09165001	23.6361084	24.32676888	24.12162971	23.19475365	23.90407753	24.11450005	24.61037254	23.54933739	24.07120132	23.42188263	23.33960152	23.25738716	23.96331596	22.74147606	23.26842308	23.43631554	24.72551727	23.82464027
XP_054995182.1	25.72098541	25.32178879	26.2207756	25.87274551	25.33647156	25.52608681	25.7164917	26.15524292	26.21063042	25.33190155	26.28668976	25.57097435	26.0284214	25.19385147	25.46802521	24.98641777	24.78770828	25.32974815	25.05457306	27.15073776	25.49637413	25.01609993	26.05639267	24.90884781
XP_054995184.1;XP_054995183.1	23.97053146	20.90036011	23.54816246	23.14147377	20.11811447	22.9318924	23.57784653	23.26513481	23.67702103	23.55695534	23.49191666	23.78984833	22.26919365	23.67400551	23.21671867	22.56532478	22.54818535	23.15146446	23.19557953	22.40885735	23.48505211	22.64438438	23.53195763	22.00812721
XP_054995218.1;XP_054996823.1;XP_054996822.1;XP_054996821.1;XP_054996819.1;XP_054988726.1;XP_054988725.1;XP_054988724.1;XP_054988723.1;XP_054988722.1;XP_054988721.1;XP_054988720.1;XP_054988719.1	22.71215248	23.17887306	22.73398972	23.94288445	23.27056313	22.18743134	23.11456299	23.44177055	23.97867012	21.77739906	22.92341232	21.73859406	22.62263298	23.36051559	21.22846603	21.16949844	22.66821671	22.80043221	22.4851265	21.24991417	21.18537712	22.38966179	23.66763306	20.40332794
XP_054995237.1	22.58263206	22.40766525	22.87271309	22.54945564	21.47896957	23.06643105	22.56509209	22.84166718	23.23000717	23.08089256	22.77326012	22.65974998	22.69289589	22.32907104	22.13761711	22.717453	21.34315681	21.97189903	21.78731918	21.94116592	22.46530724	21.87811279	23.0507412	22.03157043
XP_054995308.1	23.14876747	22.50336647	22.70286179	21.80954742	22.28042412	22.83091736	23.30521584	22.20741081	22.93581772	23.52814674	23.87398911	23.02438545	22.57459259	22.49304199	22.4660778	22.18755341	21.64143181	21.30885887	22.02364159	22.12047577	22.62097931	22.28934669	23.30201149	22.63911629
XP_054995312.1	18.88869286	23.22032547	19.58167648	19.33222389	19.45506859	22.60505676	22.90187073	20.03866959	20.39330864	18.89038849	20.08324623	23.24251938	24.49069405	23.18797493	22.422575	23.19430161	22.81131363	23.71009254	22.76532936	19.32987595	19.69898415	23.26885223	24.60665131	23.28531456
XP_054995323.1;XP_055002008.1	22.41418457	22.61486053	22.48409271	21.99451828	21.69042587	22.62109184	23.44897079	23.37079239	23.17537498	22.78757858	22.4762764	22.33440018	22.20597839	22.05642509	21.74902725	21.2673378	19.42745972	21.41322899	20.79645729	22.29297256	21.42751884	22.41095352	21.55506134	21.43440819
XP_054995351.1	19.17932892	19.50366974	21.13889885	20.75694656	20.45100975	19.0163269	20.99133873	18.4002552	19.56137657	19.0760746	19.14065933	19.35448265	19.1782093	19.30950356	19.24861717	19.04291534	20.24039459	19.92365456	19.15810204	19.20557213	23.47938919	19.19474792	20.83792114	20.2687664
XP_054995390.1;XP_054995389.1;XP_055000647.1;XP_055000462.1;XP_055000317.1;XP_055000437.1	24.56092453	23.18983078	24.10661316	22.22605705	22.50772858	23.86249542	23.76070786	24.55051231	23.67033577	23.13700867	24.6958828	24.43396378	24.65239334	22.5602951	23.70229149	24.11909866	22.37052727	23.13549042	24.16545677	20.29277611	23.08227539	22.45933914	23.05526733	23.57680893
XP_054995415.1	26.46583176	25.64058304	26.76774597	27.39312935	26.86726379	26.05971718	26.2630043	27.28876877	26.72208023	25.89783669	26.41024971	26.43031502	26.7449646	26.54541016	25.48492813	25.66995811	26.62282372	26.3170681	27.09556961	26.72559357	26.88471794	27.12109756	26.8967762	26.75976944
XP_054995520.1;XP_054995519.1;XP_054995518.1;XP_054995517.1;XP_054995516.1;XP_054995515.1;XP_054995514.1;XP_054995513.1;XP_054976991.1;XP_004614513.1	20.33864975	19.51040649	20.59313583	20.79090118	20.76627922	19.69511223	18.64601326	21.0743084	20.6517601	17.41902542	19.39295387	20.07861519	20.92078018	18.65387154	18.39367104	19.46841431	20.49570274	18.48761368	20.74419022	19.66574669	18.79351234	18.46168709	19.17090034	20.4403019
XP_054995567.1;XP_012789492.2;XP_054988740.1	23.33497238	20.6794281	24.49032593	23.68271065	23.08987236	23.08038902	23.86768913	23.70144653	23.52814674	23.53362083	23.70493126	23.8472805	23.57680893	23.70882988	22.93257904	23.17780876	23.21847916	23.50688171	23.5362339	22.40909004	23.78994751	23.46998215	23.82842255	24.30959511
XP_054995601.1;XP_054995600.1;XP_054995599.1;XP_054995598.1	18.51039505	20.0248661	19.02187538	19.38398552	20.63546753	20.59404755	21.82927322	21.36815643	21.60995674	19.90717316	19.56530571	20.18664551	23.40015221	18.5975914	20.48846436	19.86570549	19.00820923	19.45941925	18.93011093	20.69922256	20.27104759	19.505373	18.95826721	19.83636475
XP_054995645.1;XP_054995647.1;XP_054995648.1	21.85018349	21.93225288	22.20311356	24.9057312	24.58480072	22.26550674	22.44255638	23.07569695	23.20199203	22.74564743	23.71711922	24.84033394	24.02267647	23.4127388	21.56764793	22.78182793	23.82909966	23.55414772	24.18275833	24.58794975	22.8962822	23.7112484	23.43999672	22.79823875
XP_054995655.1;XP_054995654.1;XP_054995653.1;XP_054995652.1;XP_054995650.1	23.73096657	21.45246887	22.58357239	21.16324615	21.7270031	23.12158203	23.40002251	22.18909264	23.17009544	19.63189888	18.71597099	19.25555611	22.17700386	18.86369514	21.75466537	23.06399727	24.27625465	19.12360954	19.07060051	20.80317497	22.35632896	25.67710114	18.40401077	23.02816772
XP_054995656.1	20.98203468	20.15153313	21.67404938	21.9595356	22.6307869	18.93428612	19.1410141	21.76502609	21.32750893	22.43857574	22.11375237	21.93333435	21.46538162	21.53440475	21.81729889	20.84896278	22.92589569	21.79407883	21.98039818	18.5399971	22.45926476	21.6413002	22.09110069	21.95503616
XP_054995657.1	21.5851326	20.21903992	21.94802856	21.07044792	21.08537483	22.75139999	22.11368942	21.38532257	21.44944954	23.15347672	21.50358582	21.00669098	20.91801643	20.75433922	23.27398109	22.42339516	21.20979118	21.33407211	20.50280762	22.88529968	21.60630035	21.93391037	22.64897537	22.13028336
XP_054995671.1;XP_054995672.1	24.18184853	21.80337334	23.67788124	23.33960152	23.59400177	23.19326401	24.38942528	24.13273239	24.15800095	23.77454758	24.09619331	23.59160805	23.86003304	23.05376053	23.88455391	23.43809509	22.75217628	23.13586617	23.92442703	22.68861389	23.73706818	22.8768959	23.53195763	23.2277317
XP_054995680.1;XP_054996544.1	25.61464691	24.48775291	23.19766617	22.48659897	19.21910095	24.2908783	22.68286133	24.39806557	19.91381073	23.835186	24.83287048	24.53617287	22.6370163	21.83861351	25.37553978	23.34380722	21.66070747	23.67368317	19.88414001	24.21845055	24.25465012	21.46473312	18.83001328	24.22626305
XP_054999326.1;XP_054995692.1	25.09289169	25.97626877	25.36014557	24.4855442	25.30239487	26.04117966	25.68265724	25.98233223	25.86672211	25.9598732	25.78324318	25.74100876	25.33244705	25.00367355	25.24012566	24.91044998	25.84869003	25.62984276	24.80945969	26.18025589	24.55262375	25.28248978	25.12833214	25.27412415
XP_054995756.1	20.84903908	20.01269913	22.31735802	21.78580284	21.34970474	20.74837303	20.96677017	21.89219093	21.41946602	21.52114105	21.79665565	21.83788109	21.76963234	21.20209694	21.81033325	21.73587036	21.02228737	21.61934662	21.4708519	20.76587486	21.02201462	21.2185688	22.13279533	21.28782463
XP_054995782.1	23.3924427	21.30646896	21.97875786	21.35595322	21.19718552	21.6000061	23.04226494	21.98683357	21.29350471	20.74648857	22.1442318	22.68818665	20.85140419	19.342453	22.10715675	22.17157745	21.61638641	20.84942055	22.79944611	22.93563843	23.82084656	21.79078293	23.20351791	22.48392105
XP_054995798.1;XP_054995799.1	24.24909019	25.62117577	25.22648239	24.65146446	25.06882668	24.33831024	24.77826309	25.07439041	24.98098183	24.0083847	25.62739563	24.81889915	25.25411034	26.03563309	25.74381065	25.03858757	24.91547394	24.58714867	24.45487976	24.10972595	24.80168724	24.22920036	24.90696907	24.37404823
XP_054995809.1	24.51418495	22.60539627	25.6660347	23.97000504	27.27186394	26.09950829	24.0539093	22.13135147	24.70371819	19.05620575	24.14374924	22.50639725	23.3858757	23.23508644	24.99139977	23.60896492	21.30290413	19.46841812	22.25283241	23.77011681	24.57773209	20.50666809	23.19112778	23.59662056
XP_054995918.1	20.97309113	19.13677025	22.20060158	21.00181961	21.27526093	18.55637741	18.74241829	21.54486465	19.84256935	18.22343063	21.75336075	19.99479485	21.0941658	19.14545822	20.29004478	21.74554443	20.28342247	19.13783836	19.67624474	24.48086739	21.14208221	21.19105148	19.53869247	21.71987915
XP_054995980.1	20.43408966	17.95889473	18.73542404	19.33135796	21.02580833	19.30251503	18.76094627	19.38022995	19.24743843	19.2612915	21.04437828	18.89022827	20.30436707	19.53243065	20.09171486	20.61883926	18.71660614	19.09453201	19.07932091	19.79719162	21.56430244	19.9038353	22.38540268	21.19273758
XP_054995981.1	20.15067101	19.11137009	20.1428299	18.71306229	20.66821671	21.04093361	19.13891411	19.14346695	19.05627251	19.74301529	19.19429207	20.22276306	19.97295189	19.63038063	20.14444923	20.1634922	21.42981911	19.99856567	21.11781502	19.4939518	20.43715477	24.8463726	22.20236588	19.5328846
XP_054995983.1	20.75376892	19.38589859	22.29958344	20.18918228	19.70056152	18.6320591	19.12985802	19.41674805	19.27721405	19.22654533	20.76233101	19.65259933	18.82824707	18.82751465	22.43196297	20.78596306	21.17029381	19.85700607	21.11292648	18.37591171	21.59577751	21.53606606	23.53255272	21.67387581
XP_054995986.1	19.34210014	19.40329552	20.82322121	22.14223862	19.14672089	20.05919266	19.34737015	21.41570663	19.80890846	19.18534851	18.58460617	20.04074287	20.58561516	20.76457977	19.40872955	20.8235321	22.03828621	19.82820511	20.67020607	21.10674095	19.06130981	22.52049255	21.62194061	21.19844437
XP_054996030.1	26.56830978	25.55062866	26.72468376	26.84254074	26.90345764	26.58147049	25.65190125	26.33648872	26.46048355	26.35989571	26.13807487	26.130867	26.06015015	25.44922256	25.95024681	25.60147476	25.69274712	25.64113426	26.68029785	25.85647583	26.44849777	26.05562782	25.78391647	26.19182014
XP_054996130.1	19.14577103	19.62180901	22.10801888	22.18159103	21.82182121	19.61302185	20.62122536	21.81694794	22.66077232	19.281744	21.20889854	21.63422585	19.08882713	18.91113472	20.99824333	21.39519119	23.43593407	20.98829079	22.2411232	21.6303196	22.07077599	21.63027573	21.96726227	22.97914124
XP_054996158.1;XP_054996159.1;XP_054988297.1;XP_004604944.1;XP_054988298.1	25.92166138	23.981287	25.38353729	24.20187378	24.27653885	25.09398079	24.98159218	24.79009628	24.74288559	25.82788849	24.74606705	24.6660614	24.86976051	24.17012596	24.72431946	25.04992867	23.97928238	24.92406464	25.15653419	24.71261406	23.6216507	24.2736969	23.87614632	24.61307335
XP_054996161.1;XP_054996160.1	21.40571976	21.01916695	21.94037819	21.36046219	19.38531303	21.10277557	21.25787544	21.41369438	18.51837158	20.48934555	20.93739891	21.63962364	22.54047203	21.48123741	21.78739929	20.95999718	20.15696716	20.67202187	21.03851891	21.45472908	21.42895126	19.78339577	22.00133896	19.14924049
XP_054996212.1	23.91479111	22.80268288	24.63958931	25.62114716	25.37368202	22.81276321	20.78628159	23.83132362	23.07643127	18.50035858	22.77836227	23.13574028	22.80671883	20.49648285	17.63601494	18.33318329	20.5328846	17.27284813	18.37691307	18.05833054	22.92391968	22.63562202	23.69391823	22.64763832
XP_054996217.1	23.16412163	24.26047707	24.15738297	23.72369576	23.90912247	24.0839138	23.49020386	22.74579048	23.5370636	23.68901825	24.05622673	24.09595299	23.38297844	24.71051216	25.52513123	22.9032135	22.60891914	23.96049118	22.58079338	23.60150146	25.36746407	22.07933044	24.27013588	21.83479881
XP_054996248.1	24.41931152	23.2293911	24.13977432	24.61924553	24.12927628	24.53575897	24.40191078	24.50966263	24.61509705	24.13108444	24.68142509	24.53023148	24.23176575	23.66719818	24.0664463	23.46463394	24.93445015	24.15406418	24.46014023	24.10357666	24.38837433	24.89753723	23.9791069	24.71502495
XP_054996252.1;XP_054996251.1;XP_054996250.1;XP_054996249.1	22.02681732	21.82403755	21.94874191	21.07483101	21.62207413	22.09277916	22.17047691	22.3589325	22.07198715	20.85878181	22.01324844	21.72949409	21.55487442	21.59500504	20.91808891	21.40036011	20.41059303	21.46617889	20.76247215	22.65002823	22.75123596	22.60290718	21.11031532	21.90337944
XP_054996258.1;XP_054996257.1;XP_054996256.1	18.3808918	24.97958755	22.88386536	30.22458076	17.71632385	17.44354248	31.91929436	17.23444366	16.16853523	15.85562325	15.60403156	17.51414299	16.61669159	16.54838562	16.21519089	19.18196297	22.04563522	19.81756401	19.8406086	19.95669937	20.07072258	18.89645767	19.27641487	21.43700218
XP_054996327.1;XP_054977910.1	23.6201973	22.74695969	22.81148911	22.15177536	22.90413284	23.57091713	22.95560455	23.29642105	22.67312241	22.68897629	22.70583916	22.63639641	22.11352921	21.7383461	22.92611122	22.56959534	22.50721931	21.99206543	20.75287056	22.55987549	23.07046509	22.00123596	21.95932388	22.46694946
XP_054996333.1	24.58617592	24.32868767	25.3049736	24.9295826	24.35481071	24.2686367	24.63489151	24.96943474	24.2854557	24.4526825	25.48753738	25.40210533	25.44436455	25.17001152	25.18567085	24.79679489	24.98337555	24.76466179	25.52049255	25.11227417	25.52847481	24.77761078	25.21608353	25.14577103
XP_054996347.1	20.59486771	19.38434982	21.48934555	22.19231606	21.68033028	20.67770958	21.75873756	20.77007675	21.26636505	19.85367584	21.48468399	21.26023293	18.33958626	18.50746727	21.35804749	20.30028152	20.57283783	18.96274185	20.79717064	20.59386444	21.54174805	19.42940521	21.44824028	21.44788551
XP_054996367.1;XP_054996366.1	22.43509483	18.73286819	22.19424248	21.80128288	20.82555199	20.89259911	21.09390831	22.64579201	21.0423336	18.65133095	21.21679306	21.32701492	22.67751503	18.12640953	22.75346184	22.07929802	23.18421173	19.22410965	22.05105782	22.53760719	22.51448631	23.91433334	22.12537193	23.14085007
XP_054996375.1;XP_054996374.1;XP_054996373.1;XP_054996369.1;XP_054996372.1;XP_054996371.1;XP_054996368.1	21.95730591	23.03027534	22.82667732	23.00677681	22.31185532	21.94966888	22.36329842	22.70459366	23.29137039	21.78252792	22.65022659	22.0140667	23.17432404	23.07775116	19.67172241	21.00202751	22.62287903	22.08819199	22.82281303	21.11781502	20.97750092	22.45027924	22.15000916	21.39634132
XP_054996421.1	21.18646431	20.46702385	21.66921234	20.83167267	21.40280724	20.79566574	20.72725296	21.416996	21.52540016	20.72583961	21.00963211	20.06815338	21.07528877	18.47988892	20.32410622	19.33525848	20.45084763	20.91568375	19.61033249	20.14133453	20.72284126	20.55403137	21.05039406	20.60458183
XP_054996491.1;XP_054996490.1	21.92074394	23.06689072	22.0992794	22.42529297	22.10642242	22.91968918	22.77207184	22.70144653	22.69140625	22.60702324	22.06762886	21.91228867	22.29094887	21.30985832	19.34939384	21.634758	19.58871651	20.81096077	21.19484329	21.72371674	21.78823471	21.80762291	21.9915123	22.01967621
XP_054996493.1	19.9227562	19.05459404	21.0663147	20.7653904	20.76093102	18.40644073	21.06874466	20.56197357	20.87897301	20.24074554	20.79487228	20.95368767	21.32366562	19.81940651	20.33941078	20.16337013	21.20633698	20.17255402	20.79050446	19.81974602	23.95526695	20.58472061	20.62444115	21.26023293
XP_054996494.1;XP_054996495.1	23.01411819	22.32728958	23.49497032	23.1678009	22.87423325	22.04113007	22.85570717	22.46871567	23.77152824	22.35624886	23.15103149	22.2104454	22.68054581	21.4793644	20.2270565	21.30374146	21.88129044	22.10811424	22.08323288	21.90565681	21.53995132	22.70358086	22.89143181	22.10040283
XP_054996509.1;XP_054996507.1;XP_054996510.1;XP_054996508.1	23.8759594	22.43758583	23.56604576	22.72552681	23.21016312	23.27027893	23.70577621	23.61076736	22.95620728	22.94751167	23.28164101	23.68527985	23.4247036	23.14850426	22.48888016	22.30254173	22.64603424	22.99870872	23.04705048	22.77918434	24.01137352	22.66407585	23.0117836	22.82347298
XP_054996568.1;XP_054996567.1;XP_054996566.1;XP_054996565.1;XP_054996564.1;XP_054996563.1;XP_054996562.1;XP_054996561.1;XP_054996560.1	23.34665108	19.56813431	19.03237534	19.50658035	18.91284752	20.77209282	21.32970047	20.70876694	20.96331596	20.04319763	21.63342857	20.51325798	21.6103611	19.20180702	21.4724884	20.52056503	20.40887451	17.58559608	19.71811485	19.0907402	20.73290443	18.50772285	18.80895805	19.64863777
XP_054996580.1	25.8436203	25.47960472	25.96675301	25.70456314	25.2563076	25.10465622	25.31433868	25.34329987	25.24909019	24.62137032	25.30775452	25.55613708	25.53635216	24.7635479	24.98845482	25.32663155	24.54321289	25.4345665	25.6630497	25.25947189	25.50451851	25.27589989	26.15797997	25.68252373
XP_054996599.1	21.12256241	18.86359024	22.188097	21.85346222	20.71204758	19.40229607	21.04520226	21.73595238	20.74155998	21.06808853	21.14413834	20.92324829	21.21098137	21.29109001	21.18537712	18.43816376	19.77315903	20.9770813	20.6983757	22.11642075	20.55777359	21.35928154	21.53331184	20.98711205
XP_054996637.1;XP_054996636.1	23.26813698	22.24225807	24.13390732	23.10900879	23.2983799	23.33238029	23.73096657	22.77972603	23.57519341	24.4089222	22.70463562	24.27547455	23.8490963	24.24357986	22.37403488	22.75268745	21.65521431	22.67251778	22.83493423	20.71875	23.67562294	21.83499336	22.51178551	20.67288399
XP_054996677.1	18.57193184	20.48910522	19.37007523	20.5819931	19.28981209	18.75948524	19.32077217	20.33685684	18.85811424	20.27883148	19.46109962	20.1526413	21.05602837	19.82906723	19.7743454	20.56388283	19.2271843	19.10930252	18.19656181	19.0890007	19.68662643	18.81765747	20.60023308	19.99727821
XP_054996733.1	19.86616898	19.12936974	20.01971054	17.95287704	20.58783531	19.19308662	21.16949844	20.09995461	20.03093147	19.61952591	19.95645523	21.24713516	22.91801643	20.45923996	23.6482296	23.8912468	20.7431221	19.8273201	21.40452385	18.94028473	19.59459496	20.52248192	23.27923393	21.45953941
XP_054996743.1	24.61778831	24.72629547	25.47044754	24.29228401	23.93634033	22.54938507	22.4246006	23.43402672	24.7817173	22.97449303	23.13916397	23.15692139	22.60828781	23.03815079	23.38033676	22.20155907	23.4630127	23.36399269	23.06027412	19.53961754	23.25767517	22.31719208	19.74607468	22.6978035
XP_054996778.1;XP_054996772.1;XP_054996771.1;XP_054996770.1;XP_054996769.1;XP_054996768.1;XP_054996767.1;XP_054996766.1;XP_054996777.1;XP_054996765.1;XP_054996776.1;XP_054996763.1;XP_054996774.1;XP_054996773.1	21.20155907	18.53912354	21.62350464	21.65809441	21.24289703	20.93739891	21.41379738	21.45472908	21.41219521	22.29782104	21.06203842	21.12268829	20.51345062	19.01027107	20.93517113	21.04006004	20.74369621	21.08712387	18.99538612	21.74525833	19.63805008	22.00473785	21.72612953	21.51055527
XP_054996811.1	19.25862885	19.62655449	21.58403206	18.73344231	18.70108986	21.96603012	19.41753578	21.7474308	21.84318352	21.79705238	22.09709549	22.28107452	18.71491814	18.20986366	19.00051498	22.14276695	18.50494957	18.87453461	21.52382278	19.11749458	22.26252937	19.37333107	19.96968842	22.19186592
XP_055000022.1;XP_055000021.1;XP_054996976.1	19.93845177	21.24638176	21.60914421	20.26198196	20.2240696	22.50917816	19.29231644	23.81655693	20.01552963	21.99296379	22.55791473	19.66816902	22.49955177	20.26430511	24.73778915	20.87500191	22.48745918	19.56627274	19.48856163	22.32550621	23.91515541	19.77404022	20.12199402	18.25377274
XP_054996990.1;XP_054996989.1;XP_054996988.1;XP_054996987.1	22.63183022	21.12022209	23.38416481	23.91387749	24.127388	23.09537315	21.36970139	24.92669106	23.11190796	24.20858574	25.1764946	24.82629013	24.99209213	24.74821854	24.30667686	24.51068878	25.45738602	25.18525505	24.95486832	24.08658981	25.01405907	25.43593407	25.31748199	25.12384224
XP_054997002.1	21.6718483	21.20227623	21.87852478	21.87773705	21.51253319	21.62934303	22.1756649	22.00075531	22.89315414	21.30061531	21.34608269	21.69042587	21.23461914	20.7874794	20.2941227	19.43467331	20.70893478	20.58847618	20.88457298	20.67340279	21.51099014	21.46453285	21.76846313	21.74431229
XP_054997011.1;XP_054997010.1	22.21623039	21.29569244	23.26913643	22.8875885	22.67639732	21.54834938	21.54834938	21.98888016	21.82185936	20.38490105	22.39853477	22.33788681	22.7279377	21.16643715	22.58820152	22.19625473	21.82240486	21.63373756	22.31257439	19.99341393	22.40761375	21.47015572	22.92027092	22.65473366
XP_054997012.1	18.85938835	22.05854225	20.05973053	20.04254532	21.15758324	22.14559937	21.84345245	22.04056168	21.84571266	19.49985886	20.08193779	19.67314911	21.10347939	21.86302376	22.88069344	22.36046219	19.5048275	22.06766129	21.60738373	19.1247921	22.94815445	21.54547691	19.63139153	21.84280014
XP_054997016.1	23.06035614	19.50821114	22.57833099	24.10485649	22.3794117	18.87772751	19.88631058	19.33143425	23.32141113	19.54756927	18.52358437	22.84231949	21.32712555	21.78520584	18.81539917	18.60956955	20.03584671	19.9083271	19.82312202	19.15234184	21.50280762	22.81033325	19.08923912	18.64370155
XP_054997034.1	21.16827583	19.72071075	21.31307411	18.73297501	20.72800064	20.76967239	22.02492523	18.83758163	19.83064079	19.71313858	21.82084656	20.890522	21.33941078	20.6780529	21.29754066	21.0364418	19.71873283	20.84847832	20.26120949	18.89748383	22.17264557	19.48767662	19.73621368	18.92285538
XP_054997039.1	22.48020172	21.42229271	22.35887909	23.70049477	23.34123039	18.97698402	22.68075943	22.54113388	20.45918846	20.90961838	22.49235725	22.28655624	22.55536461	21.09687042	22.42818451	21.76963234	23.63644028	19.92886543	19.73386955	22.65374947	22.7635479	18.99626732	22.54714966	22.28172684
XP_054997114.1	20.42757034	18.89160156	19.7407856	19.39265633	18.27799225	20.01699257	20.60549736	20.34212685	20.65656853	20.00974846	20.32575417	20.11031532	19.31288719	20.3805275	20.08120918	19.56697655	18.8784008	18.62890434	20.48256683	19.65225983	19.3033371	19.08806992	19.84476471	20.08668709
XP_054997136.1	19.83423615	20.50982285	20.48846436	20.59030533	20.41544914	19.45808029	19.43052292	21.03878784	22.28630257	20.08628082	21.45281982	20.78899193	20.12842751	20.15925789	18.78534889	19.6815052	18.40504265	20.67959976	20.70235443	20.56959534	20.58719444	20.48875809	20.40706825	19.87274933
XP_054997138.1	25.87333298	26.9739933	27.28445053	26.60484314	26.27623749	26.68792534	27.3882103	27.18148804	27.06609726	26.43104744	27.02960014	26.60059547	26.27070618	26.79129028	25.01729012	24.92188835	24.42438316	25.40927887	25.55400085	24.6253891	24.57022095	24.73861504	24.86532974	25.16434479
XP_054997152.1	22.06305885	21.40800285	22.04196548	21.23016739	21.54867935	21.98468018	21.56351089	21.55571556	22.89520836	22.93252373	22.82979584	22.30426979	22.01092911	23.00745964	21.94399452	22.20976067	21.90367317	22.36051559	22.06795692	22.22320175	21.94599533	22.4882431	21.76712799	22.55716705
XP_054997292.1;XP_054997289.1;XP_054997288.1;XP_054997287.1;XP_054997286.1;XP_054997285.1;XP_054997284.1;XP_054997283.1;XP_054997294.1;XP_054997293.1;XP_054997291.1;XP_054997290.1	23.59012222	22.25899696	21.65350914	22.30365753	22.13964844	23.46026421	23.37477684	23.60952759	22.99206543	21.33734322	22.63413811	23.09736824	22.35369301	23.02030373	22.2035923	20.13721085	22.57112503	22.01886177	22.50651741	22.58426094	21.8833046	22.91226959	22.31393242	22.13229179
XP_054997408.1;XP_054997407.1;XP_054997406.1;XP_054997405.1;XP_054989269.1	25.38617134	24.8429718	25.84474564	24.88016891	25.062006	25.37132454	25.46693802	25.80407715	25.00585938	24.70028305	24.88371658	25.32457352	25.3213768	25.1838932	24.77951622	24.48129845	24.98854256	24.6673069	25.27859688	24.59286118	24.73458862	23.81097984	24.42655945	24.35353279
XP_054997469.1	26.79414368	25.75154305	26.64402771	26.63851357	26.29209137	26.01077652	26.67114639	26.54328728	26.22212219	25.65042305	26.32306099	26.36155319	26.76585007	25.88369179	25.98641777	26.26175117	26.16746712	26.09498596	26.52968025	26.36043167	26.62672806	27.16269302	26.33590889	27.06383705
XP_054997514.1;XP_054997513.1	21.44990158	19.93061638	21.10942268	19.98718071	18.79991913	21.50741386	20.81659698	21.31788254	21.17834091	19.43630028	21.54226875	20.93847656	18.66149902	19.58869553	21.50915527	21.25107002	19.93243408	21.49409103	21.75580597	19.06969261	20.1905098	18.73601913	21.58288383	20.94442368
XP_054997585.1	24.35083771	23.6799221	26.19992828	27.75576401	27.34129906	24.07357407	23.81626511	24.30612183	24.00538826	24.58405495	25.93494606	26.70028305	25.3905735	25.68378258	24.77645683	25.70743561	28.16033936	25.68973923	27.38327408	25.26087189	26.53948975	27.75040627	25.75964165	27.63228607
XP_054997617.1	22.31060791	21.73479652	22.55431175	20.72434044	20.65000725	21.19460297	21.96578407	21.88490868	20.97519302	21.47536087	22.65259171	21.52921867	22.10961342	20.27988052	21.23298073	21.84402657	19.17888451	21.9086647	22.10239029	22.06240082	23.10816193	21.84184074	22.11419678	22.6336937
XP_054997618.1	26.87911797	25.27884483	26.52166176	27.41013527	26.75110817	26.26187515	26.51882935	27.51344681	27.0131855	27.1964798	27.12109756	26.9304409	27.20741463	26.5368557	25.79178619	27.27568626	26.78056717	26.59875107	26.75098038	26.78381729	26.83545113	26.99582672	26.56920815	26.68404961
XP_054997633.1;XP_054997625.1;XP_054976347.1;XP_054989205.1;XP_054981988.1	26.83569145	25.91440201	25.99170303	25.27696419	25.3848877	25.32495117	25.66784859	25.08411789	25.24597549	25.35830307	25.5167408	25.02867317	25.79436684	24.70667267	24.7644577	24.97416878	24.05945015	24.42136765	25.07830429	24.55256462	25.06759644	25.05415916	24.86768913	24.84445763
XP_054997652.1	22.18721962	19.70882225	21.9111557	20.89888382	21.01882744	21.82780075	22.75763893	22.30134201	22.31074524	20.38331985	22.91976166	21.54510117	19.55228615	20.90881157	21.01467896	20.01454353	20.85490799	19.45436668	21.1777935	19.98273277	19.40902519	20.69565964	20.1815052	20.8176899
XP_054997723.1;XP_054997722.1;XP_054997721.1	22.24100685	21.01243019	23.93669891	24.96190453	23.97997856	21.34640694	22.45978928	22.56469727	22.69014931	22.14117813	23.29572105	23.89836884	23.34272385	22.58361816	23.4199543	23.44657516	24.8275013	21.05443954	23.70640755	21.70956612	25.16207886	24.17850876	23.90985489	24.11100006
XP_054997767.1;XP_054997766.1	19.31605911	18.16642952	18.7522316	20.81979561	20.57984924	19.76524162	18.86551476	18.65417862	19.32862663	19.94908333	19.85327721	19.77961731	18.3094635	20.29702568	18.41675568	21.20311356	22.10591125	19.97239113	21.45558167	19.56250763	21.39842987	20.45573235	20.22147942	21.28906441
XP_054997785.1	24.7206192	24.21785927	24.82687187	24.74329567	24.27887917	24.53403664	25.3924427	25.0129509	24.78286743	24.63511276	24.78691101	25.16947556	25.2493782	24.81928825	24.73489952	24.63350487	23.88175774	24.29887009	24.77318954	24.59684753	25.05017662	24.60873795	24.9916153	24.83691978
XP_054997858.1;XP_054997844.1;XP_054997852.1;XP_054997837.1;XP_054997835.1	24.97683716	24.5853157	26.10009003	25.60879517	25.16445923	23.51243782	24.86712265	25.29887009	24.79595375	23.87792587	25.29284477	25.35749817	25.6220417	24.70139313	25.63292313	25.3736496	24.89689064	24.4090519	24.44714165	25.22409248	25.56325531	24.77866364	25.59894943	25.033638
XP_054997911.1;XP_054999184.1	25.11418152	23.07246208	25.62008476	25.89758301	25.77773666	24.54268265	24.58915138	24.73634529	25.24822044	25.15185928	25.24981308	25.49115181	24.97219849	25.21360016	25.17234039	25.34648132	25.75190163	25.29603577	25.96389008	25.94174385	25.57689476	26.0804615	25.7564373	26.30323219
XP_054997928.1	22.51393127	21.74123001	23.13138199	22.37655449	22.35455513	21.30874825	22.66916847	22.53193283	23.14130211	21.61782265	22.071661	22.92014503	23.34827232	22.25072479	22.48596001	20.73562241	21.55182648	21.58545494	21.09461594	20.74205208	22.01811409	21.01937103	22.97174263	22.85633278
XP_054997953.1;XP_054997954.1;XP_054999212.1	20.62542343	21.00415421	20.89445114	21.37453842	22.50152206	21.18767357	20.59067154	19.08794594	22.12631798	19.28845596	20.42624092	19.56270218	18.97740364	22.69366264	20.89208031	19.08277321	22.01229477	19.76612091	18.38805962	20.90873909	19.9662075	20.92049026	20.08022499	19.74884796
XP_054997999.1	29.02165413	28.74544525	28.89075851	28.88250351	28.08116341	27.89191818	28.09662628	27.37335014	28.13775253	28.40641022	27.61687851	27.48077583	27.77630615	27.69145584	27.26373863	28.59935379	26.39987564	27.93263817	27.84888077	28.34443474	27.7863121	28.50260162	27.58899498	27.42678452
XP_054998014.1	20.88650894	19.85988235	20.26768303	20.49501801	19.35281944	20.57178497	20.84636307	20.93531418	20.82687187	19.30079842	20.50125313	18.45980072	21.25925636	20.91685104	20.50377846	19.10596848	18.91179848	19.4785099	19.4989109	18.19919014	18.6191082	19.32442856	19.33527946	18.68818283
XP_054998058.1;XP_054998057.1	22.98882866	21.97480774	23.32923508	23.46948624	23.19622421	24.58129883	24.61745262	24.43815804	24.2256012	24.21793175	24.0322094	24.78211784	24.58244705	23.85148048	24.03741455	24.5889225	24.63411522	24.15468216	24.88329697	24.09474564	23.55461693	25.02187157	23.7684021	25.26101494
XP_054998060.1	26.88040352	26.60215378	27.0255928	27.01105309	26.56009483	27.00120544	27.19460297	27.81237602	26.77994156	26.32144547	27.33423996	27.17636108	28.2019577	27.43396378	27.42534447	26.78256798	28.16782188	27.08871269	27.30391121	26.60498428	26.72871208	27.13936424	26.60201263	27.549366
XP_054998066.1;XP_004607050.2;XP_054988728.1	29.56452751	28.93356705	29.75075722	29.23724365	29.75378799	28.64488602	30.1138382	28.49731827	29.08162117	27.24898148	28.22646523	28.71901321	28.37252045	27.93971634	28.37218857	27.30182076	26.47514153	27.17111969	26.23677254	28.15995407	28.08314323	28.11589813	29.20132637	27.45348358
XP_054998079.1	22.47370338	22.528265	22.69019127	22.47119904	22.40857315	22.40337944	20.34060669	22.38181686	22.17063141	21.09744835	23.77635574	23.31824112	23.14824104	22.43745995	22.93935585	23.12421989	24.14755821	22.39385605	23.67152405	23.69551086	22.94810104	23.37158966	23.06959724	23.87258148
XP_054998085.1	20.64332771	20.46373558	21.71397781	21.94166756	21.46348572	22.06480408	20.97302246	20.4783268	21.61157799	19.16460228	22.11505508	22.26756668	21.67835426	20.9536171	21.36190796	21.55135727	21.81561852	21.47199249	21.91067886	22.07162666	21.80856705	22.14117813	22.32374763	22.70100212
XP_054998135.1	20.7661171	19.75023651	20.88285828	19.50607681	19.75200462	20.58141327	20.88158989	19.95077324	21.01249886	20.38521767	21.25568771	19.91556549	18.65707397	19.60711288	21.33554459	20.29131508	19.09012794	19.11372566	19.2227459	19.75603867	19.80006027	19.76575851	20.70547676	20.23385811
XP_054998142.1	20.84153366	20.08450508	19.13777351	18.83844566	19.08056831	22.2104454	21.49071693	20.64297485	21.92245102	22.6887207	21.78296852	19.62782669	20.47962379	20.6808033	18.29360962	18.96916008	19.50072479	20.09646225	19.29689026	18.82274628	20.12122154	20.43091774	20.13595963	19.21820068
XP_054998182.1	27.08598137	26.63478088	28.09848404	26.67707443	27.33219147	27.33279037	27.05734444	27.57571411	27.16240501	27.61813927	28.57931519	27.67411423	27.92750549	27.22949409	29.20097542	28.63322258	27.62818909	27.9327507	28.18120384	28.57913589	28.33607101	27.81127357	29.58792114	28.68468475
XP_054998193.1	25.0287571	24.66719818	25.09381866	25.32398987	25.0252552	24.72956657	25.19989014	25.11068153	24.6373806	25.05366135	25.3065033	25.38689613	25.51105118	25.57585716	25.28757095	24.45167732	25.77467346	25.02174377	25.32817268	25.197155	24.56220627	23.99152946	24.85894394	25.14336014
XP_054998204.1	21.11445236	21.05887222	21.07038307	20.94428062	20.26120949	20.89600372	21.69200325	21.24939346	21.07561493	20.49511719	21.58637047	19.50020409	19.56432152	21.15065956	21.83761215	21.51373863	21.28133011	21.00956345	21.505476	21.27469254	21.68987083	20.14718437	21.94531631	22.26945114
XP_054998277.1	20.8488102	21.19844437	21.42506218	21.83560944	22.83169174	22.32846832	21.84846497	22.04199791	21.40805435	20.20923996	21.00901604	21.12773514	22.11686516	23.84622955	20.08995247	19.22508812	22.9623642	21.51036263	19.71260262	23.22482109	19.99007225	21.62444115	21.73334885	22.51053238
XP_054998306.1	21.65931511	22.09529305	22.16870308	21.42259979	21.8622303	22.18894196	22.20457649	22.34329224	22.20550156	21.18513489	21.94245529	21.79352379	22.02286148	22.05099106	21.50178909	22.29944229	20.65368462	21.9089222	22.89696503	21.28934669	21.82710457	21.67972946	21.53141022	21.97959518
XP_054998317.1	24.11917877	22.79772568	24.37789154	25.31848335	25.19959068	24.1710434	24.05523491	24.54067421	24.16007996	24.40008736	24.77444649	25.3403492	25.00611687	24.83576393	24.4738884	24.88478661	25.69213486	25.29953384	25.79904556	24.94310951	25.26216316	25.86780548	25.67505646	26.39654732
XP_054998603.1;XP_054998602.1;XP_054998400.1;XP_054998329.1;XP_054998328.1;XP_054998327.1;XP_054998326.1;XP_004607891.2	23.68987083	19.67429924	27.11436081	23.20097542	24.81416321	22.45928955	18.49933243	22.83801651	19.8109169	19.85568619	19.50434685	20.2655201	20.8203392	19.19508362	22.12262535	25.10661316	23.3212738	22.94998932	18.71019936	22.70146751	19.93989372	19.10409546	18.94936562	22.73781013
XP_054998415.1;XP_054998414.1;XP_054998412.1;XP_054998413.1	21.44207573	21.31279564	20.69701767	19.88981438	20.67839813	21.83792114	21.22599792	19.09687424	21.74730873	22.46789551	19.73306084	20.11069679	19.6041317	24.07226563	19.06948662	21.46203804	19.48678589	20.28693771	19.23995972	21.04826546	19.0436573	19.76742172	19.89838219	19.30028725
XP_054998433.1	20.39863968	19.04114914	20.29636574	22.50193405	22.66036034	20.81464195	20.98182678	20.89570808	22.01512146	20.08420563	22.88037491	22.59957504	22.16962242	22.57574844	22.71682549	21.02276039	24.71858215	21.06848145	22.3658638	24.60053825	22.78791618	24.50045204	23.91232491	23.12697983
XP_054998443.1	25.27394485	23.88147736	25.27220154	25.24909019	24.54551315	24.90380096	25.24365234	25.54563141	25.40697861	24.58009148	25.14674187	25.02795601	24.93620491	24.62472153	24.55566978	24.4043808	24.8137722	24.59354591	24.96802711	24.378685	24.45538139	24.89513588	24.83865166	25.23337555
XP_054998450.1;XP_054998449.1;XP_054998448.1;XP_054998447.1;CON__P50448	23.93526077	21.8147583	21.80360985	24.62125969	22.17066193	23.49387169	23.07021904	23.67033577	22.2841301	22.50331879	21.50629997	22.97797203	23.17996597	22.78839493	23.40548515	23.73231316	26.46703148	23.18312073	22.10948563	24.44682693	23.72733498	20.81698608	22.48951721	23.27042007
XP_054998582.1;XP_054998581.1;XP_054998579.1;XP_054998578.1;XP_054998577.1	19.64226532	20.46463394	19.15792465	21.04166412	20.97631264	19.09815216	19.10459137	20.44303703	18.4816761	18.5025959	18.64377213	21.63271904	18.51803017	21.317276	20.92904091	19.13473892	21.71561241	20.79709244	21.3688488	19.68154144	20.707304	19.62973595	20.02772713	20.18143845
XP_054998607.1	20.00154495	19.30926514	20.69716835	19.1843338	19.59867668	20.29849243	20.7471447	20.13495827	19.9932766	19.98150253	20.07991791	19.18079567	20.24062347	18.79348373	19.04384232	19.34654427	18.62630463	19.33320045	19.56741142	19.61289406	19.49187279	19.03708267	19.69044113	18.57834244
XP_054998628.1;XP_054998629.1	23.75348282	23.91843414	21.8147583	18.89806938	22.82106209	23.55613708	22.91921616	23.32567024	22.95624352	22.38619232	19.93597031	21.83499336	23.12485123	19.34140587	22.30821991	22.02211761	18.41385269	19.19659042	21.34028053	22.83086014	20.76060677	22.74683571	23.19875908	23.44442749
XP_054998710.1	23.33565331	22.41038513	22.25219727	21.46158981	22.06624985	22.69750595	23.18725014	22.81997108	22.69446945	22.25349617	21.91990852	21.97819901	22.46670151	22.00075531	22.39018631	19.40620804	21.05470467	22.1469059	21.83395004	20.89940071	21.73715019	21.29047203	21.70939827	21.74209404
XP_054998737.1;XP_054998736.1	21.78911209	20.27936745	21.28031158	20.93883514	21.35912132	21.61436653	18.5177803	19.60775948	21.5681591	19.85477257	21.3899498	21.46223831	17.94175339	18.6110096	21.15560913	21.79534912	21.52296066	21.317276	21.78831482	22.10434341	19.64278984	22.26089287	20.92186928	21.21809959
XP_054998746.1;XP_054998745.1;XP_054998744.1;XP_054998743.1	20.83807373	19.8324604	19.62465668	22.64074898	22.08112144	20.40986824	21.93686104	22.24751091	19.30985832	19.23668671	20.11642075	20.05735207	19.00511551	20.47773361	20.5104599	22.71609306	23.97289848	21.32416153	22.43862724	19.9343071	22.64207268	22.18419647	21.20562172	23.14265823
XP_054998747.1	21.51431656	21.62983131	22.6206665	23.52025414	21.5743618	22.92853546	21.65298462	21.56541824	21.93409157	21.82092476	21.37766647	22.48785019	21.73256111	20.8757515	18.75340271	21.85399437	23.33251572	21.56472015	22.65933609	21.24892998	21.4697094	21.74468231	21.17955589	22.41531944
XP_054998799.1	23.41428757	25.3872242	26.18133545	24.93323517	25.41683388	25.44597435	22.96169281	26.19433975	24.25292015	25.07944489	25.35457611	23.91879845	25.82286644	23.32361031	27.72624397	25.07455444	26.75684547	24.37828827	19.77568817	24.8275013	27.47320747	24.20262146	22.55924606	24.89490318
XP_054998800.1;XP_055000058.1	18.90860748	23.80370712	21.92752266	21.21679306	20.70446777	22.64392281	21.47580719	25.24999428	21.5805397	22.86595345	23.64932632	21.22175789	23.15514565	22.50525856	25.4556942	22.77623558	22.2797451	22.02448654	21.30691338	22.89882851	24.32957649	20.99486732	19.76976395	21.6450882
XP_054998830.1;XP_054998829.1;XP_054998828.1;XP_054998827.1	22.83886337	19.92571259	21.45272064	21.24956703	21.42700768	21.08757591	21.29630852	21.55917549	21.46129036	18.71935272	19.92437935	19.53004837	19.56637001	18.43016434	21.56146049	21.84337425	19.74202919	18.15464973	18.06051445	21.34846306	19.80026436	19.66042519	20.03674698	20.51749229
XP_054998897.1;XP_054998896.1;XP_054998895.1	19.7045517	20.4319458	20.49404335	20.5047493	20.75971222	20.28726196	18.51094246	20.96619415	19.02479362	18.04039764	20.78476524	21.32229042	18.79714775	20.39665413	18.54422188	19.23243713	20.81072617	20.68816566	20.5367775	20.06749725	21.86378098	21.89866257	20.06713486	20.97743034
XP_054998913.1;XP_054998912.1;XP_054998911.1;XP_054998910.1	24.23921585	23.41969872	24.26927948	23.01009369	22.98262787	25.73034477	23.21248055	24.32196045	23.21964645	25.15448952	19.10305214	23.45738602	23.35178185	19.75161171	23.45901489	22.61304092	19.20481491	23.18284798	23.16321564	26.14207458	23.17441559	18.88595963	23.10341644	23.05278206
XP_054998973.1	23.37331772	23.05868912	23.39296532	22.43923569	22.62867546	22.66914749	23.10873604	22.65114594	22.5158329	22.91776085	22.63101006	21.98676491	22.59090042	22.22467422	22.43974304	22.58783531	20.7886734	21.65809441	21.95223045	22.01273727	22.74170303	22.00237083	22.73148537	21.82985497
XP_054998989.1	23.64801025	22.66451073	22.77023888	23.50688171	23.28700829	22.78116798	23.10736465	23.54733849	22.9435463	22.21062469	22.87252426	22.84306908	23.28474998	23.73479652	23.02840424	22.63907051	22.19318962	23.40093422	22.41593933	22.79740906	22.33510971	23.42483139	22.43697739	22.62003899
XP_054999012.1	22.14258003	25.56914902	25.82099342	25.64419174	25.7168045	24.4328804	24.18139267	24.31458092	24.73876953	23.68088913	18.69991684	20.64183044	18.78279114	19.66241264	20.05386162	20.30039978	20.20217323	19.37588692	19.62885094	22.62073326	19.15341568	19.20474243	19.39315224	20.01770973
XP_054999014.1	19.99341393	25.16790771	24.99744225	24.80994987	22.09911919	22.78496552	23.95925331	21.98426247	23.92397499	21.94127464	19.39920235	19.98731995	19.39551735	19.14133453	18.78582191	18.81437492	18.60750771	18.96546173	18.80644798	20.12599182	19.88905907	20.10194778	19.34062386	19.84443283
XP_054999031.1;XP_055000034.1;XP_054999799.1	18.38909149	19.92931175	19.60108566	21.22658539	20.79859543	18.73198891	19.05780792	18.86237144	19.07156754	18.23911476	21.69574547	20.36773109	19.81667519	20.37007523	19.18918991	19.16163445	20.45245171	19.62365341	20.30931282	18.70038605	20.51221848	19.4395237	20.94515419	17.63137436
XP_054999035.1	22.50110817	22.32709694	22.87342644	22.07584381	22.76989555	22.70602798	22.49049759	22.9454422	22.49017906	21.93922997	23.02362442	22.17639542	23.15840149	22.25793266	19.68975449	20.94659233	21.31102371	21.39733505	21.95318985	19.5597496	22.11730766	20.60259056	22.72525597	22.54849052
XP_054999067.1;XP_054999068.1;XP_054999069.1	23.41157532	23.42739105	23.12759399	23.08294106	23.05129051	22.65103722	23.83817101	23.86183357	23.85214806	22.48633003	22.89248848	22.67897797	23.52910042	22.95712852	22.44687653	21.96757889	22.43463707	23.21972084	22.44821358	22.60064125	23.44859314	22.46223831	23.040411	22.5866909
XP_054999082.1;XP_054999084.1;XP_004618491.1	23.33619881	22.62077904	22.69862938	22.73409271	22.74254608	22.60797119	22.45741272	23.14055443	23.27980042	22.30913734	22.562603	22.73836708	22.63566589	22.20203781	21.95425606	21.58595848	20.86204147	21.48291206	21.42213821	21.14718437	21.31694412	21.11031532	22.41493225	21.25465012
XP_054999155.1;XP_004606893.2;XP_054995437.1;XP_054982895.1	22.14201927	21.44475555	21.36019325	21.22470284	21.41946602	21.5128231	21.71389389	22.04526901	20.98933029	20.87372589	22.08073044	21.82302666	22.64431763	21.48978806	23.28926086	21.84199333	21.79141808	22.9420433	22.23777199	22.36011314	20.95311928	21.52046967	21.42162514	22.3231163
XP_054999173.1;XP_054999172.1	20.04201698	19.26187897	21.09029388	21.15906334	20.79614067	18.51361084	19.87083817	20.76994133	19.29515457	19.83720207	20.85079384	20.99403572	20.31343269	19.29255104	20.15239334	19.97561264	21.12369919	19.31603813	20.40436745	20.52238846	20.59121895	20.73554039	20.41090202	20.74837303
XP_054999216.1;XP_054974456.1	25.06595421	24.63621902	25.89726067	26.27831268	25.57276726	24.29277611	24.99477005	25.26656532	25.57629013	24.28369141	25.41960144	25.59943199	25.41008759	24.67954636	25.0052166	25.38195419	26.67128181	25.80865097	26.48496056	25.21107674	26.02578354	26.50892258	25.87818336	26.72103691
XP_054999323.1	22.27139091	21.82691002	23.10541534	22.01848793	22.77643585	22.65731049	21.25338173	19.44474983	22.26249886	22.46014023	22.6355114	23.06858063	23.26785278	22.05407524	22.36110497	22.32822037	21.73706818	22.29527283	22.55742264	22.46809387	22.5778923	22.38658714	23.1259079	21.98029327
XP_054999370.1;XP_012789041.2	22.84153366	22.13285828	23.85974884	23.82919693	23.25681114	22.36668968	22.53985786	23.31437492	22.94213295	21.66331673	22.82104301	23.53575897	23.56732368	23.01957512	23.28785324	23.43657112	23.5114727	23.30910873	23.58244705	22.24959564	23.57888222	23.9553566	22.90567589	23.46762085
XP_054999373.1	21.42111206	22.89541245	23.37729454	21.3378334	19.73389626	21.29277611	19.88223839	23.4942379	19.105793	21.60751915	22.55548286	22.21901131	21.40062141	18.19779205	24.53718185	21.82361031	23.16181755	18.97214699	19.59404755	19.78973961	25.10729218	19.05466652	19.8045063	19.85659599
XP_054999439.1	20.12114143	21.14662552	21.36399269	22.52477837	23.18321228	20.83792114	20.66092491	21.16790771	21.28709221	19.79447174	19.40416718	22.1585083	21.27815628	20.57812691	19.43608665	19.024786	22.11657906	20.55215454	22.29342079	18.37020874	21.69913864	22.71206856	21.34889412	23.033638
XP_054999526.1	24.16897964	20.78620338	22.90013885	25.0214901	25.13139725	19.99079514	24.20396423	21.80029488	22.16588593	18.22740936	22.69202423	22.81548309	22.58916283	21.06624985	23.92061615	23.44733238	25.33701706	22.82117844	24.01111794	20.40051651	23.95960808	24.08845139	21.82946777	23.84479332
XP_054999572.1	21.38611221	20.94906235	20.99583054	19.79415703	21.62863159	17.85758781	19.4930687	20.64693451	20.59977913	18.97099113	20.8178463	19.69112778	19.33465576	19.57240486	18.64816856	20.43634224	20.50513649	20.68440247	21.00935936	19.82963181	20.64121246	19.04133034	21.50169182	20.05840874
XP_054999861.1;XP_054999860.1;XP_054999859.1	20.69812202	20.64948082	22.64125633	21.92324829	21.36725044	19.35056305	18.79636192	19.71186829	20.44261742	18.52653885	20.75597	20.73587036	18.90224266	20.17556	22.44869232	19.11890221	21.93178558	19.2536602	19.02762032	20.84529114	21.11088943	21.99752045	19.22900772	20.56736946
XP_054999916.1;XP_054999917.1;XP_054989024.1	25.64622688	25.70295334	25.01996422	25.51436615	24.87811279	25.89645195	25.43182945	26.05229378	25.52417564	24.05870628	25.51478767	25.3651619	25.62931442	25.11743546	25.32967949	25.81743622	24.72353935	25.50121117	25.16265488	25.34972572	25.56781578	24.33831024	25.05837631	25.18672943
XP_054999919.1	23.75633621	23.40301704	23.78646278	25.56801987	24.27163315	23.85100365	23.74847603	24.23805046	24.21600914	24.89721489	24.28714943	25.39594269	24.92845535	24.91205025	23.88269043	24.04485321	25.42934036	24.67141724	25.16246414	23.98041534	24.91077042	24.96723557	25.06886673	25.20843697
XP_054999952.1;XP_054999027.1	20.24411774	21.04260063	22.99095917	23.3658638	23.166008	21.66665649	21.43354225	21.87147141	21.81280327	20.69608498	23.35447502	23.47506523	21.5534687	21.13414383	22.95086098	22.06677437	23.39767265	21.31920624	22.66631126	21.00552559	23.13694572	22.26802254	22.347435	23.09675789
XP_054999969.1	18.61381721	23.35850334	22.80262375	19.87741089	20.94585228	20.03039169	20.74948502	23.9144249	19.23488235	21.58118439	21.80412102	19.21081734	22.14102173	20.42419052	23.92524338	20.49814034	18.65046501	20.68975449	19.13424301	20.56206703	22.8736515	20.91241264	19.38857269	19.46694946
XP_055000012.1	24.38567924	23.54568863	24.14507103	22.7932663	23.21208	24.03170586	23.91150284	24.3767662	23.84575081	23.33265305	24.46269989	23.70123482	23.96278763	23.9207077	24.44252968	23.48775291	23.59411621	24.11298943	24.12841225	22.78636169	23.21267319	22.63426971	24.29656029	23.40548515
XP_055000095.1	18.26997185	17.4844017	21.52324867	21.25286102	20.81158829	19.29615211	18.11686707	18.34957695	19.38549995	18.97083092	19.81425095	20.3668766	20.04359818	18.95726204	19.70422554	20.47753716	20.56076241	19.78770256	20.7286644	19.36785126	21.16711235	20.08628082	20.59067154	18.74198532
XP_055000182.1;XP_055000181.1;XP_055000183.1	17.81402206	18.20108795	21.33270836	19.2504158	22.73332787	22.39375114	22.42054558	21.02167702	23.0263443	22.14077187	19.04174232	19.45268822	21.42321587	19.56432152	19.12516975	21.39299202	18.71304512	19.72922897	18.51709747	19.05984497	19.59240913	18.58697319	19.3332634	19.87236023
XP_055000404.1;XP_055000402.1	24.78351784	24.52270889	21.7320652	23.19562531	24.13531876	24.07381821	23.32292366	23.92170715	23.99092293	23.91323853	20.32659531	19.88229752	23.40937614	23.29501915	19.22605896	23.4582634	19.65350151	23.37755966	19.32765579	24.32450485	20.32945824	24.47103691	21.82049751	23.99869156
XP_055000442.1;XP_055000441.1	21.09222984	19.68017006	20.67391968	20.94034195	19.1723175	19.13056946	20.67899895	20.66674423	21.76304054	20.70859909	20.69718742	20.41977501	20.54283524	20.32728958	19.61732864	20.96655846	19.55798721	19.96564293	20.10226822	19.29714394	20.2324543	19.02874374	20.73288345	19.50076485
XP_055000664.1;XP_055000651.1;XP_055000650.1;XP_055000461.1	19.16726875	19.00247192	23.23183823	19.61261177	19.62361908	17.67149353	18.91784668	20.05561447	22.52296066	23.18439293	20.03082466	23.80744743	24.3048687	22.49816513	19.30228996	18.68352509	24.40898705	18.94965553	23.74304008	18.67890358	19.51955414	22.4545784	19.4741497	18.16279602
XP_055000535.1;XP_055000176.1	21.43629074	22.95707512	21.56667328	20.49022865	22.38658714	22.29717636	21.72554779	21.9712677	21.66968727	22.56467438	21.62685013	22.20111084	21.77217293	21.53107643	21.77667809	22.44093513	24.43058586	20.77611542	21.30524445	24.3742466	19.28260231	22.26484871	21.55182648	22.81307602
XP_055000539.1	25.42550468	25.27426529	25.5606041	25.17245483	25.60738373	26.98750114	29.44430923	27.74143219	27.56369209	27.32362747	28.11043358	27.62825775	27.77962875	27.35883904	27.61995888	26.90655708	26.82432365	26.78917694	26.68925858	26.95127106	26.64663887	26.67667198	27.10888863	27.062603
XP_055000554.1	22.77944565	23.16848946	22.4855442	21.82213211	23.31215858	23.4832077	21.97896767	22.66399002	22.50523376	23.1799221	22.054739	21.94467354	22.27710724	21.9289341	21.84651566	23.25954247	21.70687294	21.7227993	21.99838066	23.71418762	22.94802856	22.34057999	22.69023514	22.32898903
XP_055000561.1	26.14265823	25.94192314	27.39680862	26.42822266	26.49426842	25.79280472	25.94069099	26.28453827	26.57917023	25.37022781	26.53130341	25.76905823	25.68779182	25.4461956	26.62895393	25.76996613	25.22022247	25.86164284	25.4833622	26.56809235	25.99742126	25.32202911	26.06045914	25.9390564
XP_055000643.1	24.32704353	23.42380714	23.78206825	23.5685997	24.29684067	23.65818214	23.76658249	23.70977783	23.8912468	24.1913681	23.13825798	23.48480606	24.00178528	24.17957115	24.09426117	24.87356758	23.65425301	24.56424332	23.82851791	24.41963387	23.83412552	23.4168663	25.20791626	24.16138649
XP_055000737.1	21.09976196	20.47169495	19.6867466	20.91371346	20.71205521	20.179739	20.6633606	21.0034008	20.82818985	19.73483276	21.32619286	21.60317993	20.77128601	19.30373573	18.83288574	19.13804054	20.93876457	20.86249542	19.95474434	21.52387047	20.93416214	21.10496712	21.85787201	20.6557827
XP_055000758.1	24.50724411	23.92388344	23.05849266	23.12628555	23.13689804	23.96657562	23.87164116	24.17843246	24.00547409	22.74194908	24.1735611	23.26927948	23.76880455	23.57114792	22.73065567	22.48271561	22.45332336	23.94735146	22.63922501	22.80193329	23.16146469	23.29305649	22.55499077	22.61661148
XP_055000830.1	19.76186752	22.40649796	23.39871788	19.37841034	22.86876297	22.28726196	23.44278336	20.28179741	23.92560577	23.02379227	19.40195084	22.27124786	22.58010292	20.84819794	22.0705471	18.885746	18.8854847	18.09017563	17.99211502	19.09245491	20.18538666	20.03479576	19.57769394	17.25109482
XP_055000941.1;XP_055000940.1	24.42021179	21.89041138	23.23038864	21.79344368	22.19234657	22.31658554	22.24100685	21.98908806	22.02685165	22.72554779	21.29384232	21.37172318	21.82900238	21.70459366	23.71994019	22.58936882	21.23753929	22.70981979	22.54707909	21.7318573	21.28246117	21.14873695	22.12811279	21.71900177
XP_055000975.1;XP_054974407.1	26.1062355	25.71216774	26.3748436	25.9882164	25.47732162	25.91380882	26.60949898	26.51460648	25.94891167	24.73541641	25.33990669	25.0290947	26.56174088	25.57888222	25.29694557	25.06159401	24.80857658	25.84153366	25.36643028	24.81416321	25.27486992	25.0252552	25.5280571	25.30632973
XP_055001202.1	21.70214462	20.59732437	23.14127159	23.41531944	22.3742733	22.38824272	22.47325706	22.72332001	21.96229362	22.64317322	23.32017136	24.12162971	22.82574654	21.31926155	22.34673309	22.02924728	24.63112068	24.00564575	24.0122261	23.03424263	22.25225449	22.60113907	23.64987564	23.27184677
XP_055001205.1;XP_055001204.1;XP_055001203.1	24.20977592	23.90820694	23.5114727	24.24474144	23.04251671	22.72527695	23.8475666	22.88818359	23.39165497	24.29858971	23.66220856	23.65195656	22.66290474	22.77396393	22.85136604	23.07476616	23.43083954	22.46916199	23.73624229	23.16809273	23.20915222	23.16264725	22.77782059	21.63387108
XP_055001357.1;XP_055001356.1	24.58966637	23.74806595	24.27020645	23.43109512	24.63677216	24.86886597	24.06365204	23.3858757	24.44082069	25.05994415	23.44871902	23.57819176	23.79798126	24.75837135	24.57496262	25.52569962	24.19610405	24.93292046	24.75205421	24.95433617	24.77766037	24.68383598	24.85081291	24.95628738
XP_055001411.1;XP_055001414.1;XP_055001413.1;XP_055001410.1;XP_055001412.1;XP_055003084.1;XP_055003083.1;XP_055003082.1	23.75938797	22.4314518	23.72941208	24.19370079	23.1639061	22.51193047	23.5903511	23.41725349	22.93811798	21.84720421	23.23445702	24.17615128	24.38607407	23.00835037	23.91278267	23.44012451	23.48382187	22.78318787	23.51255798	23.39270401	24.49075508	23.94984627	24.0444355	23.86192703
XP_055001420.1;XP_055001421.1;XP_055001422.1	22.24962425	21.25695419	22.85346222	22.71437645	22.252285	19.58588409	22.29790497	22.39699364	22.35186195	21.82555199	20.99913788	21.79859543	21.89471054	21.36137199	21.93473816	21.66683006	21.84299088	21.17590714	21.97760582	21.08822441	22.22476196	21.05231857	21.95578194	21.72100639
XP_055001434.1	26.87467003	26.58663368	26.58978081	25.45129967	26.62086868	26.6857872	27.01350403	27.50157547	27.17987633	26.96201515	27.34612656	27.32474518	27.4194088	27.17102432	27.43706322	26.57405281	27.44766235	26.66817284	27.18555832	26.64306259	26.76027679	26.21243286	27.38738823	26.68832588
XP_055001480.1	17.95435524	19.78985786	21.35563087	20.99603844	20.6517601	18.69192696	16.28592682	19.27224922	20.4674511	19.8519783	21.95564079	22.85256767	19.33649254	21.58838463	23.63500214	23.56010818	23.15583992	23.89421082	23.54274178	21.9599247	22.10066032	21.36238861	24.36812973	22.9699688
XP_055001485.1	26.35085487	24.97469521	26.59448624	26.29031563	25.89490318	25.16606903	25.76749229	25.78865433	25.77565193	25.18676758	26.34575462	26.22670364	26.24907112	25.63189697	24.84522438	24.5077877	23.64350319	24.40950394	24.82851791	21.35229301	23.1923027	24.48566628	25.04597664	24.03975868
XP_055001496.1	21.11958885	20.31495094	22.25473595	22.75786209	21.10392761	19.59862137	19.66610336	19.8380146	20.84362411	20.97288132	21.1221199	21.69510841	21.81889915	18.65687752	19.10842323	19.19319344	20.64491272	20.61852646	21.41730499	19.94260788	20.93668175	20.37602425	20.2054615	21.80392456
XP_055001542.1;XP_055001541.1	24.18381691	24.05556488	23.4522419	22.94349289	24.91296387	24.39217949	23.93948174	24.19835472	24.03900528	24.46562958	24.49753189	24.29614067	23.99360466	23.66763306	24.49874878	23.81899643	24.58221817	23.3001976	23.48123741	25.14156723	23.44606972	22.36895561	23.7090416	23.93409157
XP_055001571.1	19.43876076	18.20778656	21.15406418	22.26158142	21.69225883	19.59288216	19.29185486	18.92012787	21.02276039	20.55356216	20.40729332	22.37137794	19.37953568	18.23829842	19.20181084	20.2508812	23.18234825	20.95978355	21.64601135	20.691576	22.43254852	22.38629723	20.76668358	22.20185852
XP_055001755.1	27.47258759	26.52933884	27.00131416	27.10409546	26.73750496	27.30269241	27.39329338	27.56281853	27.43213081	26.81017113	27.67976189	27.56267357	27.39009857	27.07887459	26.6971035	26.45265007	26.5753231	27.06383705	27.33951569	26.93449593	26.59775734	27.00646019	27.24109077	26.99474716
XP_055001756.1	24.71717072	23.80744743	26.21226501	25.17729187	24.5266552	23.5892086	25.14460564	25.39708519	24.67589188	23.48726273	24.38660049	24.56075096	25.11386299	24.18427277	25.26119423	24.52933884	24.65140915	24.21237564	24.25875282	23.28474998	24.7113018	24.83499336	25.05953217	24.51008415
XP_055001764.1	24.89407158	24.01290894	24.69359779	23.50312424	23.97281075	24.03431129	25.20497322	24.65173721	24.51020622	24.28616142	23.941185	24.62895393	24.4506073	24.87150002	24.38975334	23.63809967	22.15310478	23.14364052	24.88250351	23.80232811	24.47747612	24.38975334	23.48603439	24.17073822
XP_055001774.1;CON__Q03247	26.29203796	27.4761467	27.70563126	26.85519409	26.56305122	27.83864021	27.50309372	27.81164169	27.35514641	27.3250885	27.99269676	27.63540268	27.46940804	26.89908218	27.88116264	26.94614792	26.8289299	26.94603539	26.87185287	26.36706352	26.65676498	26.55316544	27.79104042	26.77956581
XP_055001793.1;XP_055001792.1	20.76101303	20.38826942	20.53582954	18.89717674	20.40020752	20.65079498	21.29591751	20.84153366	21.25384331	20.44273376	21.35697365	18.2816391	20.27002144	19.54258537	20.13433075	19.72015381	18.86493301	20.90709496	20.32717896	18.84836578	23.44632149	19.40083504	20.7365303	19.73443222
XP_055001961.1	22.04276657	22.73595238	24.03573799	23.93264961	23.31257439	23.26341629	22.90574837	23.47815514	21.5128231	22.82962227	23.44670105	23.02040482	22.94206238	23.00865746	22.83986282	24.47227859	25.01452637	24.27838326	24.99864769	23.2803669	24.98711205	24.47667122	23.84766388	24.81850815
XP_055002095.1	21.35455513	23.61784554	21.57131004	19.68404388	19.90384865	22.19041824	21.88792229	22.24431992	23.80921555	21.15887833	22.19403267	19.6121273	21.91386032	21.97305679	21.17041588	20.32750893	19.48041725	21.47990608	20.38110733	20.6844883	23.5703373	19.28376389	22.4282608	18.81740761
XP_055002112.1	19.67479706	20.91195869	20.7711277	19.07825279	21.60004997	23.06613541	20.91217804	21.73231316	18.63496208	18.33247757	18.65480995	21.62091255	22.14740181	20.90426064	19.30376244	20.83938217	19.85702705	21.97652245	19.21604156	21.913311	22.14603615	19.98502922	19.92982483	21.64262199
XP_055002167.1	24.36853027	23.46712303	22.24234581	23.53528404	23.56534767	23.17163849	23.39845657	22.79914856	22.77043915	22.92976379	23.3001976	22.88864708	23.76385117	22.65929222	23.33606339	22.26172447	19.208601	22.94975853	22.11673737	22.7207756	22.64006424	23.62354851	22.71481514	22.67777443
XP_055002170.1	19.93999863	20.46368217	20.81472015	20.65543365	21.10897636	19.85285187	19.78850746	19.97098732	19.46219826	19.03880882	20.04495239	20.95971298	19.53168678	19.73069954	20.69302368	20.82197571	21.99672699	18.4508152	21.88431168	22.46943665	20.32553291	21.31135559	20.99424362	21.06295967
XP_055002191.1	22.48192787	20.20663452	24.18873024	24.28848648	24.32141113	22.7033062	21.52497101	20.71565437	21.59350014	23.25018883	24.71030235	24.84321213	23.51701164	24.11719704	23.21068382	24.0771637	26.68471909	24.22000122	25.02896881	23.59866524	24.55233002	23.54686737	23.59411621	24.43999672
XP_055002231.1	24.24307251	22.88494492	22.80933189	22.44374466	22.9425087	23.41131592	23.26527786	23.48357582	22.80766296	22.68527985	22.53086281	23.20007706	22.93910408	23.76729012	22.97459793	22.16223335	22.06776047	22.94023514	22.09503555	22.66566086	23.6971035	21.99355125	22.16303253	22.78580284
XP_055002285.1	18.83678436	21.42347336	22.02880859	21.48620605	20.82787895	19.09797478	20.11589813	22.1576767	18.92339325	19.8958683	20.11845016	19.18095398	19.93823624	17.96865845	23.36892891	19.08258247	20.82687187	18.69324303	18.69576645	18.90117264	21.85441399	19.67590904	20.16047478	18.99046326
XP_055002292.1;XP_004608530.2	23.88269043	23.0756321	24.6607399	24.28340912	22.86194611	23.93822479	24.18533134	23.7038765	24.35238838	24.09127808	23.33360863	23.44455338	23.59240532	22.83807373	23.18327332	22.11184311	22.48704147	22.53447723	23.02169418	23.38047028	22.53670692	24.59849548	22.08705902	23.60184288
XP_055002318.1	20.81807899	18.5281601	21.71284485	17.89449501	20.35500145	19.02040291	21.44379616	21.65896606	21.99441528	21.61728477	22.08890343	19.35564232	21.59791565	19.86930466	22.57144928	18.99308586	20.41864967	19.32803535	20.9717598	22.55177879	21.69693375	18.78032875	22.08264732	21.8867321
XP_055002328.1;CON__Q3MHN2	22.95732307	21.91119194	22.99664116	22.57812309	22.60206985	22.7874794	22.72598457	22.16426086	22.70817757	23.24788857	21.95751953	22.08864403	21.53985786	21.71494102	22.47808075	23.03873825	21.67400551	21.91838074	21.94538879	23.39741325	23.47938919	22.88265228	23.61031723	23.30994225
XP_055002329.1	20.3644352	20.77780151	19.94631958	19.82712936	20.39905739	21.87271309	21.75731277	19.00554276	21.08563232	20.98203468	20.63156509	21.35229301	21.16735649	21.75670242	20.35584641	20.6032238	20.05271721	19.87657738	20.22458649	19.47149658	18.79072762	20.80199242	20.43389893	20.28138733
XP_055002351.1	21.28008461	20.12161446	20.35616875	21.1599865	20.51720428	20.95105743	20.7614994	20.9044075	21.50717163	21.02958298	20.86831093	19.97589302	20.567276	20.00333214	19.90065002	19.01528549	19.11974144	20.53820038	20.46213913	19.75533485	19.05641937	21.75800514	20.04404831	20.80978394
XP_055002469.1;XP_055002466.1;XP_055002459.1;CON__Q3SX14	21.98415756	21.8145237	22.08958244	22.69542694	22.36113167	23.04281616	23.08615112	22.12889862	22.32879639	23.84278107	22.45174026	21.97224998	22.15607262	22.0952282	22.92194176	22.56799507	21.26899338	22.56374359	21.39749146	22.97016335	24.13758659	22.43099403	22.1619873	21.61571312
XP_055002570.1;XP_055002552.1;XP_055002581.1;XP_012787504.2	20.98147774	19.94379044	21.59850693	21.63812065	18.62429237	20.97889709	18.63290405	20.61907768	21.14749527	19.52552414	20.90859222	21.12243652	21.48895454	19.50477409	20.56560326	21.65320396	20.92564201	19.66195297	21.28483582	21.20161819	20.93847656	21.09177971	20.91012955	22.28209496
XP_055002587.1;XP_055002586.1;XP_055002585.1	21.15288925	21.72467422	22.81250954	22.82215118	21.9452095	20.94055748	22.70575523	23.34962273	23.04485321	21.87008095	22.73318291	22.35836983	23.23994446	21.99486351	22.66020775	22.80528259	21.52659416	20.2035923	21.8233757	21.39089584	22.37081909	21.40639305	23.90839005	22.83029938
XP_055002593.1;XP_004615892.1;XP_004615891.1	21.09158516	18.15656662	22.87844849	22.2551403	20.52267265	19.74534035	20.34494591	21.50368118	21.15127945	20.7179985	21.46018982	19.74289894	21.86442375	20.2831974	18.9045372	19.47514343	21.07959175	19.25082016	21.44495773	19.7134552	20.10827446	21.03919029	21.47233963	21.6167469
XP_055002620.1	21.99393272	21.57454681	20.62706947	20.64554787	21.55543518	22.00030899	22.32113457	21.88181305	22.32132721	22.10622978	22.37732124	21.97379303	21.68281746	21.97088242	21.12909698	18.20192337	21.4246521	21.69195938	21.72075462	19.35938454	21.73322296	21.78316689	19.52396393	21.61040688
XP_055002622.1	22.46356201	21.66795731	21.97010994	22.07737732	21.98600006	22.14332771	22.27454948	22.43234444	22.52616501	22.60632324	22.37276077	22.08786774	22.06493568	23.40587425	22.18428612	21.54089737	18.38479614	21.27410316	21.65983772	18.6671505	19.08199883	19.46539879	21.56393051	21.36452866
XP_055002796.1;XP_055002795.1;XP_055002794.1;XP_055002793.1;XP_055002792.1;XP_055002791.1;XP_055002790.1;XP_055002789.1;XP_055002788.1;XP_055002787.1;XP_055002786.1;XP_055002785.1;XP_055002784.1;XP_055002783.1;XP_055002782.1	18.47253609	19.07213593	21.18046761	19.4376297	19.52450943	20.73892403	19.62857437	18.68944168	22.11308479	19.64280319	19.31887436	19.18806076	21.24091911	19.61886787	21.31351662	21.14867592	19.42832375	18.25619888	22.97706413	21.28376198	21.57329941	20.10489464	21.49589729	21.37655449
XP_055002954.1	20.55786705	19.0526619	20.11794281	21.92248726	22.17105865	19.08373451	20.32190514	19.32501602	21.3361454	20.03025818	21.08505058	20.67891312	20.07754517	20.06118202	20.53440475	20.53250504	23.01045227	20.29176521	21.96006775	21.6713295	22.46787071	24.48136139	22.12874222	23.0165844
XP_055002965.1	20.71975327	19.30498886	20.54274178	21.14979172	21.2399292	20.54999542	20.71615601	19.36250496	19.7525444	20.63413811	20.02580452	20.75238037	19.49239349	20.28206635	20.03441048	18.55186844	19.03350639	18.86266708	19.50150681	19.54929733	20.55889511	19.82961464	20.47328186	20.31340599
XP_055002994.1	22.67148209	22.19748497	23.04981232	23.24392891	22.59780312	22.08362198	22.81874275	23.14929581	23.36946297	22.6254673	23.07491302	22.64260101	22.83306313	22.4423027	22.40579605	22.12505722	23.40223503	22.22343636	22.46921158	21.69255638	22.74040604	23.01471329	23.11779976	22.59662056
XP_055003001.1;XP_055003003.1;XP_055003002.1	21.77499008	21.22799683	22.25401688	21.36516953	21.00518227	21.61759758	22.07822418	21.73620033	21.22564507	21.72999191	21.71569633	21.33483696	20.97070694	21.56229973	22.07910347	21.55403137	20.96253967	21.56216049	21.32476425	22.0401268	21.51710892	21.33095932	21.63573265	22.25499535
XP_055003012.1	24.00821304	23.07465172	23.50275993	22.94802856	22.95622444	23.53990555	23.93409157	23.61930084	23.62745094	23.50142479	24.14055443	23.97666168	23.87623978	22.92971039	23.48234558	23.00285149	22.79916763	22.9066124	23.16556358	23.54980659	23.65763664	22.66390228	23.65162849	23.77424622
XP_055003018.1;XP_054976904.1	22.81197929	20.21276665	23.97867012	22.98863792	22.88983536	21.98422813	23.04436874	21.8589344	22.72190285	20.84529114	22.68709755	22.96266365	22.33984566	18.66728401	23.07661057	22.69374657	24.01665306	21.33057594	23.60467339	22.32671356	24.24263573	24.53516579	23.43491745	24.10237503
XP_055003057.1	21.21779823	19.49390221	21.12351036	21.02242279	20.80286026	20.07038307	19.65783119	19.74401665	20.27127647	20.62256622	22.00367355	20.78907204	18.81722641	19.68714905	21.09294128	21.76166153	20.49950409	20.1679821	21.79938507	21.79550743	21.43486595	20.39957809	21.16195679	20.90895844
XP_055003117.1	23.84134102	23.37291908	24.34435081	24.52754974	23.64107895	23.61211777	21.94256401	23.95996094	23.58989525	23.93309975	24.30598259	24.49899292	24.33892059	24.05399323	24.22096062	23.70935631	25.02972794	23.74057198	24.66220856	24.13014221	23.89984322	24.3817234	24.0383358	24.64069366
XP_055003122.1	22.62553406	22.69153404	23.27951813	23.7010231	22.61892128	22.80766296	22.80293846	23.28785324	22.33062935	22.45853806	23.1818943	22.58584404	22.76480293	23.27469254	22.83949661	22.02783012	22.54790306	21.86370468	22.3097744	22.33638954	22.85952187	22.49816513	22.29594421	22.76686668
XP_055003129.1;XP_055003128.1	24.14499283	24.12746811	25.30806732	25.64603424	24.64019775	23.51448631	24.60421944	24.21837616	25.19955444	23.57830811	25.06698036	24.95606613	24.60076523	24.71067047	24.57911301	24.49014282	25.26449203	23.92397499	24.95006943	23.60070801	24.26112366	24.51364326	25.17066193	24.81416321
XP_055003131.1;XP_055003134.1	20.99237633	23.30117416	21.96525574	21.48664856	22.049263	21.74184799	21.6355114	21.39409256	21.76417542	21.18101311	22.20800591	21.98516655	22.10488701	22.0826149	22.00710106	21.82411575	22.28373337	20.97743034	21.54689026	22.9345417	22.96146393	21.40041161	21.38874245	21.37044716
XP_055003144.1	22.83082199	23.26713753	24.6711998	25.58293533	23.93219948	23.94592476	22.87876701	24.15182114	22.68953133	23.3194828	24.43529892	24.94337654	24.36506271	23.43568039	23.46500778	24.05589676	24.69189644	23.09687042	24.8754425	22.37294579	24.58817863	24.08399582	24.35063553	25.04685211
XP_055003147.1	20.83882332	18.52487564	21.23145866	19.8121357	18.25637245	18.35024834	22.9032135	20.39387894	18.73064041	22.11037827	22.30340576	22.85210991	20.22381592	19.19828224	21.68598557	20.60666275	19.88762474	20.18228531	20.57717896	22.16536522	21.691576	21.08964729	21.22652817	19.9160347
XP_055003189.1	18.63559151	22.39644623	24.04051208	24.39923859	24.07030106	21.1382122	22.36329842	23.34475708	22.96523857	22.8768959	23.30591202	23.8834362	23.0310154	22.55269432	22.81164742	23.46388626	24.2877121	23.15554619	23.92578697	22.45951462	23.77142715	23.42700768	23.73551941	24.29452896
XP_055003191.1	20.96902084	20.27232361	22.35116196	21.96553802	21.36383247	19.29891586	21.54037857	21.29580498	21.62368393	19.47668839	20.85764313	18.94198799	21.48054695	20.80632591	18.72855949	21.20317268	21.95098495	19.93347931	19.62736893	19.21169281	21.06045532	20.92172432	21.63325119	21.11152458
XP_055003254.1	22.95093155	22.33821487	22.56520844	22.19577408	22.50222588	21.44212532	21.6001873	22.46183968	23.10456848	22.0560627	20.00138283	23.31796646	22.39741325	22.08193398	18.864151	21.98478508	19.23728943	21.45558167	20.14455605	18.69479942	21.28850174	21.80990219	22.42800522	20.87395096
XP_055003261.1;XP_055003260.1	22.19484329	17.90474319	21.48777771	20.39444351	19.33436012	20.57403946	21.57680893	21.72779274	20.4125576	20.9904232	20.60530663	19.48591232	19.58671951	18.25716972	21.49208832	20.89282227	20.05715561	18.63397789	20.69455528	19.67973328	20.76652336	19.61150742	20.61284637	21.55449867
XP_055003262.1	24.95553398	24.08464432	25.87876701	26.40091705	26.4800663	24.0899868	24.96424294	25.1710434	23.93021584	23.87605286	25.28993034	26.3012619	25.72538567	25.45315361	25.41551399	25.90343475	26.86985397	25.52608681	26.76926041	25.89356232	26.14514923	26.82383728	25.69216156	26.9063282
XP_055003263.1	19.15184975	18.39852524	23.0297699	23.91369438	23.38284492	18.61050987	19.66507339	18.59220886	20.33636284	18.73112106	22.41188622	21.33603668	18.71041679	19.09223747	18.94485092	22.7766571	25.28171158	21.15276527	24.65589142	22.06378365	23.87558365	23.8426857	19.64078903	23.75959015
XP_055003303.1	21.05483818	21.85094643	22.92716217	22.42434502	22.90903091	23.92370224	25.24041748	23.23874855	23.7850647	24.85262489	23.6806736	23.4661274	24.39440536	23.63311768	23.84479332	23.97324944	21.66487885	24.34996033	22.66181755	24.72665977	24.72889328	23.21323776	24.91104507	23.43377113
XP_055003304.1	19.52391052	19.52440834	23.98494148	22.3062191	22.87449646	23.3840313	24.19309998	23.052351	23.97132111	23.98163414	23.77976608	22.39393425	23.30772018	23.25652313	24.14304733	24.66611481	22.86113167	22.9443512	21.27361107	24.65146446	24.33306313	21.29401016	24.67938614	23.54333115
XP_055003305.1	24.15653419	25.76319313	26.56117249	25.17058372	26.1042366	26.19844818	27.89284515	26.17477989	26.13147736	27.16394234	26.8256588	26.68912506	26.37391472	26.21573067	26.93055344	26.69895935	25.02284431	25.6624794	26.04435158	27.27914619	27.52140617	25.79302788	26.52681923	26.64333916
XP_055003325.1	22.13339043	21.98151207	22.13893127	19.68674469	21.71389389	22.5470562	21.69319344	22.06486893	22.13028336	22.11162186	22.34258842	22.12461472	22.32756424	22.1282692	22.83256149	22.12682152	21.64899826	22.39474678	22.12420464	21.30117416	19.7845211	21.12275124	22.14360809	21.40706825
XP_055003328.1;XP_055003329.1	25.27270126	24.93156815	25.44037819	25.65654564	25.70653915	24.43345261	24.74422073	25.4080143	24.79481316	24.9057312	25.04980278	25.85576439	25.18846512	25.46985817	25.24099922	25.39884758	26.06796455	25.12817574	25.88588142	25.38830948	25.61582565	25.98526573	25.60693359	26.31527328
XP_055003377.1;XP_054999410.1	23.14245605	23.76253319	23.73355484	23.89319229	22.87590218	23.52575874	23.65359688	23.8080368	23.57588577	23.29459953	23.74457932	23.2990799	23.23717499	23.28178215	22.73283005	22.35844994	22.59996033	22.6170826	22.51491928	22.34483719	22.31633759	22.05019379	23.14342117	22.70773506
XP_055003475.1	22.88386536	18.50054932	22.42562485	22.56767082	20.62086868	22.10274315	23.03972435	23.13918114	22.55363274	22.05109024	23.97132111	22.44753265	22.17197418	22.03942299	23.20247078	22.73243713	22.70528984	22.50181198	23.14718437	22.37273407	23.37689781	22.13417435	22.8314991	23.90288162
XP_055003477.1	22.2907238	18.12939835	22.77295876	22.95471764	22.20463753	18.41945076	18.60434723	22.46886444	20.73446465	21.17285919	20.91838074	22.6735096	20.96345711	22.17660713	22.78456688	23.23717499	22.6957016	22.57980347	22.63309479	23.10599136	23.53801155	23.72993088	23.61178017	24.15668869
XP_055003580.1;XP_055003569.1	24.67287445	24.04635239	25.38304329	25.50588226	25.05345345	23.88222313	24.53913498	24.75205421	23.87051392	24.24321747	25.19625473	25.3877182	25.45572662	25.00744438	25.06722641	24.83937263	25.33309746	24.79168701	25.45274544	25.15865517	25.22228813	25.31858635	25.44069481	25.2110405
XP_055003627.1;XP_055003626.1	23.77223396	22.59648323	23.63931465	23.81097984	22.08841896	22.36962128	23.70345497	23.22332001	22.90334129	21.80770302	22.08566475	22.50166702	22.90996552	22.23388672	22.0104866	21.94817162	21.62435341	21.65770149	22.1979351	21.98558426	22.61654472	22.15508461	22.03828621	22.44045448
XP_055003628.1	23.88072968	24.06406403	24.39329338	22.29468346	22.04206467	24.55993462	24.69784546	24.39159012	24.09264946	24.2290535	24.85071754	24.17295074	24.11878204	22.37819481	24.30431175	23.97814751	23.43542671	22.84028625	23.36972809	22.63752365	23.26799393	19.41637611	23.88697433	23.89254379
XP_055003639.1	21.7891922	21.0401268	18.62799072	18.42287445	20.2266674	17.68351173	22.08436775	19.55972672	20.14419937	18.83690834	20.64227104	21.02823448	20.25118637	19.29265976	20.45111084	19.91770172	19.60648727	19.67379379	18.52051544	20.27503395	22.15325928	21.31970215	19.74114799	20.16300011